// Auto-generated by gen_g2p_data.py — DO NOT EDIT.
// 汉字(UTF-8码点) -> 带声调拼音音素串(空格分隔)，按码点升序排序，供二分查找。
// 共 20924 条 (CJK 基本区 U+4E00..U+9FFF)。
struct G2pEntry { unsigned int cp; const char* phones; };
static const G2pEntry kG2pTable[] = {
    {0x4E00, "\x79\x20\xc4\xab"},
    {0x4E01, "\x64\x20\xc4\xab\x6e\x67"},
    {0x4E02, "\x6b\x20\xc7\x8e\x6f"},
    {0x4E03, "\x71\x20\xc4\xab"},
    {0x4E04, "\x73\x68\x20\xc3\xa0\x6e\x67"},
    {0x4E05, "\x78\x20\x69\xc3\xa0"},
    {0x4E06, "\x68\x20\xc7\x8e\x6e"},
    {0x4E07, "\x77\x20\xc3\xa0\x6e"},
    {0x4E08, "\x7a\x68\x20\xc3\xa0\x6e\x67"},
    {0x4E09, "\x73\x20\xc4\x81\x6e"},
    {0x4E0A, "\x73\x68\x20\xc3\xa0\x6e\x67"},
    {0x4E0B, "\x78\x20\x69\xc3\xa0"},
    {0x4E0C, "\x6a\x20\xc4\xab"},
    {0x4E0D, "\x62\x20\xc3\xb9"},
    {0x4E0E, "\x79\x20\xc7\x94"},
    {0x4E0F, "\x6d\x20\x69\xc7\x8e\x6e"},
    {0x4E10, "\x67\x20\xc3\xa0\x69"},
    {0x4E11, "\x63\x68\x20\xc7\x92\x75"},
    {0x4E12, "\x63\x68\x20\xc7\x92\x75"},
    {0x4E13, "\x7a\x68\x20\x75\xc4\x81\x6e"},
    {0x4E14, "\x71\x20\x69\xc4\x9b"},
    {0x4E15, "\x70\x20\xc4\xab"},
    {0x4E16, "\x73\x68\x20\xc3\xac"},
    {0x4E17, "\x73\x68\x20\xc3\xac"},
    {0x4E18, "\x71\x20\x69\xc5\xab"},
    {0x4E19, "\x62\x20\xc7\x90\x6e\x67"},
    {0x4E1A, "\x79\x20\xc3\xa8"},
    {0x4E1B, "\x63\x20\xc3\xb3\x6e\x67"},
    {0x4E1C, "\x64\x20\xc5\x8d\x6e\x67"},
    {0x4E1D, "\x73\x20\xc4\xab"},
    {0x4E1E, "\x63\x68\x20\xc3\xa9\x6e\x67"},
    {0x4E1F, "\x64\x20\x69\xc5\xab"},
    {0x4E20, "\x71\x20\x69\xc5\xab"},
    {0x4E21, "\x6c\x20\x69\xc7\x8e\x6e\x67"},
    {0x4E22, "\x64\x20\x69\xc5\xab"},
    {0x4E23, "\x79\x20\xc7\x92\x75"},
    {0x4E24, "\x6c\x20\x69\xc7\x8e\x6e\x67"},
    {0x4E25, "\x79\x20\xc3\xa1\x6e"},
    {0x4E26, "\x62\x20\xc3\xac\x6e\x67"},
    {0x4E27, "\x73\x20\xc3\xa0\x6e\x67"},
    {0x4E28, "\x67\x20\xc7\x94\x6e"},
    {0x4E29, "\x6a\x20\x69\xc5\xab"},
    {0x4E2A, "\x67\x20\xc3\xa8"},
    {0x4E2B, "\x79\x20\xc4\x81"},
    {0x4E2C, "\x71\x20\x69\xc3\xa1\x6e\x67"},
    {0x4E2D, "\x7a\x68\x20\xc5\x8d\x6e\x67"},
    {0x4E2E, "\x6a\x20\xc7\x90"},
    {0x4E2F, "\x6a\x20\x69\xc3\xa8"},
    {0x4E30, "\x66\x20\xc4\x93\x6e\x67"},
    {0x4E31, "\x67\x20\x75\xc3\xa0\x6e"},
    {0x4E32, "\x63\x68\x20\x75\xc3\xa0\x6e"},
    {0x4E33, "\x63\x68\x20\xc7\x8e\x6e"},
    {0x4E34, "\x6c\x20\xc3\xad\x6e"},
    {0x4E35, "\x7a\x68\x20\x75\xc3\xb3"},
    {0x4E36, "\x7a\x68\x20\xc7\x94"},
    {0x4E37, "\x62\x20\xc4\x81"},
    {0x4E38, "\x77\x20\xc3\xa1\x6e"},
    {0x4E39, "\x64\x20\xc4\x81\x6e"},
    {0x4E3A, "\x77\x20\xc3\xa8\x69"},
    {0x4E3B, "\x7a\x68\x20\xc7\x94"},
    {0x4E3C, "\x6a\x20\xc7\x90\x6e\x67"},
    {0x4E3D, "\x6c\x20\xc3\xac"},
    {0x4E3E, "\x6a\x20\xc7\x94"},
    {0x4E3F, "\x70\x20\x69\xc4\x9b"},
    {0x4E40, "\x66\x20\xc3\xba"},
    {0x4E41, "\x79\x20\xc3\xad"},
    {0x4E42, "\x79\x20\xc3\xac"},
    {0x4E43, "\x6e\x20\xc7\x8e\x69"},
    {0x4E44, "\x77\x20\xc7\x94"},
    {0x4E45, "\x6a\x20\x69\xc7\x94"},
    {0x4E46, "\x6a\x20\x69\xc7\x94"},
    {0x4E47, "\x74\x20\x75\xc5\x8d"},
    {0x4E48, "\x6d\x20\x65"},
    {0x4E49, "\x79\x20\xc3\xac"},
    {0x4E4A, "\x79\x20\xc4\xab"},
    {0x4E4B, "\x7a\x68\x20\xc4\xab"},
    {0x4E4C, "\x77\x20\xc5\xab"},
    {0x4E4D, "\x7a\x68\x20\xc3\xa0"},
    {0x4E4E, "\x68\x20\xc5\xab"},
    {0x4E4F, "\x66\x20\xc3\xa1"},
    {0x4E50, "\x6c\x20\xc3\xa8"},
    {0x4E51, "\x79\x20\xc3\xad\x6e"},
    {0x4E52, "\x70\x20\xc4\xab\x6e\x67"},
    {0x4E53, "\x70\x20\xc4\x81\x6e\x67"},
    {0x4E54, "\x71\x20\x69\xc3\xa1\x6f"},
    {0x4E55, "\x68\x20\xc7\x94"},
    {0x4E56, "\x67\x20\x75\xc4\x81\x69"},
    {0x4E57, "\x63\x68\x20\xc3\xa9\x6e\x67"},
    {0x4E58, "\x63\x68\x20\xc3\xa9\x6e\x67"},
    {0x4E59, "\x79\x20\xc7\x90"},
    {0x4E5A, "\x79\x20\xc7\x90\x6e"},
    {0x4E5B, "\x79\x20\x61"},
    {0x4E5C, "\x6d\x20\x69\xc4\x93"},
    {0x4E5D, "\x6a\x20\x69\xc7\x94"},
    {0x4E5E, "\x71\x20\xc7\x90"},
    {0x4E5F, "\x79\x20\xc4\x9b"},
    {0x4E60, "\x78\x20\xc3\xad"},
    {0x4E61, "\x78\x20\x69\xc4\x81\x6e\x67"},
    {0x4E62, "\x67\x20\xc3\xa0\x69"},
    {0x4E63, "\x6a\x20\x69\xc7\x94"},
    {0x4E64, "\x78\x20\x69\xc3\xa0"},
    {0x4E65, "\x68\x20\xc3\xb9"},
    {0x4E66, "\x73\x68\x20\xc5\xab"},
    {0x4E67, "\x64\x20\xc7\x92\x75"},
    {0x4E68, "\x73\x68\x20\xc7\x90"},
    {0x4E69, "\x6a\x20\xc4\xab"},
    {0x4E6A, "\x6e\x20\xc3\xa1\x6e\x67"},
    {0x4E6B, "\x6a\x20\x69\xc4\x81"},
    {0x4E6C, "\x6a\x20\xc3\xb9"},
    {0x4E6D, "\x73\x68\x20\xc3\xad"},
    {0x4E6E, "\x6d\x20\xc7\x8e\x6f"},
    {0x4E6F, "\x68\x20\xc5\xab"},
    {0x4E70, "\x6d\x20\xc7\x8e\x69"},
    {0x4E71, "\x6c\x20\x75\xc3\xa0\x6e"},
    {0x4E72, "\x7a\x20\xc4\xab"},
    {0x4E73, "\x72\x20\xc7\x94"},
    {0x4E74, "\x78\x20\x75\xc3\xa9"},
    {0x4E75, "\x79\x20\xc7\x8e\x6e"},
    {0x4E76, "\x66\x20\xc7\x94"},
    {0x4E77, "\x73\x68\x20\xc4\x81"},
    {0x4E78, "\x6e\x20\xc7\x8e"},
    {0x4E79, "\x67\x20\xc4\x81\x6e"},
    {0x4E7A, "\x73\x20\x75\xc7\x92"},
    {0x4E7B, "\x79\x20\xc3\xba"},
    {0x4E7C, "\x63\x20\x75\x69"},
    {0x4E7D, "\x7a\x68\x20\xc4\x9b"},
    {0x4E7E, "\x71\x20\x69\xc3\xa1\x6e"},
    {0x4E7F, "\x7a\x68\x20\xc3\xac"},
    {0x4E80, "\x67\x20\x75\xc4\xab"},
    {0x4E81, "\x67\x20\xc4\x81\x6e"},
    {0x4E82, "\x6c\x20\x75\xc3\xa0\x6e"},
    {0x4E83, "\x6c\x20\xc7\x90\x6e"},
    {0x4E84, "\x79\x20\xc3\xac"},
    {0x4E85, "\x6a\x20\x75\xc3\xa9"},
    {0x4E86, "\x6c\x20\x65"},
    {0x4E87, "\x6d\x20\x61"},
    {0x4E88, "\x79\x20\xc7\x94"},
    {0x4E89, "\x7a\x68\x20\xc4\x93\x6e\x67"},
    {0x4E8A, "\x73\x68\x20\xc3\xac"},
    {0x4E8B, "\x73\x68\x20\xc3\xac"},
    {0x4E8C, "\xc3\xa8\x72"},
    {0x4E8D, "\x63\x68\x20\xc3\xb9"},
    {0x4E8E, "\x79\x20\xc3\xba"},
    {0x4E8F, "\x6b\x20\x75\xc4\xab"},
    {0x4E90, "\x79\x20\xc3\xba"},
    {0x4E91, "\x79\x20\xc3\xba\x6e"},
    {0x4E92, "\x68\x20\xc3\xb9"},
    {0x4E93, "\x71\x20\xc3\xad"},
    {0x4E94, "\x77\x20\xc7\x94"},
    {0x4E95, "\x6a\x20\xc7\x90\x6e\x67"},
    {0x4E96, "\x73\x20\xc3\xac"},
    {0x4E97, "\x73\x20\x75\xc3\xac"},
    {0x4E98, "\x67\x20\xc3\xa8\x6e"},
    {0x4E99, "\x67\x20\xc3\xa8\x6e"},
    {0x4E9A, "\x79\x20\xc3\xa0"},
    {0x4E9B, "\x78\x20\x69\xc4\x93"},
    {0x4E9C, "\x79\x20\xc3\xa0"},
    {0x4E9D, "\x71\x20\xc3\xad"},
    {0x4E9E, "\x79\x20\xc3\xa0"},
    {0x4E9F, "\x6a\x20\xc3\xad"},
    {0x4EA0, "\x74\x20\xc3\xb3\x75"},
    {0x4EA1, "\x77\x20\xc3\xa1\x6e\x67"},
    {0x4EA2, "\x6b\x20\xc3\xa0\x6e\x67"},
    {0x4EA3, "\x64\x20\xc3\xa0"},
    {0x4EA4, "\x6a\x20\x69\xc4\x81\x6f"},
    {0x4EA5, "\x68\x20\xc3\xa0\x69"},
    {0x4EA6, "\x79\x20\xc3\xac"},
    {0x4EA7, "\x63\x68\x20\xc7\x8e\x6e"},
    {0x4EA8, "\x68\x20\xc4\x93\x6e\x67"},
    {0x4EA9, "\x6d\x20\xc7\x94"},
    {0x4EAA, "\x79\x20\x65"},
    {0x4EAB, "\x78\x20\x69\xc7\x8e\x6e\x67"},
    {0x4EAC, "\x6a\x20\xc4\xab\x6e\x67"},
    {0x4EAD, "\x74\x20\xc3\xad\x6e\x67"},
    {0x4EAE, "\x6c\x20\x69\xc3\xa0\x6e\x67"},
    {0x4EAF, "\x78\x20\x69\xc7\x8e\x6e\x67"},
    {0x4EB0, "\x6a\x20\xc4\xab\x6e\x67"},
    {0x4EB1, "\x79\x20\xc3\xa8"},
    {0x4EB2, "\x71\x20\xc4\xab\x6e"},
    {0x4EB3, "\x62\x20\xc3\xb3"},
    {0x4EB4, "\x79\x20\xc3\xb2\x75"},
    {0x4EB5, "\x78\x20\x69\xc3\xa8"},
    {0x4EB6, "\x64\x20\xc7\x8e\x6e"},
    {0x4EB7, "\x6c\x20\x69\xc3\xa1\x6e"},
    {0x4EB8, "\x64\x20\x75\xc7\x92"},
    {0x4EB9, "\x77\x20\xc4\x9b\x69"},
    {0x4EBA, "\x72\x20\xc3\xa9\x6e"},
    {0x4EBB, "\x72\x20\xc3\xa9\x6e"},
    {0x4EBC, "\x6a\x20\xc3\xad"},
    {0x4EBD, "\x6a\x20\xc3\xad"},
    {0x4EBE, "\x77\x20\xc3\xa1\x6e\x67"},
    {0x4EBF, "\x79\x20\xc3\xac"},
    {0x4EC0, "\x73\x68\x20\xc3\xa9\x6e"},
    {0x4EC1, "\x72\x20\xc3\xa9\x6e"},
    {0x4EC2, "\x6c\x20\xc3\xa8"},
    {0x4EC3, "\x64\x20\xc4\xab\x6e\x67"},
    {0x4EC4, "\x7a\x20\xc3\xa8"},
    {0x4EC5, "\x6a\x20\xc7\x90\x6e"},
    {0x4EC6, "\x70\x20\xc5\xab"},
    {0x4EC7, "\x63\x68\x20\xc3\xb3\x75"},
    {0x4EC8, "\x62\x20\xc4\x81"},
    {0x4EC9, "\x7a\x68\x20\xc7\x8e\x6e\x67"},
    {0x4ECA, "\x6a\x20\xc4\xab\x6e"},
    {0x4ECB, "\x6a\x20\x69\xc3\xa8"},
    {0x4ECC, "\x62\x20\xc4\xab\x6e\x67"},
    {0x4ECD, "\x72\x20\xc3\xa9\x6e\x67"},
    {0x4ECE, "\x63\x20\xc3\xb3\x6e\x67"},
    {0x4ECF, "\x66\x20\xc3\xb3"},
    {0x4ED0, "\x73\x20\xc7\x8e\x6e"},
    {0x4ED1, "\x6c\x20\xc3\xba\x6e"},
    {0x4ED2, "\x62\x20\xc4\xab\x6e\x67"},
    {0x4ED3, "\x63\x20\xc4\x81\x6e\x67"},
    {0x4ED4, "\x7a\x20\xc7\x8e\x69"},
    {0x4ED5, "\x73\x68\x20\xc3\xac"},
    {0x4ED6, "\x74\x20\xc4\x81"},
    {0x4ED7, "\x7a\x68\x20\xc3\xa0\x6e\x67"},
    {0x4ED8, "\x66\x20\xc3\xb9"},
    {0x4ED9, "\x78\x20\x69\xc4\x81\x6e"},
    {0x4EDA, "\x78\x20\x69\xc4\x81\x6e"},
    {0x4EDB, "\x74\x20\x75\xc5\x8d"},
    {0x4EDC, "\x68\x20\xc3\xb3\x6e\x67"},
    {0x4EDD, "\x74\x20\xc3\xb3\x6e\x67"},
    {0x4EDE, "\x72\x20\xc3\xa8\x6e"},
    {0x4EDF, "\x71\x20\x69\xc4\x81\x6e"},
    {0x4EE0, "\x67\x20\xc7\x8e\x6e"},
    {0x4EE1, "\x67\x20\xc4\x93"},
    {0x4EE2, "\x62\x20\xc3\xb3"},
    {0x4EE3, "\x64\x20\xc3\xa0\x69"},
    {0x4EE4, "\x6c\x20\xc3\xac\x6e\x67"},
    {0x4EE5, "\x79\x20\xc7\x90"},
    {0x4EE6, "\x63\x68\x20\xc3\xa0\x6f"},
    {0x4EE7, "\x63\x68\x20\xc3\xa1\x6e\x67"},
    {0x4EE8, "\x73\x20\xc4\x81"},
    {0x4EE9, "\x63\x68\x20\xc3\xa1\x6e\x67"},
    {0x4EEA, "\x79\x20\xc3\xad"},
    {0x4EEB, "\x6d\x20\xc3\xb9"},
    {0x4EEC, "\x6d\x20\x65\x6e"},
    {0x4EED, "\x72\x20\xc3\xa8\x6e"},
    {0x4EEE, "\x66\x20\xc7\x8e\x6e"},
    {0x4EEF, "\x63\x68\x20\xc3\xa0\x6f"},
    {0x4EF0, "\x79\x20\xc7\x8e\x6e\x67"},
    {0x4EF1, "\x71\x20\x69\xc3\xa1\x6e"},
    {0x4EF2, "\x7a\x68\x20\xc3\xb2\x6e\x67"},
    {0x4EF3, "\x70\x20\xc7\x90"},
    {0x4EF4, "\x77\x20\xc3\xb2"},
    {0x4EF5, "\x77\x20\xc7\x94"},
    {0x4EF6, "\x6a\x20\x69\xc3\xa0\x6e"},
    {0x4EF7, "\x6a\x20\x69\xc3\xa0"},
    {0x4EF8, "\x79\x20\xc7\x8e\x6f"},
    {0x4EF9, "\x66\x20\xc4\x93\x6e\x67"},
    {0x4EFA, "\x63\x20\xc4\x81\x6e\x67"},
    {0x4EFB, "\x72\x20\xc3\xa8\x6e"},
    {0x4EFC, "\x77\x20\xc3\xa1\x6e\x67"},
    {0x4EFD, "\x66\x20\xc3\xa8\x6e"},
    {0x4EFE, "\x64\x20\xc4\xab"},
    {0x4EFF, "\x66\x20\xc7\x8e\x6e\x67"},
    {0x4F00, "\x7a\x68\x20\xc5\x8d\x6e\x67"},
    {0x4F01, "\x71\x20\xc7\x90"},
    {0x4F02, "\x70\x20\xc3\xa8\x69"},
    {0x4F03, "\x79\x20\xc3\xba"},
    {0x4F04, "\x64\x20\x69\xc3\xa0\x6f"},
    {0x4F05, "\x64\x20\xc3\xb9\x6e"},
    {0x4F06, "\x77\x20\xc3\xb9"},
    {0x4F07, "\x79\x20\xc3\xac"},
    {0x4F08, "\x78\x20\xc7\x90\x6e"},
    {0x4F09, "\x6b\x20\xc3\xa0\x6e\x67"},
    {0x4F0A, "\x79\x20\xc4\xab"},
    {0x4F0B, "\x6a\x20\xc3\xad"},
    {0x4F0C, "\xc3\xa0\x69"},
    {0x4F0D, "\x77\x20\xc7\x94"},
    {0x4F0E, "\x6a\x20\xc3\xac"},
    {0x4F0F, "\x66\x20\xc3\xba"},
    {0x4F10, "\x66\x20\xc3\xa1"},
    {0x4F11, "\x78\x20\x69\xc5\xab"},
    {0x4F12, "\x6a\x20\xc3\xac\x6e"},
    {0x4F13, "\x70\x20\xc4\xab"},
    {0x4F14, "\x64\x20\xc7\x8e\x6e"},
    {0x4F15, "\x66\x20\xc5\xab"},
    {0x4F16, "\x74\x20\xc7\x8e\x6e\x67"},
    {0x4F17, "\x7a\x68\x20\xc3\xb2\x6e\x67"},
    {0x4F18, "\x79\x20\xc5\x8d\x75"},
    {0x4F19, "\x68\x20\x75\xc7\x92"},
    {0x4F1A, "\x68\x20\x75\xc3\xac"},
    {0x4F1B, "\x79\x20\xc7\x94"},
    {0x4F1C, "\x63\x20\x75\xc3\xac"},
    {0x4F1D, "\x79\x20\xc3\xba\x6e"},
    {0x4F1E, "\x73\x20\xc7\x8e\x6e"},
    {0x4F1F, "\x77\x20\xc4\x9b\x69"},
    {0x4F20, "\x63\x68\x20\x75\xc3\xa1\x6e"},
    {0x4F21, "\x63\x68\x20\xc4\x93"},
    {0x4F22, "\x79\x20\xc3\xa1"},
    {0x4F23, "\x71\x20\x69\xc3\xa0\x6e"},
    {0x4F24, "\x73\x68\x20\xc4\x81\x6e\x67"},
    {0x4F25, "\x63\x68\x20\xc4\x81\x6e\x67"},
    {0x4F26, "\x6c\x20\xc3\xba\x6e"},
    {0x4F27, "\x63\x20\xc4\x81\x6e\x67"},
    {0x4F28, "\x78\x20\xc3\xb9\x6e"},
    {0x4F29, "\x78\x20\xc3\xac\x6e"},
    {0x4F2A, "\x77\x20\xc4\x9b\x69"},
    {0x4F2B, "\x7a\x68\x20\xc3\xb9"},
    {0x4F2C, "\x7a\x20\x65"},
    {0x4F2D, "\x78\x20\x69\xc3\xa1\x6e"},
    {0x4F2E, "\x6e\x20\xc7\x94"},
    {0x4F2F, "\x62\x20\xc3\xb3"},
    {0x4F30, "\x67\x20\xc5\xab"},
    {0x4F31, "\x6e\x20\xc7\x90"},
    {0x4F32, "\x6e\x20\xc3\xac"},
    {0x4F33, "\x78\x20\x69\xc3\xa8"},
    {0x4F34, "\x62\x20\xc3\xa0\x6e"},
    {0x4F35, "\x78\x20\xc3\xb9"},
    {0x4F36, "\x6c\x20\xc3\xad\x6e\x67"},
    {0x4F37, "\x7a\x68\x20\xc3\xb2\x75"},
    {0x4F38, "\x73\x68\x20\xc4\x93\x6e"},
    {0x4F39, "\x71\x20\xc5\xab"},
    {0x4F3A, "\x63\x20\xc3\xac"},
    {0x4F3B, "\x62\x20\xc4\x93\x6e\x67"},
    {0x4F3C, "\x73\x68\x20\xc3\xac"},
    {0x4F3D, "\x67\x20\xc4\x81"},
    {0x4F3E, "\x70\x20\xc4\xab"},
    {0x4F3F, "\x79\x20\xc3\xac"},
    {0x4F40, "\x73\x20\xc3\xac"},
    {0x4F41, "\x79\x20\xc7\x90"},
    {0x4F42, "\x7a\x68\x20\xc4\x93\x6e\x67"},
    {0x4F43, "\x64\x20\x69\xc3\xa0\x6e"},
    {0x4F44, "\x68\x20\xc4\x81\x6e"},
    {0x4F45, "\x6d\x20\xc3\xa0\x69"},
    {0x4F46, "\x64\x20\xc3\xa0\x6e"},
    {0x4F47, "\x7a\x68\x20\xc3\xb9"},
    {0x4F48, "\x62\x20\xc3\xb9"},
    {0x4F49, "\x71\x20\xc5\xab"},
    {0x4F4A, "\x62\x20\xc7\x90"},
    {0x4F4B, "\x7a\x68\x20\xc4\x81\x6f"},
    {0x4F4C, "\x63\x20\xc7\x90"},
    {0x4F4D, "\x77\x20\xc3\xa8\x69"},
    {0x4F4E, "\x64\x20\xc4\xab"},
    {0x4F4F, "\x7a\x68\x20\xc3\xb9"},
    {0x4F50, "\x7a\x20\x75\xc7\x92"},
    {0x4F51, "\x79\x20\xc3\xb2\x75"},
    {0x4F52, "\x79\x20\xc7\x8e\x6e\x67"},
    {0x4F53, "\x74\x20\xc7\x90"},
    {0x4F54, "\x7a\x68\x20\xc3\xa0\x6e"},
    {0x4F55, "\x68\x20\xc3\xa9"},
    {0x4F56, "\x62\x20\xc3\xac"},
    {0x4F57, "\x74\x20\x75\xc3\xb3"},
    {0x4F58, "\x73\x68\x20\xc3\xa9"},
    {0x4F59, "\x79\x20\xc3\xba"},
    {0x4F5A, "\x79\x20\xc3\xac"},
    {0x4F5B, "\x66\x20\xc3\xba"},
    {0x4F5C, "\x7a\x20\x75\xc3\xb2"},
    {0x4F5D, "\x67\x20\xc5\x8d\x75"},
    {0x4F5E, "\x6e\x20\xc3\xac\x6e\x67"},
    {0x4F5F, "\x74\x20\xc3\xb3\x6e\x67"},
    {0x4F60, "\x6e\x20\xc7\x90"},
    {0x4F61, "\x78\x20\x69\xc4\x81\x6e"},
    {0x4F62, "\x71\x20\xc3\xba"},
    {0x4F63, "\x79\x20\xc5\x8d\x6e\x67"},
    {0x4F64, "\x77\x20\xc7\x8e"},
    {0x4F65, "\x71\x20\x69\xc4\x81\x6e"},
    {0x4F66, "\x73\x68\x20\x69"},
    {0x4F67, "\x6b\x20\xc7\x8e"},
    {0x4F68, "\x62\x20\xc4\x81\x6f"},
    {0x4F69, "\x70\x20\xc3\xa8\x69"},
    {0x4F6A, "\x68\x20\x75\xc3\xad"},
    {0x4F6B, "\x68\x20\xc3\xa8"},
    {0x4F6C, "\x6c\x20\xc7\x8e\x6f"},
    {0x4F6D, "\x78\x20\x69\xc3\xa1\x6e\x67"},
    {0x4F6E, "\x67\x20\xc3\xa9"},
    {0x4F6F, "\x79\x20\xc3\xa1\x6e\x67"},
    {0x4F70, "\x62\x20\xc7\x8e\x69"},
    {0x4F71, "\x66\x20\xc7\x8e"},
    {0x4F72, "\x6d\x20\xc7\x90\x6e\x67"},
    {0x4F73, "\x6a\x20\x69\xc4\x81"},
    {0x4F74, "\xc3\xa8\x72"},
    {0x4F75, "\x62\x20\xc3\xac\x6e\x67"},
    {0x4F76, "\x6a\x20\xc3\xad"},
    {0x4F77, "\x68\x20\xc4\x9b\x6e"},
    {0x4F78, "\x68\x20\x75\xc3\xb3"},
    {0x4F79, "\x67\x20\x75\xc7\x90"},
    {0x4F7A, "\x71\x20\x75\xc3\xa1\x6e"},
    {0x4F7B, "\x74\x20\x69\xc4\x81\x6f"},
    {0x4F7C, "\x6a\x20\x69\xc7\x8e\x6f"},
    {0x4F7D, "\x63\x20\xc3\xac"},
    {0x4F7E, "\x79\x20\xc3\xac"},
    {0x4F7F, "\x73\x68\x20\xc7\x90"},
    {0x4F80, "\x78\x20\xc3\xad\x6e\x67"},
    {0x4F81, "\x73\x68\x20\xc4\x93\x6e"},
    {0x4F82, "\x74\x20\x75\xc5\x8d"},
    {0x4F83, "\x6b\x20\xc7\x8e\x6e"},
    {0x4F84, "\x7a\x68\x20\xc3\xad"},
    {0x4F85, "\x67\x20\xc4\x81\x69"},
    {0x4F86, "\x6c\x20\xc3\xa1\x69"},
    {0x4F87, "\x79\x20\xc3\xad"},
    {0x4F88, "\x63\x68\x20\xc7\x90"},
    {0x4F89, "\x6b\x20\x75\xc7\x8e"},
    {0x4F8A, "\x67\x20\x75\xc4\x81\x6e\x67"},
    {0x4F8B, "\x6c\x20\xc3\xac"},
    {0x4F8C, "\x79\x20\xc4\xab\x6e"},
    {0x4F8D, "\x73\x68\x20\xc3\xac"},
    {0x4F8E, "\x6d\x20\xc7\x90"},
    {0x4F8F, "\x7a\x68\x20\xc5\xab"},
    {0x4F90, "\x78\x20\xc3\xb9"},
    {0x4F91, "\x79\x20\xc3\xb2\x75"},
    {0x4F92, "\xc4\x81\x6e"},
    {0x4F93, "\x6c\x20\xc3\xb9"},
    {0x4F94, "\x6d\x20\xc3\xb3\x75"},
    {0x4F95, "\xc3\xa9\x72"},
    {0x4F96, "\x6c\x20\xc3\xba\x6e"},
    {0x4F97, "\x64\x20\xc3\xb2\x6e\x67"},
    {0x4F98, "\x63\x68\x20\xc3\xa0"},
    {0x4F99, "\x63\x68\x20\xc4\xab"},
    {0x4F9A, "\x78\x20\xc3\xb9\x6e"},
    {0x4F9B, "\x67\x20\xc5\x8d\x6e\x67"},
    {0x4F9C, "\x7a\x68\x20\xc5\x8d\x75"},
    {0x4F9D, "\x79\x20\xc4\xab"},
    {0x4F9E, "\x72\x20\xc3\xba"},
    {0x4F9F, "\x63\x20\xc3\xba\x6e"},
    {0x4FA0, "\x78\x20\x69\xc3\xa1"},
    {0x4FA1, "\x73\x20\xc3\xac"},
    {0x4FA2, "\x64\x20\xc3\xa0\x69"},
    {0x4FA3, "\x6c\x20\xc7\x9a"},
    {0x4FA4, "\x74\x20\x61"},
    {0x4FA5, "\x6a\x20\x69\xc7\x8e\x6f"},
    {0x4FA6, "\x7a\x68\x20\xc4\x93\x6e"},
    {0x4FA7, "\x63\x20\xc3\xa8"},
    {0x4FA8, "\x71\x20\x69\xc3\xa1\x6f"},
    {0x4FA9, "\x6b\x20\x75\xc3\xa0\x69"},
    {0x4FAA, "\x63\x68\x20\xc3\xa1\x69"},
    {0x4FAB, "\x6e\x20\xc3\xac\x6e\x67"},
    {0x4FAC, "\x6e\x20\xc3\xb3\x6e\x67"},
    {0x4FAD, "\x6a\x20\xc7\x90\x6e"},
    {0x4FAE, "\x77\x20\xc7\x94"},
    {0x4FAF, "\x68\x20\xc3\xb3\x75"},
    {0x4FB0, "\x6a\x20\x69\xc7\x92\x6e\x67"},
    {0x4FB1, "\x63\x68\x20\xc4\x9b\x6e\x67"},
    {0x4FB2, "\x7a\x68\x20\xc3\xa8\x6e"},
    {0x4FB3, "\x7a\x20\x75\xc3\xb2"},
    {0x4FB4, "\x63\x68\x20\xc7\x92\x75"},
    {0x4FB5, "\x71\x20\xc4\xab\x6e"},
    {0x4FB6, "\x6c\x20\xc7\x9a"},
    {0x4FB7, "\x6a\x20\xc3\xba"},
    {0x4FB8, "\x73\x68\x20\xc3\xb9"},
    {0x4FB9, "\x74\x20\xc7\x90\x6e\x67"},
    {0x4FBA, "\x73\x68\x20\xc3\xa8\x6e"},
    {0x4FBB, "\x74\x20\x75\xc3\xac"},
    {0x4FBC, "\x62\x20\xc3\xb3"},
    {0x4FBD, "\x6e\x20\xc3\xa1\x6e"},
    {0x4FBE, "\x78\x20\x69\xc4\x81\x6f"},
    {0x4FBF, "\x62\x20\x69\xc3\xa0\x6e"},
    {0x4FC0, "\x74\x20\x75\xc7\x90"},
    {0x4FC1, "\x79\x20\xc7\x94"},
    {0x4FC2, "\x78\x20\xc3\xac"},
    {0x4FC3, "\x63\x20\xc3\xb9"},
    {0x4FC4, "\xc3\xa9"},
    {0x4FC5, "\x71\x20\x69\xc3\xba"},
    {0x4FC6, "\x78\x20\xc3\xba"},
    {0x4FC7, "\x67\x20\x75\xc3\xa0\x6e\x67"},
    {0x4FC8, "\x6b\x20\xc3\xb9"},
    {0x4FC9, "\x77\x20\xc7\x94"},
    {0x4FCA, "\x6a\x20\xc3\xb9\x6e"},
    {0x4FCB, "\x79\x20\xc3\xac"},
    {0x4FCC, "\x66\x20\xc7\x94"},
    {0x4FCD, "\x6c\x20\x69\xc3\xa1\x6e\x67"},
    {0x4FCE, "\x7a\x20\xc7\x94"},
    {0x4FCF, "\x71\x20\x69\xc3\xa0\x6f"},
    {0x4FD0, "\x6c\x20\xc3\xac"},
    {0x4FD1, "\x79\x20\xc7\x92\x6e\x67"},
    {0x4FD2, "\x68\x20\xc3\xb9\x6e"},
    {0x4FD3, "\x6a\x20\xc3\xac\x6e\x67"},
    {0x4FD4, "\x71\x20\x69\xc3\xa0\x6e"},
    {0x4FD5, "\x73\x20\xc3\xa0\x6e"},
    {0x4FD6, "\x70\x20\xc4\x9b\x69"},
    {0x4FD7, "\x73\x20\xc3\xba"},
    {0x4FD8, "\x66\x20\xc3\xba"},
    {0x4FD9, "\x78\x20\xc4\xab"},
    {0x4FDA, "\x6c\x20\xc7\x90"},
    {0x4FDB, "\x66\x20\xc7\x94"},
    {0x4FDC, "\x70\x20\xc4\xab\x6e\x67"},
    {0x4FDD, "\x62\x20\xc7\x8e\x6f"},
    {0x4FDE, "\x79\x20\xc3\xba"},
    {0x4FDF, "\x71\x20\xc3\xad"},
    {0x4FE0, "\x78\x20\x69\xc3\xa1"},
    {0x4FE1, "\x78\x20\xc3\xac\x6e"},
    {0x4FE2, "\x78\x20\x69\xc5\xab"},
    {0x4FE3, "\x79\x20\xc7\x94"},
    {0x4FE4, "\x64\x20\xc3\xac"},
    {0x4FE5, "\x63\x68\x20\xc4\x93"},
    {0x4FE6, "\x63\x68\x20\xc3\xb3\x75"},
    {0x4FE7, "\x7a\x68\x20\xc3\xac"},
    {0x4FE8, "\x79\x20\xc7\x8e\x6e"},
    {0x4FE9, "\x6c\x20\x69\xc7\x8e"},
    {0x4FEA, "\x6c\x20\xc3\xac"},
    {0x4FEB, "\x6c\x20\xc3\xa1\x69"},
    {0x4FEC, "\x73\x20\xc4\xab"},
    {0x4FED, "\x6a\x20\x69\xc7\x8e\x6e"},
    {0x4FEE, "\x78\x20\x69\xc5\xab"},
    {0x4FEF, "\x66\x20\xc7\x94"},
    {0x4FF0, "\x68\x20\x75\xc3\xb2"},
    {0x4FF1, "\x6a\x20\xc3\xb9"},
    {0x4FF2, "\x78\x20\x69\xc3\xa0\x6f"},
    {0x4FF3, "\x70\x20\xc3\xa1\x69"},
    {0x4FF4, "\x6a\x20\x69\xc3\xa0\x6e"},
    {0x4FF5, "\x62\x20\x69\xc3\xa0\x6f"},
    {0x4FF6, "\x63\x68\x20\xc3\xb9"},
    {0x4FF7, "\x66\x20\xc3\xa8\x69"},
    {0x4FF8, "\x66\x20\xc3\xa8\x6e\x67"},
    {0x4FF9, "\x79\x20\xc3\xa0"},
    {0x4FFA, "\xc7\x8e\x6e"},
    {0x4FFB, "\x62\x20\xc3\xa8\x69"},
    {0x4FFC, "\x79\x20\xc3\xb9"},
    {0x4FFD, "\x78\x20\xc4\xab\x6e"},
    {0x4FFE, "\x62\x20\xc7\x90"},
    {0x4FFF, "\x68\x20\xc7\x94"},
    {0x5000, "\x63\x68\x20\xc4\x81\x6e\x67"},
    {0x5001, "\x7a\x68\x20\xc4\xab"},
    {0x5002, "\x62\x20\xc3\xac\x6e\x67"},
    {0x5003, "\x6a\x20\x69\xc3\xb9"},
    {0x5004, "\x79\x20\xc3\xa1\x6f"},
    {0x5005, "\x63\x20\x75\xc3\xac"},
    {0x5006, "\x6c\x20\x69\xc7\x8e"},
    {0x5007, "\x77\x20\xc7\x8e\x6e"},
    {0x5008, "\x6c\x20\xc3\xa1\x69"},
    {0x5009, "\x63\x20\xc4\x81\x6e\x67"},
    {0x500A, "\x7a\x20\xc3\xb2\x6e\x67"},
    {0x500B, "\x67\x20\xc3\xa8"},
    {0x500C, "\x67\x20\x75\xc4\x81\x6e"},
    {0x500D, "\x62\x20\xc3\xa8\x69"},
    {0x500E, "\x74\x20\x69\xc7\x8e\x6e"},
    {0x500F, "\x73\x68\x20\xc5\xab"},
    {0x5010, "\x73\x68\x20\xc5\xab"},
    {0x5011, "\x6d\x20\x65\x6e"},
    {0x5012, "\x64\x20\xc3\xa0\x6f"},
    {0x5013, "\x74\x20\xc3\xa1\x6e"},
    {0x5014, "\x6a\x20\x75\xc3\xa9"},
    {0x5015, "\x63\x68\x20\x75\xc3\xad"},
    {0x5016, "\x78\x20\xc3\xac\x6e\x67"},
    {0x5017, "\x70\x20\xc3\xa9\x6e\x67"},
    {0x5018, "\x74\x20\xc7\x8e\x6e\x67"},
    {0x5019, "\x68\x20\xc3\xb2\x75"},
    {0x501A, "\x79\x20\xc7\x90"},
    {0x501B, "\x71\x20\xc4\xab"},
    {0x501C, "\x74\x20\xc3\xac"},
    {0x501D, "\x67\x20\xc3\xa0\x6e"},
    {0x501E, "\x6a\x20\xc3\xac\x6e\x67"},
    {0x501F, "\x6a\x20\x69\xc3\xa8"},
    {0x5020, "\x73\x20\x75\xc4\xab"},
    {0x5021, "\x63\x68\x20\xc3\xa0\x6e\x67"},
    {0x5022, "\x6a\x20\x69\xc3\xa9"},
    {0x5023, "\x66\x20\xc7\x8e\x6e\x67"},
    {0x5024, "\x7a\x68\x20\xc3\xad"},
    {0x5025, "\x6b\x20\xc5\x8d\x6e\x67"},
    {0x5026, "\x6a\x20\x75\xc3\xa0\x6e"},
    {0x5027, "\x7a\x20\xc5\x8d\x6e\x67"},
    {0x5028, "\x6a\x20\xc3\xb9"},
    {0x5029, "\x71\x20\x69\xc3\xa0\x6e"},
    {0x502A, "\x6e\x20\xc3\xad"},
    {0x502B, "\x6c\x20\xc3\xba\x6e"},
    {0x502C, "\x7a\x68\x20\x75\xc5\x8d"},
    {0x502D, "\x77\x20\xc5\x8d"},
    {0x502E, "\x6c\x20\x75\xc7\x92"},
    {0x502F, "\x73\x20\xc5\x8d\x6e\x67"},
    {0x5030, "\x6c\x20\xc3\xa8\x6e\x67"},
    {0x5031, "\x68\x20\xc3\xb9\x6e"},
    {0x5032, "\x64\x20\xc5\x8d\x6e\x67"},
    {0x5033, "\x7a\x20\xc3\xac"},
    {0x5034, "\x62\x20\xc3\xa8\x6e"},
    {0x5035, "\x77\x20\xc7\x94"},
    {0x5036, "\x6a\x20\xc3\xb9"},
    {0x5037, "\x6e\x20\xc7\x8e\x69"},
    {0x5038, "\x63\x20\xc7\x8e\x69"},
    {0x5039, "\x6a\x20\x69\xc7\x8e\x6e"},
    {0x503A, "\x7a\x68\x20\xc3\xa0\x69"},
    {0x503B, "\x79\x20\xc4\x93"},
    {0x503C, "\x7a\x68\x20\xc3\xad"},
    {0x503D, "\x73\x68\x20\xc3\xa0"},
    {0x503E, "\x71\x20\xc4\xab\x6e\x67"},
    {0x503F, "\x6e\x20\xc3\xac\x6e\x67"},
    {0x5040, "\x79\x20\xc4\xab\x6e\x67"},
    {0x5041, "\x63\x68\x20\xc4\x93\x6e\x67"},
    {0x5042, "\x71\x20\x69\xc3\xa1\x6e"},
    {0x5043, "\x79\x20\xc7\x8e\x6e"},
    {0x5044, "\x72\x20\x75\xc7\x8e\x6e"},
    {0x5045, "\x7a\x68\x20\xc3\xb2\x6e\x67"},
    {0x5046, "\x63\x68\x20\xc7\x94\x6e"},
    {0x5047, "\x6a\x20\x69\xc7\x8e"},
    {0x5048, "\x6a\x20\xc3\xac"},
    {0x5049, "\x77\x20\xc4\x9b\x69"},
    {0x504A, "\x79\x20\xc7\x94"},
    {0x504B, "\x62\x20\xc3\xac\x6e\x67"},
    {0x504C, "\x72\x20\x75\xc3\xb2"},
    {0x504D, "\x74\x20\xc3\xad"},
    {0x504E, "\x77\x20\xc4\x93\x69"},
    {0x504F, "\x70\x20\x69\xc4\x81\x6e"},
    {0x5050, "\x79\x20\xc3\xa0\x6e"},
    {0x5051, "\x66\x20\xc4\x93\x6e\x67"},
    {0x5052, "\x74\x20\xc7\x8e\x6e\x67"},
    {0x5053, "\x77\x20\xc3\xb2"},
    {0x5054, "\xc3\xa8"},
    {0x5055, "\x78\x20\x69\xc3\xa9"},
    {0x5056, "\x63\x68\x20\xc4\x9b"},
    {0x5057, "\x73\x68\x20\xc4\x9b\x6e\x67"},
    {0x5058, "\x6b\x20\xc7\x8e\x6e"},
    {0x5059, "\x64\x20\xc3\xac"},
    {0x505A, "\x7a\x20\x75\xc3\xb2"},
    {0x505B, "\x63\x68\x20\xc4\x81"},
    {0x505C, "\x74\x20\xc3\xad\x6e\x67"},
    {0x505D, "\x62\x20\xc3\xa8\x69"},
    {0x505E, "\x78\x20\x69\xc3\xa8"},
    {0x505F, "\x68\x20\x75\xc3\xa1\x6e\x67"},
    {0x5060, "\x79\x20\xc7\x8e\x6f"},
    {0x5061, "\x7a\x68\x20\xc3\xa0\x6e"},
    {0x5062, "\x63\x68\x20\xc7\x92\x75"},
    {0x5063, "\x79\x20\xc4\x81\x6e"},
    {0x5064, "\x79\x20\xc3\xb3\x75"},
    {0x5065, "\x6a\x20\x69\xc3\xa0\x6e"},
    {0x5066, "\x78\x20\xc7\x94"},
    {0x5067, "\x7a\x68\x20\xc4\x81"},
    {0x5068, "\x63\x20\xc4\xab"},
    {0x5069, "\x66\x20\xc3\xb9"},
    {0x506A, "\x62\x20\xc4\xab"},
    {0x506B, "\x7a\x68\x20\xc3\xac"},
    {0x506C, "\x7a\x20\xc7\x92\x6e\x67"},
    {0x506D, "\x6d\x20\x69\xc7\x8e\x6e"},
    {0x506E, "\x6a\x20\xc3\xad"},
    {0x506F, "\x79\x20\xc7\x90"},
    {0x5070, "\x78\x20\x69\xc3\xa8"},
    {0x5071, "\x78\x20\xc3\xba\x6e"},
    {0x5072, "\x63\x20\xc4\x81\x69"},
    {0x5073, "\x64\x20\x75\xc4\x81\x6e"},
    {0x5074, "\x63\x20\xc3\xa8"},
    {0x5075, "\x7a\x68\x20\xc4\x93\x6e"},
    {0x5076, "\xc7\x92\x75"},
    {0x5077, "\x74\x20\xc5\x8d\x75"},
    {0x5078, "\x74\x20\xc5\x8d\x75"},
    {0x5079, "\x62\x20\xc3\xa8\x69"},
    {0x507A, "\x7a\x20\xc3\xa1"},
    {0x507B, "\x6c\x20\xc3\xb3\x75"},
    {0x507C, "\x6a\x20\x69\xc3\xa9"},
    {0x507D, "\x77\x20\xc4\x9b\x69"},
    {0x507E, "\x66\x20\xc3\xa8\x6e"},
    {0x507F, "\x63\x68\x20\xc3\xa1\x6e\x67"},
    {0x5080, "\x67\x20\x75\xc4\xab"},
    {0x5081, "\x73\x20\xc7\x92\x75"},
    {0x5082, "\x7a\x68\x20\xc3\xac"},
    {0x5083, "\x73\x20\xc3\xb9"},
    {0x5084, "\x78\x20\x69\xc4\x81"},
    {0x5085, "\x66\x20\xc3\xb9"},
    {0x5086, "\x79\x20\x75\xc3\xa0\x6e"},
    {0x5087, "\x72\x20\xc7\x92\x6e\x67"},
    {0x5088, "\x6c\x20\xc3\xac"},
    {0x5089, "\x6e\x20\xc3\xb9"},
    {0x508A, "\x79\x20\xc3\xb9\x6e"},
    {0x508B, "\x6a\x20\x69\xc7\x8e\x6e\x67"},
    {0x508C, "\x6d\x20\xc3\xa0"},
    {0x508D, "\x62\x20\xc3\xa0\x6e\x67"},
    {0x508E, "\x64\x20\x69\xc4\x81\x6e"},
    {0x508F, "\x74\x20\xc3\xa1\x6e\x67"},
    {0x5090, "\x68\x20\xc3\xa0\x6f"},
    {0x5091, "\x6a\x20\x69\xc3\xa9"},
    {0x5092, "\x78\x20\xc4\xab"},
    {0x5093, "\x73\x68\x20\xc3\xa0\x6e"},
    {0x5094, "\x71\x20\x69\xc3\xa0\x6e"},
    {0x5095, "\x6a\x20\x75\xc3\xa9"},
    {0x5096, "\x63\x20\xc4\x81\x6e\x67"},
    {0x5097, "\x63\x68\x20\xc3\xb9"},
    {0x5098, "\x73\x20\xc7\x8e\x6e"},
    {0x5099, "\x62\x20\xc3\xa8\x69"},
    {0x509A, "\x78\x20\x69\xc3\xa0\x6f"},
    {0x509B, "\x79\x20\xc7\x92\x6e\x67"},
    {0x509C, "\x79\x20\xc3\xa1\x6f"},
    {0x509D, "\x74\x20\xc3\xa0\x6e"},
    {0x509E, "\x73\x20\x75\xc5\x8d"},
    {0x509F, "\x79\x20\xc7\x8e\x6e\x67"},
    {0x50A0, "\x66\x20\xc3\xa1"},
    {0x50A1, "\x62\x20\xc3\xac\x6e\x67"},
    {0x50A2, "\x6a\x20\x69\xc4\x81"},
    {0x50A3, "\x64\x20\xc7\x8e\x69"},
    {0x50A4, "\x7a\x20\xc3\xa0\x69"},
    {0x50A5, "\x74\x20\xc7\x8e\x6e\x67"},
    {0x50A6, "\x67\x20\xc7\x94"},
    {0x50A7, "\x62\x20\xc4\xab\x6e"},
    {0x50A8, "\x63\x68\x20\xc7\x94"},
    {0x50A9, "\x6e\x20\x75\xc3\xb3"},
    {0x50AA, "\x63\x20\xc4\x81\x6e"},
    {0x50AB, "\x6c\x20\xc4\x9b\x69"},
    {0x50AC, "\x63\x20\x75\xc4\xab"},
    {0x50AD, "\x79\x20\xc5\x8d\x6e\x67"},
    {0x50AE, "\x7a\x20\xc4\x81\x6f"},
    {0x50AF, "\x7a\x20\xc7\x92\x6e\x67"},
    {0x50B0, "\x62\x20\xc4\x93\x6e\x67"},
    {0x50B1, "\x73\x20\xc7\x92\x6e\x67"},
    {0x50B2, "\xc3\xa0\x6f"},
    {0x50B3, "\x63\x68\x20\x75\xc3\xa1\x6e"},
    {0x50B4, "\x79\x20\xc7\x94"},
    {0x50B5, "\x7a\x68\x20\xc3\xa0\x69"},
    {0x50B6, "\x7a\x20\xc3\xba"},
    {0x50B7, "\x73\x68\x20\xc4\x81\x6e\x67"},
    {0x50B8, "\x63\x68\x20\x75\xc7\x8e\x6e\x67"},
    {0x50B9, "\x6a\x20\xc3\xac\x6e\x67"},
    {0x50BA, "\x63\x68\x20\xc3\xac"},
    {0x50BB, "\x73\x68\x20\xc7\x8e"},
    {0x50BC, "\x68\x20\xc3\xa0\x6e"},
    {0x50BD, "\x7a\x68\x20\xc4\x81\x6e\x67"},
    {0x50BE, "\x71\x20\xc4\xab\x6e\x67"},
    {0x50BF, "\x79\x20\xc3\xa0\x6e"},
    {0x50C0, "\x64\x20\xc3\xac"},
    {0x50C1, "\x78\x20\x69\xc3\xa8"},
    {0x50C2, "\x6c\x20\xc3\xb3\x75"},
    {0x50C3, "\x62\x20\xc3\xa8\x69"},
    {0x50C4, "\x70\x20\x69\xc3\xa0\x6f"},
    {0x50C5, "\x6a\x20\xc7\x90\x6e"},
    {0x50C6, "\x6c\x20\x69\xc3\xa0\x6e"},
    {0x50C7, "\x6c\x20\xc3\xb9"},
    {0x50C8, "\x6d\x20\xc3\xa1\x6e"},
    {0x50C9, "\x71\x20\x69\xc4\x81\x6e"},
    {0x50CA, "\x78\x20\x69\xc4\x81\x6e"},
    {0x50CB, "\x74\x20\xc3\xa0\x6e"},
    {0x50CC, "\x79\x20\xc3\xad\x6e\x67"},
    {0x50CD, "\x64\x20\xc3\xb2\x6e\x67"},
    {0x50CE, "\x7a\x68\x20\x75\xc3\xa0\x6e"},
    {0x50CF, "\x78\x20\x69\xc3\xa0\x6e\x67"},
    {0x50D0, "\x73\x68\x20\xc3\xa0\x6e"},
    {0x50D1, "\x71\x20\x69\xc3\xa1\x6f"},
    {0x50D2, "\x6a\x20\x69\xc7\x92\x6e\x67"},
    {0x50D3, "\x74\x20\x75\xc7\x90"},
    {0x50D4, "\x7a\x20\xc7\x94\x6e"},
    {0x50D5, "\x70\x20\xc3\xba"},
    {0x50D6, "\x78\x20\xc4\xab"},
    {0x50D7, "\x6c\x20\xc3\xa1\x6f"},
    {0x50D8, "\x63\x68\x20\xc7\x8e\x6e\x67"},
    {0x50D9, "\x67\x20\x75\xc4\x81\x6e\x67"},
    {0x50DA, "\x6c\x20\x69\xc3\xa1\x6f"},
    {0x50DB, "\x71\x20\xc4\xab"},
    {0x50DC, "\x63\x68\x20\xc4\x93\x6e\x67"},
    {0x50DD, "\x63\x68\x20\xc3\xa1\x6e"},
    {0x50DE, "\x77\x20\xc4\x9b\x69"},
    {0x50DF, "\x6a\x20\xc4\xab"},
    {0x50E0, "\x62\x20\xc5\x8d"},
    {0x50E1, "\x68\x20\x75\xc3\xac"},
    {0x50E2, "\x63\x68\x20\x75\xc7\x8e\x6e"},
    {0x50E3, "\x74\x20\x69\xc4\x9b"},
    {0x50E4, "\x64\x20\xc3\xa0\x6e"},
    {0x50E5, "\x6a\x20\x69\xc7\x8e\x6f"},
    {0x50E6, "\x6a\x20\x69\xc3\xb9"},
    {0x50E7, "\x73\x20\xc4\x93\x6e\x67"},
    {0x50E8, "\x66\x20\xc3\xa8\x6e"},
    {0x50E9, "\x78\x20\x69\xc3\xa0\x6e"},
    {0x50EA, "\x6a\x20\xc3\xba"},
    {0x50EB, "\xc3\xa8"},
    {0x50EC, "\x6a\x20\x69\xc4\x81\x6f"},
    {0x50ED, "\x6a\x20\x69\xc3\xa0\x6e"},
    {0x50EE, "\x74\x20\xc3\xb3\x6e\x67"},
    {0x50EF, "\x6c\x20\xc3\xac\x6e"},
    {0x50F0, "\x62\x20\xc3\xb3"},
    {0x50F1, "\x67\x20\xc3\xb9"},
    {0x50F2, "\x78\x20\x69\xc4\x81\x6e"},
    {0x50F3, "\x73\x20\xc3\xb9"},
    {0x50F4, "\x78\x20\x69\xc3\xa0\x6e"},
    {0x50F5, "\x6a\x20\x69\xc4\x81\x6e\x67"},
    {0x50F6, "\x6d\x20\xc7\x90\x6e"},
    {0x50F7, "\x79\x20\xc3\xa8"},
    {0x50F8, "\x6a\x20\xc3\xac\x6e"},
    {0x50F9, "\x6a\x20\x69\xc3\xa0"},
    {0x50FA, "\x71\x20\x69\xc3\xa0\x6f"},
    {0x50FB, "\x70\x20\xc3\xac"},
    {0x50FC, "\x66\x20\xc4\x93\x6e\x67"},
    {0x50FD, "\x7a\x68\x20\xc3\xb2\x75"},
    {0x50FE, "\xc3\xa0\x69"},
    {0x50FF, "\x73\x20\xc3\xa0\x69"},
    {0x5100, "\x79\x20\xc3\xad"},
    {0x5101, "\x6a\x20\xc3\xb9\x6e"},
    {0x5102, "\x6e\x20\xc3\xb3\x6e\x67"},
    {0x5103, "\x63\x68\x20\xc3\xa1\x6e"},
    {0x5104, "\x79\x20\xc3\xac"},
    {0x5105, "\x64\x20\xc3\xa0\x6e\x67"},
    {0x5106, "\x6a\x20\xc7\x90\x6e\x67"},
    {0x5107, "\x78\x20\x75\xc4\x81\x6e"},
    {0x5108, "\x6b\x20\x75\xc3\xa0\x69"},
    {0x5109, "\x6a\x20\x69\xc7\x8e\x6e"},
    {0x510A, "\x63\x68\x20\xc3\xb9"},
    {0x510B, "\x64\x20\xc4\x81\x6e"},
    {0x510C, "\x6a\x20\x69\xc7\x8e\x6f"},
    {0x510D, "\x73\x68\x20\xc7\x8e"},
    {0x510E, "\x7a\x20\xc3\xa0\x69"},
    {0x510F, "\x63\x20\xc3\xa0\x6e"},
    {0x5110, "\x62\x20\xc4\xab\x6e"},
    {0x5111, "\xc3\xa1\x6e"},
    {0x5112, "\x72\x20\xc3\xba"},
    {0x5113, "\x74\x20\xc3\xa1\x69"},
    {0x5114, "\x63\x68\x20\xc3\xb3\x75"},
    {0x5115, "\x63\x68\x20\xc3\xa1\x69"},
    {0x5116, "\x6c\x20\xc3\xa1\x6e"},
    {0x5117, "\x6e\x20\xc7\x90"},
    {0x5118, "\x6a\x20\xc7\x90\x6e"},
    {0x5119, "\x71\x20\x69\xc3\xa0\x6e"},
    {0x511A, "\x6d\x20\xc3\xa9\x6e\x67"},
    {0x511B, "\x77\x20\xc7\x94"},
    {0x511C, "\x6e\x20\xc3\xad\x6e\x67"},
    {0x511D, "\x71\x20\x69\xc3\xb3\x6e\x67"},
    {0x511E, "\x6e\x20\xc7\x90"},
    {0x511F, "\x63\x68\x20\xc3\xa1\x6e\x67"},
    {0x5120, "\x6c\x20\x69\xc3\xa8"},
    {0x5121, "\x6c\x20\xc4\x9b\x69"},
    {0x5122, "\x6c\x20\xc7\x9a"},
    {0x5123, "\x6b\x20\x75\xc7\x8e\x6e\x67"},
    {0x5124, "\x62\x20\xc3\xa0\x6f"},
    {0x5125, "\x79\x20\xc3\xb9"},
    {0x5126, "\x62\x20\x69\xc4\x81\x6f"},
    {0x5127, "\x7a\x20\xc7\x8e\x6e"},
    {0x5128, "\x7a\x68\x20\xc3\xac"},
    {0x5129, "\x73\x20\xc3\xac"},
    {0x512A, "\x79\x20\xc5\x8d\x75"},
    {0x512B, "\x68\x20\xc3\xa1\x6f"},
    {0x512C, "\x71\x20\xc3\xac\x6e\x67"},
    {0x512D, "\x63\x68\x20\xc3\xa8\x6e"},
    {0x512E, "\x6c\x20\xc3\xac"},
    {0x512F, "\x74\x20\xc3\xa9\x6e\x67"},
    {0x5130, "\x77\x20\xc4\x9b\x69"},
    {0x5131, "\x6c\x20\xc7\x92\x6e\x67"},
    {0x5132, "\x63\x68\x20\xc7\x94"},
    {0x5133, "\x63\x68\x20\xc3\xa1\x6e"},
    {0x5134, "\x72\x20\xc3\xa1\x6e\x67"},
    {0x5135, "\x73\x68\x20\xc5\xab"},
    {0x5136, "\x68\x20\x75\xc3\xac"},
    {0x5137, "\x6c\x20\xc3\xac"},
    {0x5138, "\x6c\x20\x75\xc3\xb3"},
    {0x5139, "\x7a\x20\xc7\x8e\x6e"},
    {0x513A, "\x6e\x20\x75\xc3\xb3"},
    {0x513B, "\x74\x20\xc7\x8e\x6e\x67"},
    {0x513C, "\x79\x20\xc7\x8e\x6e"},
    {0x513D, "\x6c\x20\xc3\xa9\x69"},
    {0x513E, "\x6e\x20\xc3\xa0\x6e\x67"},
    {0x513F, "\xc3\xa9\x72"},
    {0x5140, "\x77\x20\xc3\xb9"},
    {0x5141, "\x79\x20\xc7\x94\x6e"},
    {0x5142, "\x7a\x20\xc4\x81\x6e"},
    {0x5143, "\x79\x20\x75\xc3\xa1\x6e"},
    {0x5144, "\x78\x20\x69\xc5\x8d\x6e\x67"},
    {0x5145, "\x63\x68\x20\xc5\x8d\x6e\x67"},
    {0x5146, "\x7a\x68\x20\xc3\xa0\x6f"},
    {0x5147, "\x78\x20\x69\xc5\x8d\x6e\x67"},
    {0x5148, "\x78\x20\x69\xc4\x81\x6e"},
    {0x5149, "\x67\x20\x75\xc4\x81\x6e\x67"},
    {0x514A, "\x64\x20\x75\xc3\xac"},
    {0x514B, "\x6b\x20\xc3\xa8"},
    {0x514C, "\x64\x20\x75\xc3\xac"},
    {0x514D, "\x6d\x20\x69\xc7\x8e\x6e"},
    {0x514E, "\x74\x20\xc3\xb9"},
    {0x514F, "\x63\x68\x20\xc3\xa1\x6e\x67"},
    {0x5150, "\xc3\xa9\x72"},
    {0x5151, "\x64\x20\x75\xc3\xac"},
    {0x5152, "\xc3\xa9\x72"},
    {0x5153, "\x6a\x20\xc4\xab\x6e"},
    {0x5154, "\x74\x20\xc3\xb9"},
    {0x5155, "\x73\x20\xc3\xac"},
    {0x5156, "\x79\x20\xc7\x8e\x6e"},
    {0x5157, "\x79\x20\xc7\x8e\x6e"},
    {0x5158, "\x73\x68\x20\xc7\x90"},
    {0x515A, "\x64\x20\xc7\x8e\x6e\x67"},
    {0x515B, "\x71\x20\x69\xc4\x81\x6e"},
    {0x515C, "\x64\x20\xc5\x8d\x75"},
    {0x515D, "\x66\x20\xc4\x93\x6e"},
    {0x515E, "\x6d\x20\xc3\xa1\x6f"},
    {0x515F, "\x73\x68\x20\xc4\x93\x6e"},
    {0x5160, "\x64\x20\xc5\x8d\x75"},
    {0x5162, "\x6a\x20\xc4\xab\x6e\x67"},
    {0x5163, "\x6c\x20\xc7\x90"},
    {0x5164, "\x68\x20\x75\xc7\x8e\x6e\x67"},
    {0x5165, "\x72\x20\xc3\xb9"},
    {0x5166, "\x77\x20\xc3\xa1\x6e\x67"},
    {0x5167, "\x6e\x20\xc3\xa8\x69"},
    {0x5168, "\x71\x20\x75\xc3\xa1\x6e"},
    {0x5169, "\x6c\x20\x69\xc7\x8e\x6e\x67"},
    {0x516A, "\x79\x20\xc3\xba"},
    {0x516B, "\x62\x20\xc4\x81"},
    {0x516C, "\x67\x20\xc5\x8d\x6e\x67"},
    {0x516D, "\x6c\x20\x69\xc3\xb9"},
    {0x516E, "\x78\x20\xc4\xab"},
    {0x516F, "\x68\x20\x61\x6e"},
    {0x5170, "\x6c\x20\xc3\xa1\x6e"},
    {0x5171, "\x67\x20\xc3\xb2\x6e\x67"},
    {0x5172, "\x74\x20\x69\xc4\x81\x6e"},
    {0x5173, "\x67\x20\x75\xc4\x81\x6e"},
    {0x5174, "\x78\x20\xc4\xab\x6e\x67"},
    {0x5175, "\x62\x20\xc4\xab\x6e\x67"},
    {0x5176, "\x71\x20\xc3\xad"},
    {0x5177, "\x6a\x20\xc3\xb9"},
    {0x5178, "\x64\x20\x69\xc7\x8e\x6e"},
    {0x5179, "\x7a\x20\xc4\xab"},
    {0x517A, "\x66\x20\xc4\x93\x6e"},
    {0x517B, "\x79\x20\xc7\x8e\x6e\x67"},
    {0x517C, "\x6a\x20\x69\xc4\x81\x6e"},
    {0x517D, "\x73\x68\x20\xc3\xb2\x75"},
    {0x517E, "\x6a\x20\xc3\xac"},
    {0x517F, "\x79\x20\xc3\xac"},
    {0x5180, "\x6a\x20\xc3\xac"},
    {0x5181, "\x63\x68\x20\xc7\x8e\x6e"},
    {0x5182, "\x6a\x20\x69\xc5\x8d\x6e\x67"},
    {0x5183, "\x6d\x20\xc3\xa0\x6f"},
    {0x5184, "\x72\x20\xc7\x8e\x6e"},
    {0x5185, "\x6e\x20\xc3\xa8\x69"},
    {0x5186, "\x79\x20\x75\xc3\xa1\x6e"},
    {0x5187, "\x6d\x20\xc7\x8e\x6f"},
    {0x5188, "\x67\x20\xc4\x81\x6e\x67"},
    {0x5189, "\x72\x20\xc7\x8e\x6e"},
    {0x518A, "\x63\x20\xc3\xa8"},
    {0x518B, "\x6a\x20\x69\xc5\x8d\x6e\x67"},
    {0x518C, "\x63\x20\xc3\xa8"},
    {0x518D, "\x7a\x20\xc3\xa0\x69"},
    {0x518E, "\x67\x20\x75\xc7\x8e"},
    {0x518F, "\x6a\x20\x69\xc7\x92\x6e\x67"},
    {0x5190, "\x6d\x20\xc3\xa0\x6f"},
    {0x5191, "\x7a\x68\x20\xc3\xb2\x75"},
    {0x5192, "\x6d\x20\xc3\xa0\x6f"},
    {0x5193, "\x67\x20\xc3\xb2\x75"},
    {0x5194, "\x78\x20\xc7\x94"},
    {0x5195, "\x6d\x20\x69\xc7\x8e\x6e"},
    {0x5196, "\x6d\x20\xc3\xac"},
    {0x5197, "\x72\x20\xc7\x92\x6e\x67"},
    {0x5198, "\x79\x20\xc3\xad\x6e"},
    {0x5199, "\x78\x20\x69\xc4\x9b"},
    {0x519A, "\x6b\x20\xc7\x8e\x6e"},
    {0x519B, "\x6a\x20\xc5\xab\x6e"},
    {0x519C, "\x6e\x20\xc3\xb3\x6e\x67"},
    {0x519D, "\x79\x20\xc3\xad"},
    {0x519E, "\x6d\x20\xc3\xad"},
    {0x519F, "\x73\x68\x20\xc3\xac"},
    {0x51A0, "\x67\x20\x75\xc4\x81\x6e"},
    {0x51A1, "\x6d\x20\xc3\xa9\x6e\x67"},
    {0x51A2, "\x7a\x68\x20\xc7\x92\x6e\x67"},
    {0x51A3, "\x6a\x20\xc3\xb9"},
    {0x51A4, "\x79\x20\x75\xc4\x81\x6e"},
    {0x51A5, "\x6d\x20\xc3\xad\x6e\x67"},
    {0x51A6, "\x6b\x20\xc3\xb2\x75"},
    {0x51A7, "\x6c\x20\xc3\xad\x6e"},
    {0x51A8, "\x66\x20\xc3\xb9"},
    {0x51A9, "\x78\x20\x69\xc4\x9b"},
    {0x51AA, "\x6d\x20\xc3\xac"},
    {0x51AB, "\x62\x20\xc4\xab\x6e\x67"},
    {0x51AC, "\x64\x20\xc5\x8d\x6e\x67"},
    {0x51AD, "\x74\x20\xc3\xa0\x69"},
    {0x51AE, "\x67\x20\xc4\x81\x6e\x67"},
    {0x51AF, "\x66\x20\xc3\xa9\x6e\x67"},
    {0x51B0, "\x62\x20\xc4\xab\x6e\x67"},
    {0x51B1, "\x68\x20\xc3\xb9"},
    {0x51B2, "\x63\x68\x20\xc5\x8d\x6e\x67"},
    {0x51B3, "\x6a\x20\x75\xc3\xa9"},
    {0x51B4, "\x68\x20\xc3\xb9"},
    {0x51B5, "\x6b\x20\x75\xc3\xa0\x6e\x67"},
    {0x51B6, "\x79\x20\xc4\x9b"},
    {0x51B7, "\x6c\x20\xc4\x9b\x6e\x67"},
    {0x51B8, "\x70\x20\xc3\xa0\x6e"},
    {0x51B9, "\x66\x20\xc3\xba"},
    {0x51BA, "\x6d\x20\xc7\x90\x6e"},
    {0x51BB, "\x64\x20\xc3\xb2\x6e\x67"},
    {0x51BC, "\x78\x20\x69\xc7\x8e\x6e"},
    {0x51BD, "\x6c\x20\x69\xc3\xa8"},
    {0x51BE, "\x71\x20\x69\xc3\xa0"},
    {0x51BF, "\x6a\x20\x69\xc4\x81\x6e"},
    {0x51C0, "\x6a\x20\xc3\xac\x6e\x67"},
    {0x51C1, "\x73\x20\xc5\x8d\x75"},
    {0x51C2, "\x6d\x20\xc4\x9b\x69"},
    {0x51C3, "\x74\x20\xc3\xba"},
    {0x51C4, "\x71\x20\xc4\xab"},
    {0x51C5, "\x67\x20\xc3\xb9"},
    {0x51C6, "\x7a\x68\x20\xc7\x94\x6e"},
    {0x51C7, "\x73\x20\xc5\x8d\x6e\x67"},
    {0x51C8, "\x6a\x20\xc3\xac\x6e\x67"},
    {0x51C9, "\x6c\x20\x69\xc3\xa1\x6e\x67"},
    {0x51CA, "\x71\x20\xc3\xac\x6e\x67"},
    {0x51CB, "\x64\x20\x69\xc4\x81\x6f"},
    {0x51CC, "\x6c\x20\xc3\xad\x6e\x67"},
    {0x51CD, "\x64\x20\xc3\xb2\x6e\x67"},
    {0x51CE, "\x67\x20\xc3\xa0\x6e"},
    {0x51CF, "\x6a\x20\x69\xc7\x8e\x6e"},
    {0x51D0, "\x79\x20\xc4\xab\x6e"},
    {0x51D1, "\x63\x20\xc3\xb2\x75"},
    {0x51D2, "\xc3\xa1\x69"},
    {0x51D3, "\x6c\x20\xc3\xac"},
    {0x51D4, "\x63\x68\x20\x75\xc3\xa0\x6e\x67"},
    {0x51D5, "\x6d\x20\xc7\x90\x6e\x67"},
    {0x51D6, "\x7a\x68\x20\xc7\x94\x6e"},
    {0x51D7, "\x63\x20\x75\xc4\xab"},
    {0x51D8, "\x73\x20\xc4\xab"},
    {0x51D9, "\x64\x20\x75\xc3\xb3"},
    {0x51DA, "\x6a\x20\xc3\xac\x6e"},
    {0x51DB, "\x6c\x20\xc7\x90\x6e"},
    {0x51DC, "\x6c\x20\xc7\x90\x6e"},
    {0x51DD, "\x6e\x20\xc3\xad\x6e\x67"},
    {0x51DE, "\x78\x20\xc4\xab"},
    {0x51DF, "\x64\x20\xc3\xba"},
    {0x51E0, "\x6a\x20\xc7\x90"},
    {0x51E1, "\x66\x20\xc3\xa1\x6e"},
    {0x51E2, "\x66\x20\xc3\xa1\x6e"},
    {0x51E3, "\x66\x20\xc3\xa1\x6e"},
    {0x51E4, "\x66\x20\xc3\xa8\x6e\x67"},
    {0x51E5, "\x6a\x20\xc5\xab"},
    {0x51E6, "\x63\x68\x20\xc7\x94"},
    {0x51E7, "\x7a\x68\x20\xc4\x93\x6e\x67"},
    {0x51E8, "\x66\x20\xc4\x93\x6e\x67"},
    {0x51E9, "\x6d\x20\xc3\xb9"},
    {0x51EA, "\x7a\x68\x20\xc7\x90"},
    {0x51EB, "\x66\x20\xc3\xba"},
    {0x51EC, "\x66\x20\xc4\x93\x6e\x67"},
    {0x51ED, "\x70\x20\xc3\xad\x6e\x67"},
    {0x51EE, "\x66\x20\xc4\x93\x6e\x67"},
    {0x51EF, "\x6b\x20\xc7\x8e\x69"},
    {0x51F0, "\x68\x20\x75\xc3\xa1\x6e\x67"},
    {0x51F1, "\x6b\x20\xc7\x8e\x69"},
    {0x51F2, "\x67\x20\xc4\x81\x6e"},
    {0x51F3, "\x64\x20\xc3\xa8\x6e\x67"},
    {0x51F4, "\x70\x20\xc3\xad\x6e\x67"},
    {0x51F5, "\x71\x20\x69\xc7\x8e\x6e"},
    {0x51F6, "\x78\x20\x69\xc5\x8d\x6e\x67"},
    {0x51F7, "\x6b\x20\x75\xc3\xa0\x69"},
    {0x51F8, "\x74\x20\xc5\xab"},
    {0x51F9, "\xc4\x81\x6f"},
    {0x51FA, "\x63\x68\x20\xc5\xab"},
    {0x51FB, "\x6a\x20\xc4\xab"},
    {0x51FC, "\x64\x20\xc3\xa0\x6e\x67"},
    {0x51FD, "\x68\x20\xc3\xa1\x6e"},
    {0x51FE, "\x68\x20\xc3\xa1\x6e"},
    {0x51FF, "\x7a\x20\xc3\xa1\x6f"},
    {0x5200, "\x64\x20\xc4\x81\x6f"},
    {0x5201, "\x64\x20\x69\xc4\x81\x6f"},
    {0x5202, "\x64\x20\xc4\x81\x6f"},
    {0x5203, "\x72\x20\xc3\xa8\x6e"},
    {0x5204, "\x72\x20\xc3\xa8\x6e"},
    {0x5205, "\x63\x68\x20\x75\xc4\x81\x6e\x67"},
    {0x5206, "\x66\x20\xc4\x93\x6e"},
    {0x5207, "\x71\x20\x69\xc3\xa8"},
    {0x5208, "\x79\x20\xc3\xac"},
    {0x5209, "\x6a\x20\xc4\xab"},
    {0x520A, "\x6b\x20\xc4\x81\x6e"},
    {0x520B, "\x71\x20\x69\xc3\xa0\x6e"},
    {0x520C, "\x63\x20\xc7\x94\x6e"},
    {0x520D, "\x63\x68\x20\xc3\xba"},
    {0x520E, "\x77\x20\xc4\x9b\x6e"},
    {0x520F, "\x6a\x20\xc4\xab"},
    {0x5210, "\x64\x20\xc7\x8e\x6e"},
    {0x5211, "\x78\x20\xc3\xad\x6e\x67"},
    {0x5212, "\x68\x20\x75\xc3\xa0"},
    {0x5213, "\x77\x20\xc3\xa1\x6e"},
    {0x5214, "\x6a\x20\x75\xc3\xa9"},
    {0x5215, "\x6c\x20\xc3\xad"},
    {0x5216, "\x79\x20\x75\xc3\xa8"},
    {0x5217, "\x6c\x20\x69\xc3\xa8"},
    {0x5218, "\x6c\x20\x69\xc3\xba"},
    {0x5219, "\x7a\x20\xc3\xa9"},
    {0x521A, "\x67\x20\xc4\x81\x6e\x67"},
    {0x521B, "\x63\x68\x20\x75\xc3\xa0\x6e\x67"},
    {0x521C, "\x66\x20\xc3\xba"},
    {0x521D, "\x63\x68\x20\xc5\xab"},
    {0x521E, "\x71\x20\xc3\xb9"},
    {0x521F, "\x64\x20\x69\xc4\x81\x6f"},
    {0x5220, "\x73\x68\x20\xc4\x81\x6e"},
    {0x5221, "\x6d\x20\xc7\x90\x6e"},
    {0x5222, "\x6c\x20\xc3\xad\x6e\x67"},
    {0x5223, "\x7a\x68\x20\xc5\x8d\x6e\x67"},
    {0x5224, "\x70\x20\xc3\xa0\x6e"},
    {0x5225, "\x62\x20\x69\xc3\xa9"},
    {0x5226, "\x6a\x20\x69\xc3\xa9"},
    {0x5227, "\x6a\x20\x69\xc3\xa9"},
    {0x5228, "\x70\x20\xc3\xa1\x6f"},
    {0x5229, "\x6c\x20\xc3\xac"},
    {0x522A, "\x73\x68\x20\xc4\x81\x6e"},
    {0x522B, "\x62\x20\x69\xc3\xa9"},
    {0x522C, "\x63\x68\x20\xc7\x8e\x6e"},
    {0x522D, "\x6a\x20\xc7\x90\x6e\x67"},
    {0x522E, "\x67\x20\x75\xc4\x81"},
    {0x522F, "\x67\x20\xc4\x93\x6e\x67"},
    {0x5230, "\x64\x20\xc3\xa0\x6f"},
    {0x5231, "\x63\x68\x20\x75\xc3\xa0\x6e\x67"},
    {0x5232, "\x6b\x20\x75\xc4\xab"},
    {0x5233, "\x6b\x20\xc5\xab"},
    {0x5234, "\x64\x20\x75\xc3\xb2"},
    {0x5235, "\xc3\xa8\x72"},
    {0x5236, "\x7a\x68\x20\xc3\xac"},
    {0x5237, "\x73\x68\x20\x75\xc4\x81"},
    {0x5238, "\x71\x20\x75\xc3\xa0\x6e"},
    {0x5239, "\x73\x68\x20\xc4\x81"},
    {0x523A, "\x63\x20\xc3\xac"},
    {0x523B, "\x6b\x20\xc3\xa8"},
    {0x523C, "\x6a\x20\x69\xc3\xa9"},
    {0x523D, "\x67\x20\x75\xc3\xac"},
    {0x523E, "\x63\x20\xc3\xac"},
    {0x523F, "\x67\x20\x75\xc3\xac"},
    {0x5240, "\x6b\x20\xc7\x8e\x69"},
    {0x5241, "\x64\x20\x75\xc3\xb2"},
    {0x5242, "\x6a\x20\xc3\xac"},
    {0x5243, "\x74\x20\xc3\xac"},
    {0x5244, "\x6a\x20\xc7\x90\x6e\x67"},
    {0x5245, "\x6c\x20\xc3\xb3\x75"},
    {0x5246, "\x6c\x20\x75\xc7\x92"},
    {0x5247, "\x7a\x20\xc3\xa9"},
    {0x5248, "\x79\x20\x75\xc4\x81\x6e"},
    {0x5249, "\x63\x20\x75\xc3\xb2"},
    {0x524A, "\x78\x20\x75\xc4\x93"},
    {0x524B, "\x6b\x20\xc3\xa8"},
    {0x524C, "\x6c\x20\xc3\xa1"},
    {0x524D, "\x71\x20\x69\xc3\xa1\x6e"},
    {0x524E, "\x73\x68\x20\xc4\x81"},
    {0x524F, "\x63\x68\x20\x75\xc3\xa0\x6e\x67"},
    {0x5250, "\x67\x20\x75\xc7\x8e"},
    {0x5251, "\x6a\x20\x69\xc3\xa0\x6e"},
    {0x5252, "\x63\x20\x75\xc3\xb2"},
    {0x5253, "\x6c\x20\xc3\xad"},
    {0x5254, "\x74\x20\xc4\xab"},
    {0x5255, "\x66\x20\xc3\xa8\x69"},
    {0x5256, "\x70\x20\xc5\x8d\x75"},
    {0x5257, "\x63\x68\x20\xc7\x8e\x6e"},
    {0x5258, "\x71\x20\xc3\xad"},
    {0x5259, "\x63\x68\x20\x75\xc3\xa0\x6e\x67"},
    {0x525A, "\x7a\x20\xc3\xac"},
    {0x525B, "\x67\x20\xc4\x81\x6e\x67"},
    {0x525C, "\x77\x20\xc4\x81\x6e"},
    {0x525D, "\x62\x20\xc5\x8d"},
    {0x525E, "\x6a\x20\xc4\xab"},
    {0x525F, "\x64\x20\x75\xc5\x8d"},
    {0x5260, "\x71\x20\xc3\xad\x6e\x67"},
    {0x5261, "\x73\x68\x20\xc3\xa0\x6e"},
    {0x5262, "\x64\x20\xc5\xab"},
    {0x5263, "\x6a\x20\x69\xc3\xa0\x6e"},
    {0x5264, "\x6a\x20\xc3\xac"},
    {0x5265, "\x62\x20\xc5\x8d"},
    {0x5266, "\x79\x20\xc4\x81\x6e"},
    {0x5267, "\x6a\x20\xc3\xb9"},
    {0x5268, "\x68\x20\x75\xc5\x8d"},
    {0x5269, "\x73\x68\x20\xc3\xa8\x6e\x67"},
    {0x526A, "\x6a\x20\x69\xc7\x8e\x6e"},
    {0x526B, "\x64\x20\x75\xc3\xb3"},
    {0x526C, "\x64\x20\x75\xc4\x81\x6e"},
    {0x526D, "\x77\x20\xc5\xab"},
    {0x526E, "\x67\x20\x75\xc7\x8e"},
    {0x526F, "\x66\x20\xc3\xb9"},
    {0x5270, "\x73\x68\x20\xc3\xa8\x6e\x67"},
    {0x5271, "\x6a\x20\x69\xc3\xa0\x6e"},
    {0x5272, "\x67\x20\xc4\x93"},
    {0x5273, "\x64\x20\xc3\xa1"},
    {0x5274, "\x6b\x20\xc7\x8e\x69"},
    {0x5275, "\x63\x68\x20\x75\xc3\xa0\x6e\x67"},
    {0x5276, "\x63\x68\x20\x75\xc4\x81\x6e"},
    {0x5277, "\x63\x68\x20\xc7\x8e\x6e"},
    {0x5278, "\x74\x20\x75\xc3\xa1\x6e"},
    {0x5279, "\x6c\x20\xc3\xb9"},
    {0x527A, "\x6c\x20\xc3\xad"},
    {0x527B, "\x70\x20\xc4\x9b\x6e\x67"},
    {0x527C, "\x73\x68\x20\xc4\x81\x6e"},
    {0x527D, "\x70\x20\x69\xc4\x81\x6f"},
    {0x527E, "\x6b\x20\xc5\x8d\x75"},
    {0x527F, "\x6a\x20\x69\xc7\x8e\x6f"},
    {0x5280, "\x67\x20\x75\xc4\x81"},
    {0x5281, "\x71\x20\x69\xc4\x81\x6f"},
    {0x5282, "\x6a\x20\x75\xc3\xa9"},
    {0x5283, "\x68\x20\x75\xc3\xa0"},
    {0x5284, "\x7a\x68\x20\xc4\x81"},
    {0x5285, "\x7a\x68\x20\x75\xc3\xb3"},
    {0x5286, "\x6c\x20\x69\xc3\xa1\x6e"},
    {0x5287, "\x6a\x20\xc3\xb9"},
    {0x5288, "\x70\x20\xc4\xab"},
    {0x5289, "\x6c\x20\x69\xc3\xba"},
    {0x528A, "\x67\x20\x75\xc3\xac"},
    {0x528B, "\x6a\x20\x69\xc7\x8e\x6f"},
    {0x528C, "\x67\x20\x75\xc3\xac"},
    {0x528D, "\x6a\x20\x69\xc3\xa0\x6e"},
    {0x528E, "\x6a\x20\x69\xc3\xa0\x6e"},
    {0x528F, "\x74\x20\xc4\x81\x6e\x67"},
    {0x5290, "\x68\x20\x75\xc5\x8d"},
    {0x5291, "\x6a\x20\xc3\xac"},
    {0x5292, "\x6a\x20\x69\xc3\xa0\x6e"},
    {0x5293, "\x79\x20\xc3\xac"},
    {0x5294, "\x6a\x20\x69\xc3\xa0\x6e"},
    {0x5295, "\x7a\x68\x20\xc3\xac"},
    {0x5296, "\x63\x68\x20\xc3\xa1\x6e"},
    {0x5297, "\x6a\x20\x69\xc7\x8e\x6e"},
    {0x5298, "\x6d\x20\xc3\xb3"},
    {0x5299, "\x6c\x20\xc3\xad"},
    {0x529A, "\x7a\x68\x20\xc3\xba"},
    {0x529B, "\x6c\x20\xc3\xac"},
    {0x529C, "\x79\x20\xc3\xa0"},
    {0x529D, "\x71\x20\x75\xc3\xa0\x6e"},
    {0x529E, "\x62\x20\xc3\xa0\x6e"},
    {0x529F, "\x67\x20\xc5\x8d\x6e\x67"},
    {0x52A0, "\x6a\x20\x69\xc4\x81"},
    {0x52A1, "\x77\x20\xc3\xb9"},
    {0x52A2, "\x6d\x20\xc3\xa0\x69"},
    {0x52A3, "\x6c\x20\x69\xc3\xa8"},
    {0x52A4, "\x6a\x20\xc3\xac\x6e"},
    {0x52A5, "\x6b\x20\xc4\x93\x6e\x67"},
    {0x52A6, "\x78\x20\x69\xc3\xa9"},
    {0x52A7, "\x7a\x68\x20\xc7\x90"},
    {0x52A8, "\x64\x20\xc3\xb2\x6e\x67"},
    {0x52A9, "\x7a\x68\x20\xc3\xb9"},
    {0x52AA, "\x6e\x20\xc7\x94"},
    {0x52AB, "\x6a\x20\x69\xc3\xa9"},
    {0x52AC, "\x71\x20\xc3\xba"},
    {0x52AD, "\x73\x68\x20\xc3\xa0\x6f"},
    {0x52AE, "\x79\x20\xc3\xac"},
    {0x52AF, "\x7a\x68\x20\xc5\xab"},
    {0x52B0, "\x6d\x20\xc3\xb2"},
    {0x52B1, "\x6c\x20\xc3\xac"},
    {0x52B2, "\x6a\x20\xc3\xac\x6e"},
    {0x52B3, "\x6c\x20\xc3\xa1\x6f"},
    {0x52B4, "\x6c\x20\xc3\xa1\x6f"},
    {0x52B5, "\x6a\x20\x75\xc3\xa0\x6e"},
    {0x52B6, "\x6b\x20\xc7\x92\x75"},
    {0x52B7, "\x79\x20\xc3\xa1\x6e\x67"},
    {0x52B8, "\x77\x20\xc4\x81"},
    {0x52B9, "\x78\x20\x69\xc3\xa0\x6f"},
    {0x52BA, "\x6d\x20\xc3\xb3\x75"},
    {0x52BB, "\x6b\x20\x75\xc4\x81\x6e\x67"},
    {0x52BC, "\x6a\x20\x69\xc3\xa9"},
    {0x52BD, "\x6c\x20\x69\xc3\xa8"},
    {0x52BE, "\x68\x20\xc3\xa9"},
    {0x52BF, "\x73\x68\x20\xc3\xac"},
    {0x52C0, "\x6b\x20\xc3\xa8"},
    {0x52C1, "\x6a\x20\xc3\xac\x6e"},
    {0x52C2, "\x67\x20\xc3\xa0\x6f"},
    {0x52C3, "\x62\x20\xc3\xb3"},
    {0x52C4, "\x6d\x20\xc7\x90\x6e"},
    {0x52C5, "\x63\x68\x20\xc3\xac"},
    {0x52C6, "\x6c\x20\xc3\xa1\x6e\x67"},
    {0x52C7, "\x79\x20\xc7\x92\x6e\x67"},
    {0x52C8, "\x79\x20\xc7\x92\x6e\x67"},
    {0x52C9, "\x6d\x20\x69\xc7\x8e\x6e"},
    {0x52CA, "\x6b\x20\xc3\xa8"},
    {0x52CB, "\x78\x20\xc5\xab\x6e"},
    {0x52CC, "\x6a\x20\x75\xc3\xa0\x6e"},
    {0x52CD, "\x71\x20\xc3\xad\x6e\x67"},
    {0x52CE, "\x6c\x20\xc3\xb9"},
    {0x52CF, "\x62\x20\xc3\xb9"},
    {0x52D0, "\x6d\x20\xc4\x9b\x6e\x67"},
    {0x52D1, "\x63\x68\x20\xc3\xac"},
    {0x52D2, "\x6c\x20\xc4\x93\x69"},
    {0x52D3, "\x6b\x20\xc3\xa0\x69"},
    {0x52D4, "\x6d\x20\x69\xc7\x8e\x6e"},
    {0x52D5, "\x64\x20\xc3\xb2\x6e\x67"},
    {0x52D6, "\x78\x20\xc3\xb9"},
    {0x52D7, "\x78\x20\xc3\xb9"},
    {0x52D8, "\x6b\x20\xc4\x81\x6e"},
    {0x52D9, "\x77\x20\xc3\xb9"},
    {0x52DA, "\x79\x20\xc3\xac"},
    {0x52DB, "\x78\x20\xc5\xab\x6e"},
    {0x52DC, "\x77\x20\xc4\x9b\x6e\x67"},
    {0x52DD, "\x73\x68\x20\xc3\xa8\x6e\x67"},
    {0x52DE, "\x6c\x20\xc3\xa1\x6f"},
    {0x52DF, "\x6d\x20\xc3\xb9"},
    {0x52E0, "\x6c\x20\xc3\xb9"},
    {0x52E1, "\x70\x20\x69\xc3\xa0\x6f"},
    {0x52E2, "\x73\x68\x20\xc3\xac"},
    {0x52E3, "\x6a\x20\xc4\xab"},
    {0x52E4, "\x71\x20\xc3\xad\x6e"},
    {0x52E5, "\x6a\x20\x69\xc3\xa0\x6e\x67"},
    {0x52E6, "\x63\x68\x20\xc4\x81\x6f"},
    {0x52E7, "\x71\x20\x75\xc3\xa0\x6e"},
    {0x52E8, "\x78\x20\x69\xc3\xa0\x6e\x67"},
    {0x52E9, "\x79\x20\xc3\xac"},
    {0x52EA, "\x6a\x20\x75\xc3\xa9"},
    {0x52EB, "\x66\x20\xc4\x81\x6e"},
    {0x52EC, "\x6a\x20\x75\xc4\x81\x6e"},
    {0x52ED, "\x74\x20\xc3\xb3\x6e\x67"},
    {0x52EE, "\x6a\x20\xc3\xb9"},
    {0x52EF, "\x64\x20\xc4\x81\x6e"},
    {0x52F0, "\x78\x20\x69\xc3\xa9"},
    {0x52F1, "\x6d\x20\xc3\xa0\x69"},
    {0x52F2, "\x78\x20\xc5\xab\x6e"},
    {0x52F3, "\x78\x20\xc5\xab\x6e"},
    {0x52F4, "\x6c\x20\xc7\x9c"},
    {0x52F5, "\x6c\x20\xc3\xac"},
    {0x52F6, "\x63\x68\x20\xc3\xa8"},
    {0x52F7, "\x72\x20\xc3\xa1\x6e\x67"},
    {0x52F8, "\x71\x20\x75\xc3\xa0\x6e"},
    {0x52F9, "\x62\x20\xc4\x81\x6f"},
    {0x52FA, "\x73\x68\x20\xc3\xa1\x6f"},
    {0x52FB, "\x79\x20\xc3\xba\x6e"},
    {0x52FC, "\x6a\x20\x69\xc5\xab"},
    {0x52FD, "\x62\x20\xc3\xa0\x6f"},
    {0x52FE, "\x67\x20\xc5\x8d\x75"},
    {0x52FF, "\x77\x20\xc3\xb9"},
    {0x5300, "\x79\x20\xc3\xba\x6e"},
    {0x5301, "\x77\x20\xc3\xa9\x6e"},
    {0x5302, "\x78\x20\x69\xc5\x8d\x6e\x67"},
    {0x5303, "\x67\x20\xc3\xa0\x69"},
    {0x5304, "\x67\x20\xc3\xa0\x69"},
    {0x5305, "\x62\x20\xc4\x81\x6f"},
    {0x5306, "\x63\x20\xc5\x8d\x6e\x67"},
    {0x5307, "\x79\x20\xc3\xac"},
    {0x5308, "\x78\x20\x69\xc5\x8d\x6e\x67"},
    {0x5309, "\x70\x20\xc4\x93\x6e\x67"},
    {0x530A, "\x6a\x20\xc5\xab"},
    {0x530B, "\x74\x20\xc3\xa1\x6f"},
    {0x530C, "\x67\x20\xc3\xa9"},
    {0x530D, "\x70\x20\xc3\xba"},
    {0x530E, "\xc3\xa8"},
    {0x530F, "\x70\x20\xc3\xa1\x6f"},
    {0x5310, "\x66\x20\xc3\xba"},
    {0x5311, "\x67\x20\xc5\x8d\x6e\x67"},
    {0x5312, "\x64\x20\xc3\xa1"},
    {0x5313, "\x6a\x20\x69\xc3\xb9"},
    {0x5314, "\x67\x20\xc5\x8d\x6e\x67"},
    {0x5315, "\x62\x20\xc7\x90"},
    {0x5316, "\x68\x20\x75\xc3\xa0"},
    {0x5317, "\x62\x20\xc4\x9b\x69"},
    {0x5318, "\x6e\x20\xc7\x8e\x6f"},
    {0x5319, "\x73\x68\x20\x69"},
    {0x531A, "\x66\x20\xc4\x81\x6e\x67"},
    {0x531B, "\x6a\x20\x69\xc3\xb9"},
    {0x531C, "\x79\x20\xc3\xad"},
    {0x531D, "\x7a\x20\xc4\x81"},
    {0x531E, "\x6a\x20\x69\xc3\xa0\x6e\x67"},
    {0x531F, "\x6b\x20\xc3\xa0\x6e\x67"},
    {0x5320, "\x6a\x20\x69\xc3\xa0\x6e\x67"},
    {0x5321, "\x6b\x20\x75\xc4\x81\x6e\x67"},
    {0x5322, "\x68\x20\xc5\xab"},
    {0x5323, "\x78\x20\x69\xc3\xa1"},
    {0x5324, "\x71\x20\xc5\xab"},
    {0x5325, "\x66\x20\xc3\xa1\x6e"},
    {0x5326, "\x67\x20\x75\xc7\x90"},
    {0x5327, "\x71\x20\x69\xc3\xa8"},
    {0x5328, "\x7a\x20\xc4\x81\x6e\x67"},
    {0x5329, "\x6b\x20\x75\xc4\x81\x6e\x67"},
    {0x532A, "\x66\x20\xc4\x9b\x69"},
    {0x532B, "\x68\x20\xc5\xab"},
    {0x532C, "\x79\x20\xc7\x94"},
    {0x532D, "\x67\x20\x75\xc7\x90"},
    {0x532E, "\x6b\x20\x75\xc3\xac"},
    {0x532F, "\x68\x20\x75\xc3\xac"},
    {0x5330, "\x64\x20\xc4\x81\x6e"},
    {0x5331, "\x67\x20\x75\xc3\xac"},
    {0x5332, "\x6c\x20\x69\xc3\xa1\x6e"},
    {0x5333, "\x6c\x20\x69\xc3\xa1\x6e"},
    {0x5334, "\x73\x20\x75\xc7\x8e\x6e"},
    {0x5335, "\x64\x20\xc3\xba"},
    {0x5336, "\x6a\x20\x69\xc3\xb9"},
    {0x5337, "\x6a\x20\x75\xc3\xa9"},
    {0x5338, "\x78\x20\xc3\xac"},
    {0x5339, "\x70\x20\xc7\x90"},
    {0x533A, "\x71\x20\xc5\xab"},
    {0x533B, "\x79\x20\xc4\xab"},
    {0x533C, "\x6b\x20\xc4\x93"},
    {0x533D, "\x79\x20\xc7\x8e\x6e"},
    {0x533E, "\x62\x20\x69\xc7\x8e\x6e"},
    {0x533F, "\x6e\x20\xc3\xac"},
    {0x5340, "\x71\x20\xc5\xab"},
    {0x5341, "\x73\x68\x20\xc3\xad"},
    {0x5342, "\x78\x20\xc3\xb9\x6e"},
    {0x5343, "\x71\x20\x69\xc4\x81\x6e"},
    {0x5344, "\x6e\x20\x69\xc3\xa0\x6e"},
    {0x5345, "\x73\x20\xc3\xa0"},
    {0x5346, "\x7a\x20\xc3\xba"},
    {0x5347, "\x73\x68\x20\xc4\x93\x6e\x67"},
    {0x5348, "\x77\x20\xc7\x94"},
    {0x5349, "\x68\x20\x75\xc3\xac"},
    {0x534A, "\x62\x20\xc3\xa0\x6e"},
    {0x534B, "\x73\x68\x20\xc3\xac"},
    {0x534C, "\x78\x20\xc3\xac"},
    {0x534D, "\x77\x20\xc3\xa0\x6e"},
    {0x534E, "\x68\x20\x75\xc3\xa1"},
    {0x534F, "\x78\x20\x69\xc3\xa9"},
    {0x5350, "\x77\x20\xc3\xa0\x6e"},
    {0x5351, "\x62\x20\xc4\x93\x69"},
    {0x5352, "\x7a\x20\xc3\xba"},
    {0x5353, "\x7a\x68\x20\x75\xc3\xb3"},
    {0x5354, "\x78\x20\x69\xc3\xa9"},
    {0x5355, "\x64\x20\xc4\x81\x6e"},
    {0x5356, "\x6d\x20\xc3\xa0\x69"},
    {0x5357, "\x6e\x20\xc3\xa1\x6e"},
    {0x5358, "\x64\x20\xc4\x81\x6e"},
    {0x5359, "\x6a\x20\xc3\xad"},
    {0x535A, "\x62\x20\xc3\xb3"},
    {0x535B, "\x73\x68\x20\x75\xc3\xa0\x69"},
    {0x535C, "\x62\x20\x6f"},
    {0x535D, "\x6b\x20\x75\xc3\xa0\x6e\x67"},
    {0x535E, "\x62\x20\x69\xc3\xa0\x6e"},
    {0x535F, "\x62\x20\xc7\x94"},
    {0x5360, "\x7a\x68\x20\xc3\xa0\x6e"},
    {0x5361, "\x6b\x20\xc7\x8e"},
    {0x5362, "\x6c\x20\xc3\xba"},
    {0x5363, "\x79\x20\xc7\x92\x75"},
    {0x5364, "\x6c\x20\xc7\x94"},
    {0x5365, "\x78\x20\xc4\xab"},
    {0x5366, "\x67\x20\x75\xc3\xa0"},
    {0x5367, "\x77\x20\xc3\xb2"},
    {0x5368, "\x78\x20\x69\xc3\xa8"},
    {0x5369, "\x6a\x20\x69\xc3\xa9"},
    {0x536A, "\x6a\x20\x69\xc3\xa9"},
    {0x536B, "\x77\x20\xc3\xa8\x69"},
    {0x536C, "\xc3\xa1\x6e\x67"},
    {0x536D, "\x71\x20\x69\xc3\xb3\x6e\x67"},
    {0x536E, "\x7a\x68\x20\xc4\xab"},
    {0x536F, "\x6d\x20\xc7\x8e\x6f"},
    {0x5370, "\x79\x20\xc3\xac\x6e"},
    {0x5371, "\x77\x20\xc4\x93\x69"},
    {0x5372, "\x73\x68\x20\xc3\xa0\x6f"},
    {0x5373, "\x6a\x20\xc3\xad"},
    {0x5374, "\x71\x20\x75\xc3\xa8"},
    {0x5375, "\x6c\x20\x75\xc7\x8e\x6e"},
    {0x5376, "\x63\x68\x20\xc7\x90"},
    {0x5377, "\x6a\x20\x75\xc7\x8e\x6e"},
    {0x5378, "\x78\x20\x69\xc3\xa8"},
    {0x5379, "\x78\x20\xc3\xb9"},
    {0x537A, "\x6a\x20\xc7\x90\x6e"},
    {0x537B, "\x71\x20\x75\xc3\xa8"},
    {0x537C, "\x77\x20\xc3\xb9"},
    {0x537D, "\x6a\x20\xc3\xad"},
    {0x537E, "\xc3\xa8"},
    {0x537F, "\x71\x20\xc4\xab\x6e\x67"},
    {0x5380, "\x78\x20\xc4\xab"},
    {0x5381, "\x73\x20\xc4\x81\x6e"},
    {0x5382, "\x63\x68\x20\xc7\x8e\x6e\x67"},
    {0x5383, "\x77\x20\xc4\x9b\x69"},
    {0x5384, "\xc3\xa8"},
    {0x5385, "\x74\x20\xc4\xab\x6e\x67"},
    {0x5386, "\x6c\x20\xc3\xac"},
    {0x5387, "\x7a\x68\x20\xc3\xa9"},
    {0x5388, "\x68\x20\xc7\x8e\x6e"},
    {0x5389, "\x6c\x20\xc3\xac"},
    {0x538A, "\x79\x20\xc7\x8e"},
    {0x538B, "\x79\x20\xc4\x81"},
    {0x538C, "\x79\x20\xc3\xa0\x6e"},
    {0x538D, "\x73\x68\x20\xc3\xa8"},
    {0x538E, "\x64\x20\xc7\x90"},
    {0x538F, "\x7a\x68\x20\xc7\x8e"},
    {0x5390, "\x70\x20\xc3\xa1\x6e\x67"},
    {0x5391, "\x79\x20\xc3\xa1"},
    {0x5392, "\x71\x20\x69\xc3\xa8"},
    {0x5393, "\x79\x20\xc3\xa1"},
    {0x5394, "\x7a\x68\x20\xc3\xac"},
    {0x5395, "\x63\x20\xc3\xa8"},
    {0x5396, "\x70\x20\xc3\xa1\x6e\x67"},
    {0x5397, "\x74\x20\xc3\xad"},
    {0x5398, "\x6c\x20\xc3\xad"},
    {0x5399, "\x73\x68\x20\xc3\xa8"},
    {0x539A, "\x68\x20\xc3\xb2\x75"},
    {0x539B, "\x74\x20\xc4\xab\x6e\x67"},
    {0x539C, "\x7a\x20\x75\xc4\xab"},
    {0x539D, "\x63\x20\x75\xc3\xb2"},
    {0x539E, "\x66\x20\xc3\xa8\x69"},
    {0x539F, "\x79\x20\x75\xc3\xa1\x6e"},
    {0x53A0, "\x63\x20\xc3\xa8"},
    {0x53A1, "\x79\x20\x75\xc3\xa1\x6e"},
    {0x53A2, "\x78\x20\x69\xc4\x81\x6e\x67"},
    {0x53A3, "\x79\x20\xc7\x8e\x6e"},
    {0x53A4, "\x6c\x20\xc3\xac"},
    {0x53A5, "\x6a\x20\x75\xc3\xa9"},
    {0x53A6, "\x73\x68\x20\xc3\xa0"},
    {0x53A7, "\x64\x20\x69\xc4\x81\x6e"},
    {0x53A8, "\x63\x68\x20\xc3\xba"},
    {0x53A9, "\x6a\x20\x69\xc3\xb9"},
    {0x53AA, "\x6a\x20\xc7\x90\x6e"},
    {0x53AB, "\xc3\xa1\x6f"},
    {0x53AC, "\x67\x20\x75\xc7\x90"},
    {0x53AD, "\x79\x20\xc3\xa0\x6e"},
    {0x53AE, "\x73\x20\xc4\xab"},
    {0x53AF, "\x6c\x20\xc3\xac"},
    {0x53B0, "\x63\x68\x20\xc7\x8e\x6e\x67"},
    {0x53B1, "\x6c\x20\xc3\xa1\x6e"},
    {0x53B2, "\x6c\x20\xc3\xac"},
    {0x53B3, "\x79\x20\xc3\xa1\x6e"},
    {0x53B4, "\x79\x20\xc7\x8e\x6e"},
    {0x53B5, "\x79\x20\x75\xc3\xa1\x6e"},
    {0x53B6, "\x73\x20\xc4\xab"},
    {0x53B7, "\x67\x20\xc5\x8d\x6e\x67"},
    {0x53B8, "\x6c\x20\xc3\xad\x6e"},
    {0x53B9, "\x72\x20\xc3\xb3\x75"},
    {0x53BA, "\x71\x20\xc3\xb9"},
    {0x53BB, "\x71\x20\xc3\xb9"},
    {0x53BC, "\xc4\x9b\x72"},
    {0x53BD, "\x6c\x20\xc4\x9b\x69"},
    {0x53BE, "\x64\x20\xc5\xab"},
    {0x53BF, "\x78\x20\x69\xc3\xa0\x6e"},
    {0x53C0, "\x7a\x68\x20\x75\xc4\x81\x6e"},
    {0x53C1, "\x73\x20\xc4\x81\x6e"},
    {0x53C2, "\x63\x20\xc4\x81\x6e"},
    {0x53C3, "\x63\x20\xc4\x81\x6e"},
    {0x53C4, "\x63\x20\xc4\x81\x6e"},
    {0x53C5, "\x63\x20\xc4\x81\x6e"},
    {0x53C6, "\xc3\xa0\x69"},
    {0x53C7, "\x64\x20\xc3\xa0\x69"},
    {0x53C8, "\x79\x20\xc3\xb2\x75"},
    {0x53C9, "\x63\x68\x20\xc4\x81"},
    {0x53CA, "\x6a\x20\xc3\xad"},
    {0x53CB, "\x79\x20\xc7\x92\x75"},
    {0x53CC, "\x73\x68\x20\x75\xc4\x81\x6e\x67"},
    {0x53CD, "\x66\x20\xc7\x8e\x6e"},
    {0x53CE, "\x73\x68\x20\xc5\x8d\x75"},
    {0x53CF, "\x67\x20\x75\xc3\xa0\x69"},
    {0x53D0, "\x62\x20\xc3\xa1"},
    {0x53D1, "\x66\x20\xc4\x81"},
    {0x53D2, "\x72\x20\x75\xc3\xb2"},
    {0x53D3, "\x73\x68\x20\xc3\xac"},
    {0x53D4, "\x73\x68\x20\xc5\xab"},
    {0x53D5, "\x7a\x68\x20\x75\xc3\xb3"},
    {0x53D6, "\x71\x20\xc7\x94"},
    {0x53D7, "\x73\x68\x20\xc3\xb2\x75"},
    {0x53D8, "\x62\x20\x69\xc3\xa0\x6e"},
    {0x53D9, "\x78\x20\xc3\xb9"},
    {0x53DA, "\x6a\x20\x69\xc7\x8e"},
    {0x53DB, "\x70\x20\xc3\xa0\x6e"},
    {0x53DC, "\x73\x20\xc7\x92\x75"},
    {0x53DD, "\x6a\x20\xc3\xad"},
    {0x53DE, "\x77\x20\xc3\xa8\x69"},
    {0x53DF, "\x73\x20\xc7\x92\x75"},
    {0x53E0, "\x64\x20\x69\xc3\xa9"},
    {0x53E1, "\x72\x20\x75\xc3\xac"},
    {0x53E2, "\x63\x20\xc3\xb3\x6e\x67"},
    {0x53E3, "\x6b\x20\xc7\x92\x75"},
    {0x53E4, "\x67\x20\xc7\x94"},
    {0x53E5, "\x6a\x20\xc3\xb9"},
    {0x53E6, "\x6c\x20\xc3\xac\x6e\x67"},
    {0x53E7, "\x67\x20\x75\xc7\x8e"},
    {0x53E8, "\x64\x20\xc4\x81\x6f"},
    {0x53E9, "\x6b\x20\xc3\xb2\x75"},
    {0x53EA, "\x7a\x68\x20\xc7\x90"},
    {0x53EB, "\x6a\x20\x69\xc3\xa0\x6f"},
    {0x53EC, "\x7a\x68\x20\xc3\xa0\x6f"},
    {0x53ED, "\x62\x20\xc4\x81"},
    {0x53EE, "\x64\x20\xc4\xab\x6e\x67"},
    {0x53EF, "\x6b\x20\xc4\x9b"},
    {0x53F0, "\x74\x20\xc3\xa1\x69"},
    {0x53F1, "\x63\x68\x20\xc3\xac"},
    {0x53F2, "\x73\x68\x20\xc7\x90"},
    {0x53F3, "\x79\x20\xc3\xb2\x75"},
    {0x53F4, "\x71\x20\x69\xc3\xba"},
    {0x53F5, "\x70\x20\xc7\x92"},
    {0x53F6, "\x79\x20\xc3\xa8"},
    {0x53F7, "\x68\x20\xc3\xa0\x6f"},
    {0x53F8, "\x73\x20\xc4\xab"},
    {0x53F9, "\x74\x20\xc3\xa0\x6e"},
    {0x53FA, "\x63\x68\x20\xc7\x90"},
    {0x53FB, "\x6c\x20\xc3\xa8"},
    {0x53FC, "\x64\x20\x69\xc4\x81\x6f"},
    {0x53FD, "\x6a\x20\xc4\xab"},
    {0x53FE, "\x6c\x20\x69\xc7\x8e\x6f"},
    {0x53FF, "\x68\x20\xc5\x8d\x6e\x67"},
    {0x5400, "\x6d\x20\x69\xc4\x93"},
    {0x5401, "\x78\x20\xc5\xab"},
    {0x5402, "\x6d\x20\xc3\xa1\x6e\x67"},
    {0x5403, "\x63\x68\x20\xc4\xab"},
    {0x5404, "\x67\x20\xc3\xa8"},
    {0x5405, "\x78\x20\x75\xc4\x81\x6e"},
    {0x5406, "\x79\x20\xc4\x81\x6f"},
    {0x5407, "\x7a\x20\xc7\x90"},
    {0x5408, "\x68\x20\xc3\xa9"},
    {0x5409, "\x6a\x20\xc3\xad"},
    {0x540A, "\x64\x20\x69\xc3\xa0\x6f"},
    {0x540B, "\x63\x20\xc3\xb9\x6e"},
    {0x540C, "\x74\x20\xc3\xb3\x6e\x67"},
    {0x540D, "\x6d\x20\xc3\xad\x6e\x67"},
    {0x540E, "\x68\x20\xc3\xb2\x75"},
    {0x540F, "\x6c\x20\xc3\xac"},
    {0x5410, "\x74\x20\xc7\x94"},
    {0x5411, "\x78\x20\x69\xc3\xa0\x6e\x67"},
    {0x5412, "\x7a\x68\x20\xc4\x81"},
    {0x5413, "\x78\x20\x69\xc3\xa0"},
    {0x5414, "\x79\x20\xc4\x9b"},
    {0x5415, "\x6c\x20\xc7\x9a"},
    {0x5416, "\x79\x20\xc4\x81"},
    {0x5417, "\x6d\x20\x61"},
    {0x5418, "\xc7\x92\x75"},
    {0x5419, "\x68\x20\x75\xc5\x8d"},
    {0x541A, "\x79\x20\xc4\xab"},
    {0x541B, "\x6a\x20\xc5\xab\x6e"},
    {0x541C, "\x63\x68\x20\xc7\x92\x75"},
    {0x541D, "\x6c\x20\xc3\xac\x6e"},
    {0x541E, "\x74\x20\xc5\xab\x6e"},
    {0x541F, "\x79\x20\xc3\xad\x6e"},
    {0x5420, "\x66\x20\xc3\xa8\x69"},
    {0x5421, "\x62\x20\xc7\x90"},
    {0x5422, "\x71\x20\xc3\xac\x6e"},
    {0x5423, "\x71\x20\xc3\xac\x6e"},
    {0x5424, "\x6a\x20\x69\xc3\xa8"},
    {0x5425, "\x62\x20\xc3\xb9"},
    {0x5426, "\x66\x20\xc7\x92\x75"},
    {0x5427, "\x62\x20\x61"},
    {0x5428, "\x64\x20\xc5\xab\x6e"},
    {0x5429, "\x66\x20\xc4\x93\x6e"},
    {0x542A, "\xc3\xa9"},
    {0x542B, "\x68\x20\xc3\xa1\x6e"},
    {0x542C, "\x74\x20\xc4\xab\x6e\x67"},
    {0x542D, "\x6b\x20\xc4\x93\x6e\x67"},
    {0x542E, "\x73\x68\x20\xc7\x94\x6e"},
    {0x542F, "\x71\x20\xc7\x90"},
    {0x5430, "\x68\x20\xc3\xb3\x6e\x67"},
    {0x5431, "\x7a\x68\x20\xc4\xab"},
    {0x5432, "\x79\x20\xc7\x90\x6e"},
    {0x5433, "\x77\x20\xc3\xba"},
    {0x5434, "\x77\x20\xc3\xba"},
    {0x5435, "\x63\x68\x20\xc7\x8e\x6f"},
    {0x5436, "\x6e\x20\xc3\xa0"},
    {0x5437, "\x78\x20\x75\xc3\xa8"},
    {0x5438, "\x78\x20\xc4\xab"},
    {0x5439, "\x63\x68\x20\x75\xc4\xab"},
    {0x543A, "\x64\x20\xc5\x8d\x75"},
    {0x543B, "\x77\x20\xc4\x9b\x6e"},
    {0x543C, "\x68\x20\xc7\x92\x75"},
    {0x543D, "\x68\x20\xc5\x8d\x6e\x67"},
    {0x543E, "\x77\x20\xc3\xba"},
    {0x543F, "\x67\x20\xc3\xa0\x6f"},
    {0x5440, "\x79\x20\x61"},
    {0x5441, "\x6a\x20\xc3\xb9\x6e"},
    {0x5442, "\x6c\x20\xc7\x9a"},
    {0x5443, "\xc3\xa8"},
    {0x5444, "\x67\x20\xc3\xa9"},
    {0x5445, "\x6d\x20\xc3\xa9\x69"},
    {0x5446, "\x64\x20\xc4\x81\x69"},
    {0x5447, "\x71\x20\xc7\x90"},
    {0x5448, "\x63\x68\x20\xc3\xa9\x6e\x67"},
    {0x5449, "\x77\x20\xc3\xba"},
    {0x544A, "\x67\x20\xc3\xa0\x6f"},
    {0x544B, "\x66\x20\xc5\xab"},
    {0x544C, "\x6a\x20\x69\xc3\xa0\x6f"},
    {0x544D, "\x68\x20\xc5\x8d\x6e\x67"},
    {0x544E, "\x63\x68\x20\xc7\x90"},
    {0x544F, "\x73\x68\x20\xc4\x93\x6e\x67"},
    {0x5450, "\x6e\x20\xc3\xa0"},
    {0x5451, "\x74\x20\xc5\xab\x6e"},
    {0x5452, "\x77\x20\xc7\x94"},
    {0x5453, "\x79\x20\xc3\xac"},
    {0x5454, "\x64\x20\xc4\x81\x69"},
    {0x5455, "\xc7\x92\x75"},
    {0x5456, "\x6c\x20\xc3\xac"},
    {0x5457, "\x62\x20\x65\x69"},
    {0x5458, "\x79\x20\x75\xc3\xa1\x6e"},
    {0x5459, "\x67\x20\x75\xc5\x8d"},
    {0x545A, "\x77\x20\x65\x6e"},
    {0x545B, "\x71\x20\x69\xc4\x81\x6e\x67"},
    {0x545C, "\x77\x20\xc5\xab"},
    {0x545D, "\xc3\xa8"},
    {0x545E, "\x73\x68\x20\xc4\xab"},
    {0x545F, "\x6a\x20\x75\xc7\x8e\x6e"},
    {0x5460, "\x70\x20\xc4\x9b\x6e"},
    {0x5461, "\x77\x20\xc4\x9b\x6e"},
    {0x5462, "\x6e\x20\x65"},
    {0x5463, "\xe1\xb8\xbf"},
    {0x5464, "\x6c\x20\xc3\xac\x6e\x67"},
    {0x5465, "\x72\x20\xc3\xa1\x6e"},
    {0x5466, "\x79\x20\xc5\x8d\x75"},
    {0x5467, "\x64\x20\xc7\x90"},
    {0x5468, "\x7a\x68\x20\xc5\x8d\x75"},
    {0x5469, "\x73\x68\x20\xc3\xac"},
    {0x546A, "\x7a\x68\x20\xc3\xb2\x75"},
    {0x546B, "\x74\x20\x69\xc3\xa8"},
    {0x546C, "\x78\x20\xc3\xac"},
    {0x546D, "\x79\x20\xc3\xac"},
    {0x546E, "\x71\x20\xc3\xac"},
    {0x546F, "\x70\x20\xc3\xad\x6e\x67"},
    {0x5470, "\x7a\x20\xc7\x90"},
    {0x5471, "\x67\x20\xc5\xab"},
    {0x5472, "\x63\x20\xc4\xab"},
    {0x5473, "\x77\x20\xc3\xa8\x69"},
    {0x5474, "\x78\x20\xc7\x94"},
    {0x5475, "\x68\x20\xc4\x93"},
    {0x5476, "\x6e\x20\xc3\xa1\x6f"},
    {0x5477, "\x67\x20\xc4\x81"},
    {0x5478, "\x70\x20\xc4\x93\x69"},
    {0x5479, "\x79\x20\xc3\xac"},
    {0x547A, "\x78\x20\x69\xc4\x81\x6f"},
    {0x547B, "\x73\x68\x20\xc4\x93\x6e"},
    {0x547C, "\x68\x20\xc5\xab"},
    {0x547D, "\x6d\x20\xc3\xac\x6e\x67"},
    {0x547E, "\x64\x20\xc3\xa1"},
    {0x547F, "\x71\x20\xc3\xb9"},
    {0x5480, "\x6a\x20\xc7\x94"},
    {0x5481, "\x67\x20\xc3\xa0\x6e"},
    {0x5482, "\x7a\x20\xc4\x81"},
    {0x5483, "\x74\x20\x75\xc5\x8d"},
    {0x5484, "\x64\x20\x75\xc5\x8d"},
    {0x5485, "\x70\x20\xc7\x92\x75"},
    {0x5486, "\x70\x20\xc3\xa1\x6f"},
    {0x5487, "\x62\x20\x69\xc3\xa9"},
    {0x5488, "\x66\x20\xc3\xba"},
    {0x5489, "\x79\x20\xc4\x81\x6e\x67"},
    {0x548A, "\x68\x20\xc3\xa9"},
    {0x548B, "\x7a\x20\xc7\x8e"},
    {0x548C, "\x68\x20\xc3\xa9"},
    {0x548D, "\x68\x20\xc4\x81\x69"},
    {0x548E, "\x6a\x20\x69\xc3\xb9"},
    {0x548F, "\x79\x20\xc7\x92\x6e\x67"},
    {0x5490, "\x66\x20\xc3\xb9"},
    {0x5491, "\x64\x20\xc4\x81"},
    {0x5492, "\x7a\x68\x20\xc3\xb2\x75"},
    {0x5493, "\x77\x20\xc7\x8e"},
    {0x5494, "\x6b\x20\xc4\x81"},
    {0x5495, "\x67\x20\xc5\xab"},
    {0x5496, "\x6b\x20\xc4\x81"},
    {0x5497, "\x7a\x20\x75\x6f"},
    {0x5498, "\x62\x20\xc3\xb9"},
    {0x5499, "\x6c\x20\xc3\xb3\x6e\x67"},
    {0x549A, "\x64\x20\xc5\x8d\x6e\x67"},
    {0x549B, "\x6e\x20\xc3\xad\x6e\x67"},
    {0x549C, "\x74\x20\x61"},
    {0x549D, "\x73\x20\xc4\xab"},
    {0x549E, "\x78\x20\x69\xc3\xa0\x6e"},
    {0x549F, "\x68\x20\x75\xc3\xb2"},
    {0x54A0, "\x71\x20\xc3\xac"},
    {0x54A1, "\xc3\xa8\x72"},
    {0x54A2, "\xc3\xa8"},
    {0x54A3, "\x67\x20\x75\xc4\x81\x6e\x67"},
    {0x54A4, "\x7a\x68\x20\xc3\xa0"},
    {0x54A5, "\x78\x20\xc3\xac"},
    {0x54A6, "\x79\x20\xc3\xad"},
    {0x54A7, "\x6c\x20\x69\xc4\x9b"},
    {0x54A8, "\x7a\x20\xc4\xab"},
    {0x54A9, "\x6d\x20\x69\xc4\x93"},
    {0x54AA, "\x6d\x20\xc4\xab"},
    {0x54AB, "\x7a\x68\x20\xc7\x90"},
    {0x54AC, "\x79\x20\xc7\x8e\x6f"},
    {0x54AD, "\x6a\x20\xc4\xab"},
    {0x54AE, "\x7a\x68\x20\xc3\xb2\x75"},
    {0x54AF, "\x67\x20\xc4\x93"},
    {0x54B0, "\x73\x68\x20\xc3\xb9"},
    {0x54B1, "\x7a\x20\xc3\xa1\x6e"},
    {0x54B2, "\x78\x20\x69\xc3\xa0\x6f"},
    {0x54B3, "\x6b\x20\xc3\xa9"},
    {0x54B4, "\x68\x20\x75\xc4\xab"},
    {0x54B5, "\x6b\x20\x75\xc7\x8e"},
    {0x54B6, "\x68\x20\x75\xc3\xa0\x69"},
    {0x54B7, "\x74\x20\xc3\xa1\x6f"},
    {0x54B8, "\x78\x20\x69\xc3\xa1\x6e"},
    {0x54B9, "\xc3\xa8"},
    {0x54BA, "\x78\x20\x75\xc7\x8e\x6e"},
    {0x54BB, "\x78\x20\x69\xc5\xab"},
    {0x54BC, "\x67\x20\x75\xc5\x8d"},
    {0x54BD, "\x79\x20\xc3\xa0\x6e"},
    {0x54BE, "\x6c\x20\xc7\x8e\x6f"},
    {0x54BF, "\x79\x20\xc4\xab"},
    {0x54C0, "\xc4\x81\x69"},
    {0x54C1, "\x70\x20\xc7\x90\x6e"},
    {0x54C2, "\x73\x68\x20\xc4\x9b\x6e"},
    {0x54C3, "\x74\x20\xc3\xb3\x6e\x67"},
    {0x54C4, "\x68\x20\xc7\x92\x6e\x67"},
    {0x54C5, "\x78\x20\x69\xc5\x8d\x6e\x67"},
    {0x54C6, "\x64\x20\x75\xc5\x8d"},
    {0x54C7, "\x77\x20\x61"},
    {0x54C8, "\x68\x20\xc4\x81"},
    {0x54C9, "\x7a\x20\xc4\x81\x69"},
    {0x54CA, "\x79\x20\xc3\xb2\x75"},
    {0x54CB, "\x64\x20\x69\xc3\xa8"},
    {0x54CC, "\x70\x20\xc3\xa0\x69"},
    {0x54CD, "\x78\x20\x69\xc7\x8e\x6e\x67"},
    {0x54CE, "\xc4\x81\x69"},
    {0x54CF, "\x67\x20\xc3\xa9\x6e"},
    {0x54D0, "\x6b\x20\x75\xc4\x81\x6e\x67"},
    {0x54D1, "\x79\x20\xc7\x8e"},
    {0x54D2, "\x64\x20\xc3\xa1"},
    {0x54D3, "\x78\x20\x69\xc4\x81\x6f"},
    {0x54D4, "\x62\x20\xc3\xac"},
    {0x54D5, "\x68\x20\x75\xc3\xac"},
    {0x54D6, "\x6e\x20\x69\xc3\xa1\x6e"},
    {0x54D7, "\x68\x20\x75\xc4\x81"},
    {0x54D8, "\x78\x20\x69\x6e\x67"},
    {0x54D9, "\x6b\x20\x75\xc3\xa0\x69"},
    {0x54DA, "\x64\x20\x75\xc7\x92"},
    {0x54DB, "\x66\x20\xc4\x93\x6e"},
    {0x54DC, "\x6a\x20\xc3\xac"},
    {0x54DD, "\x6e\x20\xc3\xb3\x6e\x67"},
    {0x54DE, "\x6d\x20\xc5\x8d\x75"},
    {0x54DF, "\x79\x20\xc5\x8d"},
    {0x54E0, "\x68\x20\xc3\xa0\x6f"},
    {0x54E1, "\x79\x20\x75\xc3\xa1\x6e"},
    {0x54E2, "\x6c\x20\xc3\xb2\x6e\x67"},
    {0x54E3, "\x70\x20\xc7\x92\x75"},
    {0x54E4, "\x6d\x20\xc3\xa1\x6e\x67"},
    {0x54E5, "\x67\x20\xc4\x93"},
    {0x54E6, "\xc3\xb3"},
    {0x54E7, "\x63\x68\x20\xc4\xab"},
    {0x54E8, "\x73\x68\x20\xc3\xa0\x6f"},
    {0x54E9, "\x6c\x20\xc4\xab"},
    {0x54EA, "\x6e\x20\xc7\x8e"},
    {0x54EB, "\x7a\x20\xc3\xba"},
    {0x54EC, "\x68\x20\xc3\xa9"},
    {0x54ED, "\x6b\x20\xc5\xab"},
    {0x54EE, "\x78\x20\x69\xc4\x81\x6f"},
    {0x54EF, "\x78\x20\x69\xc3\xa0\x6e"},
    {0x54F0, "\x6c\x20\xc3\xa1\x6f"},
    {0x54F1, "\x62\x20\xc5\x8d"},
    {0x54F2, "\x7a\x68\x20\xc3\xa9"},
    {0x54F3, "\x7a\x68\x20\xc4\x81"},
    {0x54F4, "\x6c\x20\x69\xc3\xa0\x6e\x67"},
    {0x54F5, "\x62\x20\xc4\x81"},
    {0x54F6, "\x6d\x20\x69\xc4\x93"},
    {0x54F7, "\x6c\x20\x69\xc3\xa8"},
    {0x54F8, "\x73\x20\x75\xc4\xab"},
    {0x54F9, "\x66\x20\xc3\xba"},
    {0x54FA, "\x62\x20\xc7\x94"},
    {0x54FB, "\x68\x20\xc4\x81\x6e"},
    {0x54FC, "\x68\x20\xc4\x93\x6e\x67"},
    {0x54FD, "\x67\x20\xc4\x9b\x6e\x67"},
    {0x54FE, "\x73\x68\x20\x75\xc5\x8d"},
    {0x54FF, "\x67\x20\xc4\x9b"},
    {0x5500, "\x79\x20\xc3\xb2\x75"},
    {0x5501, "\x79\x20\xc3\xa0\x6e"},
    {0x5502, "\x67\x20\xc5\xab"},
    {0x5503, "\x67\x20\xc7\x94"},
    {0x5504, "\x62\x20\x65\x69"},
    {0x5505, "\x68\x20\xc3\xa1\x6e"},
    {0x5506, "\x73\x20\x75\xc5\x8d"},
    {0x5507, "\x63\x68\x20\xc3\xba\x6e"},
    {0x5508, "\x79\x20\xc3\xac"},
    {0x5509, "\xc4\x81\x69"},
    {0x550A, "\x6a\x20\x69\xc3\xa1"},
    {0x550B, "\x74\x20\xc5\xab"},
    {0x550C, "\x78\x20\x69\xc3\xa1\x6e"},
    {0x550D, "\x77\x20\xc7\x8e\x6e"},
    {0x550E, "\x6c\x20\xc3\xac"},
    {0x550F, "\x78\x20\xc4\xab"},
    {0x5510, "\x74\x20\xc3\xa1\x6e\x67"},
    {0x5511, "\x7a\x20\x75\xc3\xb2"},
    {0x5512, "\x71\x20\x69\xc3\xba"},
    {0x5513, "\x63\x68\x20\xc4\x93"},
    {0x5514, "\x77\x20\xc3\xba"},
    {0x5515, "\x7a\x20\xc3\xa0\x6f"},
    {0x5516, "\x79\x20\xc7\x8e"},
    {0x5517, "\x64\x20\xc5\x8d\x75"},
    {0x5518, "\x71\x20\xc7\x90"},
    {0x5519, "\x64\x20\xc3\xad"},
    {0x551A, "\x71\x20\xc3\xac\x6e"},
    {0x551B, "\x6d\x20\xc3\xa0"},
    {0x551C, "\x6d\x20\xc3\xb2"},
    {0x551D, "\x67\x20\xc3\xb2\x6e\x67"},
    {0x551E, "\x64\x20\xc7\x92\x75"},
    {0x551F, "\x71\x20\xc3\xb9"},
    {0x5520, "\x6c\x20\xc3\xa1\x6f"},
    {0x5521, "\x6c\x20\x69\xc7\x8e\x6e\x67"},
    {0x5522, "\x73\x20\x75\xc7\x92"},
    {0x5523, "\x7a\x20\xc3\xa0\x6f"},
    {0x5524, "\x68\x20\x75\xc3\xa0\x6e"},
    {0x5525, "\x6c\x20\x61\x6e\x67"},
    {0x5526, "\x73\x68\x20\xc4\x81"},
    {0x5527, "\x6a\x20\xc4\xab"},
    {0x5528, "\x7a\x20\xc7\x94"},
    {0x5529, "\x77\x20\xc5\x8d"},
    {0x552A, "\x66\x20\xc4\x9b\x6e\x67"},
    {0x552B, "\x6a\x20\xc3\xac\x6e"},
    {0x552C, "\x68\x20\xc7\x94"},
    {0x552D, "\x71\x20\xc3\xac"},
    {0x552E, "\x73\x68\x20\xc3\xb2\x75"},
    {0x552F, "\x77\x20\xc3\xa9\x69"},
    {0x5530, "\x73\x68\x20\x75\xc4\x81"},
    {0x5531, "\x63\x68\x20\xc3\xa0\x6e\x67"},
    {0x5532, "\xc3\xa9\x72"},
    {0x5533, "\x6c\x20\xc3\xac"},
    {0x5534, "\x71\x20\x69\xc3\xa0\x6e\x67"},
    {0x5535, "\xc7\x8e\x6e"},
    {0x5536, "\x7a\x20\xc3\xa9"},
    {0x5537, "\x79\x20\xc5\x8d"},
    {0x5538, "\x6e\x20\x69\xc3\xa0\x6e"},
    {0x5539, "\x79\x20\xc5\xab"},
    {0x553A, "\x74\x20\x69\xc7\x8e\x6e"},
    {0x553B, "\x6c\x20\xc3\xa0\x69"},
    {0x553C, "\x73\x68\x20\xc3\xa0"},
    {0x553D, "\x78\x20\xc4\xab"},
    {0x553E, "\x74\x20\x75\xc3\xb2"},
    {0x553F, "\x68\x20\xc5\xab"},
    {0x5540, "\xc3\xa1\x69"},
    {0x5541, "\x7a\x68\x20\xc4\x81\x6f"},
    {0x5542, "\x6e\x20\xc7\x92\x75"},
    {0x5543, "\x6b\x20\xc4\x9b\x6e"},
    {0x5544, "\x7a\x68\x20\x75\xc3\xb3"},
    {0x5545, "\x7a\x68\x20\x75\xc3\xb3"},
    {0x5546, "\x73\x68\x20\xc4\x81\x6e\x67"},
    {0x5547, "\x64\x20\xc3\xac"},
    {0x5548, "\x68\x20\xc4\x93\x6e\x67"},
    {0x5549, "\x6c\x20\xc3\xad\x6e"},
    {0x554A, "\x61"},
    {0x554B, "\x63\x20\xc7\x8e\x69"},
    {0x554C, "\x78\x20\x69\xc4\x81\x6e\x67"},
    {0x554D, "\x74\x20\xc5\xab\x6e"},
    {0x554E, "\x77\x20\xc7\x94"},
    {0x554F, "\x77\x20\xc3\xa8\x6e"},
    {0x5550, "\x63\x20\x75\xc3\xac"},
    {0x5551, "\x73\x68\x20\xc3\xa0"},
    {0x5552, "\x67\x20\xc7\x94"},
    {0x5553, "\x71\x20\xc7\x90"},
    {0x5554, "\x71\x20\xc7\x90"},
    {0x5555, "\x74\x20\xc3\xa1\x6f"},
    {0x5556, "\x64\x20\xc3\xa0\x6e"},
    {0x5557, "\x64\x20\xc3\xa0\x6e"},
    {0x5558, "\x79\x20\xc3\xa8"},
    {0x5559, "\x7a\x20\xc7\x90"},
    {0x555A, "\x62\x20\xc7\x90"},
    {0x555B, "\x63\x20\x75\xc3\xac"},
    {0x555C, "\x63\x68\x20\x75\xc3\xa0\x69"},
    {0x555D, "\x68\x20\xc3\xa9"},
    {0x555E, "\x79\x20\xc7\x8e"},
    {0x555F, "\x71\x20\xc7\x90"},
    {0x5560, "\x7a\x68\x20\xc3\xa9"},
    {0x5561, "\x66\x20\xc4\x93\x69"},
    {0x5562, "\x6c\x20\x69\xc7\x8e\x6e\x67"},
    {0x5563, "\x78\x20\x69\xc3\xa1\x6e"},
    {0x5564, "\x70\x20\xc3\xad"},
    {0x5565, "\x73\x68\x20\xc3\xa1"},
    {0x5566, "\x6c\x20\x61"},
    {0x5567, "\x7a\x20\xc3\xa9"},
    {0x5568, "\x79\x20\xc4\xab\x6e\x67"},
    {0x5569, "\x67\x20\x75\xc3\xa0"},
    {0x556A, "\x70\x20\xc4\x81"},
    {0x556B, "\x7a\x68\x20\xc4\x9b"},
    {0x556C, "\x73\x20\xc3\xa8"},
    {0x556D, "\x7a\x68\x20\x75\xc3\xa0\x6e"},
    {0x556E, "\x6e\x20\x69\xc3\xa8"},
    {0x556F, "\x67\x20\x75\xc5\x8d"},
    {0x5570, "\x6c\x20\x75\xc5\x8d"},
    {0x5571, "\x79\x20\xc3\xa1\x6e"},
    {0x5572, "\x64\x20\xc4\xab"},
    {0x5573, "\x71\x20\x75\xc3\xa1\x6e"},
    {0x5574, "\x63\x68\x20\xc7\x8e\x6e"},
    {0x5575, "\x62\x20\xc5\x8d"},
    {0x5576, "\x64\x20\xc3\xac\x6e\x67"},
    {0x5577, "\x6c\x20\xc4\x81\x6e\x67"},
    {0x5578, "\x78\x20\x69\xc3\xa0\x6f"},
    {0x5579, "\x6a\x20\xc3\xba"},
    {0x557A, "\x74\x20\xc3\xa1\x6e\x67"},
    {0x557B, "\x63\x68\x20\xc3\xac"},
    {0x557C, "\x74\x20\xc3\xad"},
    {0x557D, "\xc3\xa1\x6e"},
    {0x557E, "\x6a\x20\x69\xc5\xab"},
    {0x557F, "\x64\x20\xc3\xa0\x6e"},
    {0x5580, "\x6b\x20\xc4\x81"},
    {0x5581, "\x79\x20\xc3\xb3\x6e\x67"},
    {0x5582, "\x77\x20\xc3\xa8\x69"},
    {0x5583, "\x6e\x20\xc3\xa1\x6e"},
    {0x5584, "\x73\x68\x20\xc3\xa0\x6e"},
    {0x5585, "\x79\x20\xc3\xb9"},
    {0x5586, "\x7a\x68\x20\xc3\xa9"},
    {0x5587, "\x6c\x20\xc7\x8e"},
    {0x5588, "\x6a\x20\x69\xc4\x93"},
    {0x5589, "\x68\x20\xc3\xb3\x75"},
    {0x558A, "\x68\x20\xc7\x8e\x6e"},
    {0x558B, "\x64\x20\x69\xc3\xa9"},
    {0x558C, "\x7a\x68\x20\xc5\x8d\x75"},
    {0x558D, "\x63\x68\x20\xc3\xa1\x69"},
    {0x558E, "\x77\x20\xc4\x81\x69"},
    {0x558F, "\x6e\x20\x75\xc3\xb2"},
    {0x5590, "\x79\x20\xc3\xb9"},
    {0x5591, "\x79\x20\xc4\xab\x6e"},
    {0x5592, "\x7a\x20\xc3\xa1"},
    {0x5593, "\x79\x20\xc4\x81\x6f"},
    {0x5594, "\xc5\x8d"},
    {0x5595, "\x6d\x20\x69\xc7\x8e\x6e"},
    {0x5596, "\x68\x20\xc3\xba"},
    {0x5597, "\x79\x20\xc7\x94\x6e"},
    {0x5598, "\x63\x68\x20\x75\xc7\x8e\x6e"},
    {0x5599, "\x68\x20\x75\xc3\xac"},
    {0x559A, "\x68\x20\x75\xc3\xa0\x6e"},
    {0x559B, "\x68\x20\x75\xc3\xa0\x6e"},
    {0x559C, "\x78\x20\xc7\x90"},
    {0x559D, "\x68\x20\xc4\x93"},
    {0x559E, "\x6a\x20\xc4\xab"},
    {0x559F, "\x6b\x20\x75\xc3\xac"},
    {0x55A0, "\x7a\x68\x20\xc7\x92\x6e\x67"},
    {0x55A1, "\x77\x20\xc3\xa9\x69"},
    {0x55A2, "\x73\x68\x20\xc3\xa0"},
    {0x55A3, "\x78\x20\xc7\x94"},
    {0x55A4, "\x68\x20\x75\xc3\xa1\x6e\x67"},
    {0x55A5, "\x64\x20\x75\xc3\xb3"},
    {0x55A6, "\x6e\x20\x69\xc3\xa8"},
    {0x55A7, "\x78\x20\x75\xc4\x81\x6e"},
    {0x55A8, "\x6c\x20\x69\xc3\xa0\x6e\x67"},
    {0x55A9, "\x79\x20\xc3\xb9"},
    {0x55AA, "\x73\x20\xc3\xa0\x6e\x67"},
    {0x55AB, "\x63\x68\x20\xc4\xab"},
    {0x55AC, "\x71\x20\x69\xc3\xa1\x6f"},
    {0x55AD, "\x79\x20\xc3\xa0\x6e"},
    {0x55AE, "\x64\x20\xc4\x81\x6e"},
    {0x55AF, "\x70\x20\xc3\xa8\x6e"},
    {0x55B0, "\x63\x20\xc4\x81\x6e"},
    {0x55B1, "\x6c\x20\xc3\xad"},
    {0x55B2, "\x79\x20\xc5\x8d"},
    {0x55B3, "\x7a\x68\x20\xc4\x81"},
    {0x55B4, "\x77\x20\xc4\x93\x69"},
    {0x55B5, "\x6d\x20\x69\xc4\x81\x6f"},
    {0x55B6, "\x79\x20\xc3\xad\x6e\x67"},
    {0x55B7, "\x70\x20\xc4\x93\x6e"},
    {0x55B8, "\x62\x20\xc7\x94"},
    {0x55B9, "\x6b\x20\x75\xc3\xad"},
    {0x55BA, "\x78\x20\xc3\xad"},
    {0x55BB, "\x79\x20\xc3\xb9"},
    {0x55BC, "\x6a\x20\x69\xc4\x93"},
    {0x55BD, "\x6c\x20\xc3\xb3\x75"},
    {0x55BE, "\x6b\x20\xc3\xb9"},
    {0x55BF, "\x7a\x20\xc3\xa0\x6f"},
    {0x55C0, "\x68\x20\xc3\xb9"},
    {0x55C1, "\x74\x20\xc3\xad"},
    {0x55C2, "\x79\x20\xc3\xa1\x6f"},
    {0x55C3, "\x68\x20\xc3\xa8"},
    {0x55C4, "\xc3\xa1"},
    {0x55C5, "\x78\x20\x69\xc3\xb9"},
    {0x55C6, "\x71\x20\x69\xc4\x81\x6e\x67"},
    {0x55C7, "\x73\x20\xc3\xa8"},
    {0x55C8, "\x79\x20\xc5\x8d\x6e\x67"},
    {0x55C9, "\x73\x20\xc3\xb9"},
    {0x55CA, "\x68\x20\xc7\x92\x6e\x67"},
    {0x55CB, "\x78\x20\x69\xc3\xa9"},
    {0x55CC, "\xc3\xa0\x69"},
    {0x55CD, "\x73\x20\x75\xc5\x8d"},
    {0x55CE, "\x6d\x20\x61"},
    {0x55CF, "\x63\x68\x20\xc4\x81"},
    {0x55D0, "\x68\x20\xc3\xa0\x69"},
    {0x55D1, "\x6b\x20\xc4\x93"},
    {0x55D2, "\x64\x20\xc4\x81"},
    {0x55D3, "\x73\x20\xc7\x8e\x6e\x67"},
    {0x55D4, "\x63\x68\x20\xc4\x93\x6e"},
    {0x55D5, "\x72\x20\xc3\xb9"},
    {0x55D6, "\x73\x20\xc5\x8d\x75"},
    {0x55D7, "\x77\x20\xc4\x81"},
    {0x55D8, "\x6a\x20\xc4\xab"},
    {0x55D9, "\x70\x20\xc7\x8e\x6e\x67"},
    {0x55DA, "\x77\x20\xc5\xab"},
    {0x55DB, "\x71\x20\x69\xc7\x8e\x6e"},
    {0x55DC, "\x73\x68\x20\xc3\xac"},
    {0x55DD, "\x67\x20\xc3\xa9"},
    {0x55DE, "\x7a\x20\xc4\xab"},
    {0x55DF, "\x6a\x20\x69\xc4\x93"},
    {0x55E0, "\x6c\x20\xc3\xa0\x6f"},
    {0x55E1, "\x77\x20\xc4\x93\x6e\x67"},
    {0x55E2, "\x77\x20\xc3\xa0"},
    {0x55E3, "\x73\x20\xc3\xac"},
    {0x55E4, "\x63\x68\x20\xc4\xab"},
    {0x55E5, "\x68\x20\xc3\xa1\x6f"},
    {0x55E6, "\x73\x20\x75\x6f"},
    {0x55E8, "\x68\x20\xc4\x81\x69"},
    {0x55E9, "\x73\x20\x75\xc7\x92"},
    {0x55EA, "\x71\x20\xc3\xad\x6e"},
    {0x55EB, "\x6e\x20\x69\xc3\xa8"},
    {0x55EC, "\x68\x20\xc4\x93"},
    {0x55ED, "\x7a\x68\x20\xc3\xad"},
    {0x55EE, "\x73\x20\xc3\xa0\x69"},
    {0x55EF, "\xc5\x84"},
    {0x55F0, "\x67\x20\xc4\x9b"},
    {0x55F1, "\x6e\x20\xc3\xa1"},
    {0x55F2, "\x64\x20\x69\xc4\x93"},
    {0x55F3, "\xc4\x81\x69"},
    {0x55F4, "\x71\x20\x69\xc4\x81\x6e\x67"},
    {0x55F5, "\x74\x20\xc5\x8d\x6e\x67"},
    {0x55F6, "\x62\x20\xc3\xac"},
    {0x55F7, "\xc3\xa1\x6f"},
    {0x55F8, "\xc3\xa1\x6f"},
    {0x55F9, "\x6c\x20\x69\xc3\xa1\x6e"},
    {0x55FA, "\x7a\x20\x75\xc4\xab"},
    {0x55FB, "\x7a\x68\x20\xc4\x93"},
    {0x55FC, "\x6d\x20\xc3\xb2"},
    {0x55FD, "\x73\x20\xc3\xb2\x75"},
    {0x55FE, "\x73\x20\xc7\x92\x75"},
    {0x55FF, "\x74\x20\xc7\x8e\x6e"},
    {0x5600, "\x64\x20\xc3\xad"},
    {0x5601, "\x71\x20\xc4\xab"},
    {0x5602, "\x6a\x20\x69\xc3\xa0\x6f"},
    {0x5603, "\x63\x68\x20\xc5\x8d\x6e\x67"},
    {0x5604, "\x6a\x20\x69\xc4\x81\x6f"},
    {0x5605, "\x6b\x20\xc7\x8e\x69"},
    {0x5606, "\x74\x20\xc3\xa0\x6e"},
    {0x5607, "\x73\x68\x20\xc4\x81\x6e"},
    {0x5608, "\x63\x20\xc3\xa1\x6f"},
    {0x5609, "\x6a\x20\x69\xc4\x81"},
    {0x560A, "\xc3\xa1\x69"},
    {0x560B, "\x78\x20\x69\xc3\xa0\x6f"},
    {0x560C, "\x70\x20\x69\xc3\xa0\x6f"},
    {0x560D, "\x6c\x20\xc3\xb3\x75"},
    {0x560E, "\x67\x20\xc4\x81"},
    {0x560F, "\x67\x20\xc7\x94"},
    {0x5610, "\x78\x20\x69\xc4\x81\x6f"},
    {0x5611, "\x68\x20\xc5\xab"},
    {0x5612, "\x68\x20\x75\xc3\xac"},
    {0x5613, "\x67\x20\x75\xc5\x8d"},
    {0x5614, "\xc7\x92\x75"},
    {0x5615, "\x78\x20\x69\xc4\x81\x6e"},
    {0x5616, "\x7a\x20\xc3\xa9"},
    {0x5617, "\x63\x68\x20\xc3\xa1\x6e\x67"},
    {0x5618, "\x78\x20\xc5\xab"},
    {0x5619, "\x70\x20\xc3\xb3"},
    {0x561A, "\x64\x20\xc4\x93"},
    {0x561B, "\x6d\x20\x61"},
    {0x561C, "\x6d\x20\xc3\xa0"},
    {0x561D, "\x68\x20\xc3\xba"},
    {0x561E, "\x6c\x20\x65\x69"},
    {0x561F, "\x64\x20\xc5\xab"},
    {0x5620, "\x67\x20\xc4\x81"},
    {0x5621, "\x74\x20\xc4\x81\x6e\x67"},
    {0x5622, "\x79\x20\xc4\x9b"},
    {0x5623, "\x62\x20\xc4\x93\x6e\x67"},
    {0x5624, "\x79\x20\xc4\xab\x6e\x67"},
    {0x5625, "\x73\x20\xc4\x81\x69"},
    {0x5626, "\x6a\x20\x69\xc3\xa0\x6f"},
    {0x5627, "\x6d\x20\xc3\xac"},
    {0x5628, "\x78\x20\x69\xc3\xa0\x6f"},
    {0x5629, "\x68\x20\x75\xc4\x81"},
    {0x562A, "\x6d\x20\xc7\x8e\x69"},
    {0x562B, "\x72\x20\xc3\xa1\x6e"},
    {0x562C, "\x63\x68\x20\x75\xc3\xa0\x69"},
    {0x562D, "\x70\x20\xc4\x93\x6e\x67"},
    {0x562E, "\x6c\x20\xc3\xa1\x6f"},
    {0x562F, "\x78\x20\x69\xc3\xa0\x6f"},
    {0x5630, "\x6a\x20\xc4\xab"},
    {0x5631, "\x7a\x68\x20\xc7\x94"},
    {0x5632, "\x63\x68\x20\xc3\xa1\x6f"},
    {0x5633, "\x6b\x20\x75\xc3\xac"},
    {0x5634, "\x7a\x20\x75\xc7\x90"},
    {0x5635, "\x78\x20\x69\xc4\x81\x6f"},
    {0x5636, "\x73\x20\xc4\xab"},
    {0x5637, "\x68\x20\xc3\xa1\x6f"},
    {0x5638, "\x66\x20\xc7\x94"},
    {0x5639, "\x6c\x20\x69\xc3\xa1\x6f"},
    {0x563A, "\x71\x20\x69\xc3\xa1\x6f"},
    {0x563B, "\x78\x20\xc4\xab"},
    {0x563C, "\x63\x68\x20\xc3\xb9"},
    {0x563D, "\x63\x68\x20\xc7\x8e\x6e"},
    {0x563E, "\x64\x20\xc3\xa0\x6e"},
    {0x563F, "\x68\x20\xc4\x93\x69"},
    {0x5640, "\x78\x20\xc3\xb9\x6e"},
    {0x5641, "\xc4\x9b"},
    {0x5642, "\x7a\x20\xc7\x94\x6e"},
    {0x5643, "\x66\x20\xc4\x81\x6e"},
    {0x5644, "\x63\x68\x20\xc4\xab"},
    {0x5645, "\x68\x20\x75\xc4\xab"},
    {0x5646, "\x7a\x20\xc7\x8e\x6e"},
    {0x5647, "\x63\x68\x20\x75\xc3\xa1\x6e\x67"},
    {0x5648, "\x63\x20\xc3\xb9"},
    {0x5649, "\x64\x20\xc3\xa0\x6e"},
    {0x564A, "\x79\x20\xc3\xb9"},
    {0x564B, "\x74\x20\xc5\xab\x6e"},
    {0x564C, "\x63\x20\xc4\x93\x6e\x67"},
    {0x564D, "\x6a\x20\x69\xc3\xa0\x6f"},
    {0x564E, "\x79\x20\xc4\x93"},
    {0x564F, "\x78\x20\xc4\xab"},
    {0x5650, "\x71\x20\xc3\xac"},
    {0x5651, "\x68\x20\xc3\xa1\x6f"},
    {0x5652, "\x6c\x20\x69\xc3\xa1\x6e"},
    {0x5653, "\x78\x20\xc5\xab"},
    {0x5654, "\x64\x20\xc4\x93\x6e\x67"},
    {0x5655, "\x68\x20\x75\xc4\xab"},
    {0x5656, "\x79\x20\xc3\xad\x6e"},
    {0x5657, "\x70\x20\xc5\xab"},
    {0x5658, "\x6a\x20\x75\xc4\x93"},
    {0x5659, "\x71\x20\xc3\xad\x6e"},
    {0x565A, "\x78\x20\xc3\xba\x6e"},
    {0x565B, "\x6e\x20\x69\xc3\xa8"},
    {0x565C, "\x6c\x20\xc5\xab"},
    {0x565D, "\x73\x20\xc4\xab"},
    {0x565E, "\x79\x20\xc7\x8e\x6e"},
    {0x565F, "\x79\x20\xc3\xac\x6e\x67"},
    {0x5660, "\x64\x20\xc4\x81"},
    {0x5661, "\x7a\x68\x20\xc4\x81\x6e"},
    {0x5662, "\xc5\x8d"},
    {0x5663, "\x7a\x68\x20\xc3\xb2\x75"},
    {0x5664, "\x6a\x20\xc3\xac\x6e"},
    {0x5665, "\x6e\x20\xc3\xb3\x6e\x67"},
    {0x5666, "\x79\x20\x75\xc4\x9b"},
    {0x5667, "\x78\x20\x69\xc3\xa8"},
    {0x5668, "\x71\x20\xc3\xac"},
    {0x5669, "\xc3\xa8"},
    {0x566A, "\x7a\x20\xc3\xa0\x6f"},
    {0x566B, "\x79\x20\xc4\xab"},
    {0x566C, "\x73\x68\x20\xc3\xac"},
    {0x566D, "\x6a\x20\x69\xc3\xa0\x6f"},
    {0x566E, "\x79\x20\x75\xc3\xa0\x6e"},
    {0x566F, "\xc4\x81\x69"},
    {0x5670, "\x79\x20\xc5\x8d\x6e\x67"},
    {0x5671, "\x6a\x20\x75\xc3\xa9"},
    {0x5672, "\x6b\x20\x75\xc3\xa0\x69"},
    {0x5673, "\x79\x20\xc7\x94"},
    {0x5674, "\x70\x20\xc4\x93\x6e"},
    {0x5675, "\x64\x20\xc3\xa0\x6f"},
    {0x5676, "\x67\x20\xc3\xa1"},
    {0x5677, "\x68\x6d"},
    {0x5678, "\x64\x20\xc5\xab\x6e"},
    {0x5679, "\x64\x20\xc4\x81\x6e\x67"},
    {0x567A, "\x78\x20\xc4\xab\x6e"},
    {0x567B, "\x73\x20\xc4\x81\x69"},
    {0x567C, "\x70\x20\xc4\xab"},
    {0x567D, "\x70\x20\xc7\x90"},
    {0x567E, "\x79\x20\xc4\xab\x6e"},
    {0x567F, "\x7a\x20\x75\xc7\x90"},
    {0x5680, "\x6e\x20\xc3\xad\x6e\x67"},
    {0x5681, "\x64\x20\xc3\xad"},
    {0x5682, "\x6c\x20\xc3\xa0\x6e"},
    {0x5683, "\x74\x20\xc4\x81"},
    {0x5684, "\x68\x20\x75\xc5\x8d"},
    {0x5685, "\x72\x20\xc3\xba"},
    {0x5686, "\x68\x20\xc4\x81\x6f"},
    {0x5687, "\x78\x20\x69\xc3\xa0"},
    {0x5688, "\x79\x20\xc3\xa8"},
    {0x5689, "\x64\x20\x75\xc5\x8d"},
    {0x568A, "\x70\x20\xc3\xac"},
    {0x568B, "\x63\x68\x20\xc3\xb3\x75"},
    {0x568C, "\x6a\x20\xc3\xac"},
    {0x568D, "\x6a\x20\xc3\xac\x6e"},
    {0x568E, "\x68\x20\xc3\xa1\x6f"},
    {0x568F, "\x74\x20\xc3\xac"},
    {0x5690, "\x63\x68\x20\xc3\xa1\x6e\x67"},
    {0x5691, "\x78\x20\xc5\xab\x6e"},
    {0x5692, "\x6d\x20\xc4\x93"},
    {0x5693, "\x63\x20\xc4\x81"},
    {0x5694, "\x74\x20\xc3\xac"},
    {0x5695, "\x6c\x20\xc7\x94"},
    {0x5696, "\x68\x20\x75\xc3\xac"},
    {0x5697, "\x62\x20\xc3\xb3"},
    {0x5698, "\x79\x20\xc5\x8d\x75"},
    {0x5699, "\x6e\x20\x69\xc3\xa8"},
    {0x569A, "\x79\x20\xc3\xad\x6e"},
    {0x569B, "\x68\x20\xc3\xb9"},
    {0x569C, "\x6d\x20\x65"},
    {0x569D, "\x68\x20\xc5\x8d\x6e\x67"},
    {0x569E, "\x7a\x68\x20\xc3\xa9"},
    {0x569F, "\x6c\x20\xc3\xad"},
    {0x56A0, "\x6c\x20\x69\xc3\xba"},
    {0x56A1, "\x68\x20\x61\x69"},
    {0x56A2, "\x6e\x20\xc3\xa1\x6e\x67"},
    {0x56A3, "\x78\x20\x69\xc4\x81\x6f"},
    {0x56A4, "\x6d\x20\xc3\xb3"},
    {0x56A5, "\x79\x20\xc3\xa0\x6e"},
    {0x56A6, "\x6c\x20\xc3\xac"},
    {0x56A7, "\x6c\x20\xc3\xba"},
    {0x56A8, "\x6c\x20\xc3\xb3\x6e\x67"},
    {0x56A9, "\x6d\x20\xc3\xb3"},
    {0x56AA, "\x64\x20\xc3\xa0\x6e"},
    {0x56AB, "\x63\x68\x20\xc3\xa8\x6e"},
    {0x56AC, "\x70\x20\xc3\xad\x6e"},
    {0x56AD, "\x70\x20\xc7\x90"},
    {0x56AE, "\x78\x20\x69\xc3\xa0\x6e\x67"},
    {0x56AF, "\x68\x20\x75\xc3\xb2"},
    {0x56B0, "\x6d\x20\xc3\xb3"},
    {0x56B1, "\x78\x20\xc3\xac"},
    {0x56B2, "\x64\x20\x75\xc7\x92"},
    {0x56B3, "\x6b\x20\xc3\xb9"},
    {0x56B4, "\x79\x20\xc3\xa1\x6e"},
    {0x56B5, "\x63\x68\x20\xc3\xa1\x6e"},
    {0x56B6, "\x79\x20\xc4\xab\x6e\x67"},
    {0x56B7, "\x72\x20\xc7\x8e\x6e\x67"},
    {0x56B8, "\x64\x20\x69\xc7\x8e\x6e"},
    {0x56B9, "\x6c\x20\xc3\xa1"},
    {0x56BA, "\x74\x20\xc3\xa0"},
    {0x56BB, "\x78\x20\x69\xc4\x81\x6f"},
    {0x56BC, "\x6a\x20\x75\xc3\xa9"},
    {0x56BD, "\x63\x68\x20\x75\xc3\xb2"},
    {0x56BE, "\x68\x20\x75\xc4\x81\x6e"},
    {0x56BF, "\x68\x20\x75\xc3\xb2"},
    {0x56C0, "\x7a\x68\x20\x75\xc3\xa0\x6e"},
    {0x56C1, "\x6e\x20\x69\xc3\xa8"},
    {0x56C2, "\x78\x20\x69\xc4\x81\x6f"},
    {0x56C3, "\x63\x20\xc3\xa0"},
    {0x56C4, "\x6c\x20\xc3\xad"},
    {0x56C5, "\x63\x68\x20\xc7\x8e\x6e"},
    {0x56C6, "\x63\x68\x20\xc3\xa0\x69"},
    {0x56C7, "\x6c\x20\xc3\xac"},
    {0x56C8, "\x79\x20\xc3\xac"},
    {0x56C9, "\x6c\x20\x75\xc5\x8d"},
    {0x56CA, "\x6e\x20\xc3\xa1\x6e\x67"},
    {0x56CB, "\x7a\x20\xc3\xa1"},
    {0x56CC, "\x73\x20\xc5\xab"},
    {0x56CD, "\x78\x20\xc7\x90"},
    {0x56CE, "\x7a\x20\x65\x6e"},
    {0x56CF, "\x6a\x20\x69\xc4\x81\x6e"},
    {0x56D0, "\x7a\x20\xc3\xa1"},
    {0x56D1, "\x7a\x68\x20\xc7\x94"},
    {0x56D2, "\x6c\x20\xc3\xa1\x6e"},
    {0x56D3, "\x6e\x20\x69\xc3\xa8"},
    {0x56D4, "\x6e\x20\xc4\x81\x6e\x67"},
    {0x56D5, "\x6c\x20\xc7\x8e\x6e"},
    {0x56D6, "\x6c\x20\x6f"},
    {0x56D7, "\x77\x20\xc3\xa9\x69"},
    {0x56D8, "\x68\x20\x75\xc3\xad"},
    {0x56D9, "\x79\x20\xc4\xab\x6e"},
    {0x56DA, "\x71\x20\x69\xc3\xba"},
    {0x56DB, "\x73\x20\xc3\xac"},
    {0x56DC, "\x6e\x20\xc3\xad\x6e"},
    {0x56DD, "\x6a\x20\x69\xc7\x8e\x6e"},
    {0x56DE, "\x68\x20\x75\xc3\xad"},
    {0x56DF, "\x78\x20\xc3\xac\x6e"},
    {0x56E0, "\x79\x20\xc4\xab\x6e"},
    {0x56E1, "\x6e\x20\xc4\x81\x6e"},
    {0x56E2, "\x74\x20\x75\xc3\xa1\x6e"},
    {0x56E3, "\x74\x20\x75\xc3\xa1\x6e"},
    {0x56E4, "\x64\x20\xc3\xb9\x6e"},
    {0x56E5, "\x6b\x20\xc3\xa0\x6e\x67"},
    {0x56E6, "\x79\x20\x75\xc4\x81\x6e"},
    {0x56E7, "\x6a\x20\x69\xc7\x92\x6e\x67"},
    {0x56E8, "\x70\x20\x69\xc4\x81\x6e"},
    {0x56E9, "\x79\x20\xc3\xba\x6e"},
    {0x56EA, "\x63\x20\xc5\x8d\x6e\x67"},
    {0x56EB, "\x68\x20\xc3\xba"},
    {0x56EC, "\x68\x20\x75\xc3\xad"},
    {0x56ED, "\x79\x20\x75\xc3\xa1\x6e"},
    {0x56EE, "\xc3\xa9"},
    {0x56EF, "\x67\x20\x75\xc3\xb3"},
    {0x56F0, "\x6b\x20\xc3\xb9\x6e"},
    {0x56F1, "\x63\x20\xc5\x8d\x6e\x67"},
    {0x56F2, "\x74\x20\xc5\x8d\x6e\x67"},
    {0x56F3, "\x74\x20\xc3\xba"},
    {0x56F4, "\x77\x20\xc3\xa9\x69"},
    {0x56F5, "\x6c\x20\xc3\xba\x6e"},
    {0x56F6, "\x67\x20\x75\xc3\xb3"},
    {0x56F7, "\x71\x20\xc5\xab\x6e"},
    {0x56F8, "\x72\x20\xc3\xac"},
    {0x56F9, "\x6c\x20\xc3\xad\x6e\x67"},
    {0x56FA, "\x67\x20\xc3\xb9"},
    {0x56FB, "\x67\x20\x75\xc3\xb3"},
    {0x56FC, "\x74\x20\xc4\x81\x69"},
    {0x56FD, "\x67\x20\x75\xc3\xb3"},
    {0x56FE, "\x74\x20\xc3\xba"},
    {0x56FF, "\x79\x20\xc3\xb2\x75"},
    {0x5700, "\x67\x20\x75\xc3\xb3"},
    {0x5701, "\x79\x20\xc3\xad\x6e"},
    {0x5702, "\x68\x20\xc3\xb9\x6e"},
    {0x5703, "\x70\x20\xc7\x94"},
    {0x5704, "\x79\x20\xc7\x94"},
    {0x5705, "\x68\x20\xc3\xa1\x6e"},
    {0x5706, "\x79\x20\x75\xc3\xa1\x6e"},
    {0x5707, "\x6c\x20\xc3\xba\x6e"},
    {0x5708, "\x71\x20\x75\xc4\x81\x6e"},
    {0x5709, "\x79\x20\xc7\x94"},
    {0x570A, "\x71\x20\xc4\xab\x6e\x67"},
    {0x570B, "\x67\x20\x75\xc3\xb3"},
    {0x570C, "\x63\x68\x20\x75\xc3\xa1\x6e"},
    {0x570D, "\x77\x20\xc3\xa9\x69"},
    {0x570E, "\x79\x20\x75\xc3\xa1\x6e"},
    {0x570F, "\x71\x20\x75\xc4\x81\x6e"},
    {0x5710, "\x6b\x20\xc5\xab"},
    {0x5711, "\x70\x20\xc7\x94"},
    {0x5712, "\x79\x20\x75\xc3\xa1\x6e"},
    {0x5713, "\x79\x20\x75\xc3\xa1\x6e"},
    {0x5714, "\x79\x20\xc3\xa0"},
    {0x5715, "\x74\x20\xc3\xba"},
    {0x5716, "\x74\x20\xc3\xba"},
    {0x5717, "\x74\x20\xc3\xba"},
    {0x5718, "\x74\x20\x75\xc3\xa1\x6e"},
    {0x5719, "\x6c\x20\xc3\xbc\xc3\xa8"},
    {0x571A, "\x68\x20\x75\xc3\xac"},
    {0x571B, "\x79\x20\xc3\xac"},
    {0x571C, "\x68\x20\x75\xc3\xa1\x6e"},
    {0x571D, "\x6c\x20\x75\xc3\xa1\x6e"},
    {0x571E, "\x6c\x20\x75\xc3\xa1\x6e"},
    {0x571F, "\x74\x20\xc7\x94"},
    {0x5720, "\x79\x20\xc3\xa0"},
    {0x5721, "\x74\x20\xc7\x94"},
    {0x5722, "\x74\x20\xc7\x90\x6e\x67"},
    {0x5723, "\x73\x68\x20\xc3\xa8\x6e\x67"},
    {0x5724, "\x70\x20\xc3\xba"},
    {0x5725, "\x6c\x20\xc3\xb9"},
    {0x5726, "\x6b\x20\x75\xc3\xa0\x69"},
    {0x5727, "\x79\x20\xc4\x81"},
    {0x5728, "\x7a\x20\xc3\xa0\x69"},
    {0x5729, "\x77\x20\xc3\xa9\x69"},
    {0x572A, "\x67\x20\xc4\x93"},
    {0x572B, "\x79\x20\xc3\xb9"},
    {0x572C, "\x77\x20\xc5\xab"},
    {0x572D, "\x67\x20\x75\xc4\xab"},
    {0x572E, "\x70\x20\xc7\x90"},
    {0x572F, "\x79\x20\xc3\xad"},
    {0x5730, "\x64\x20\xc3\xac"},
    {0x5731, "\x71\x20\x69\xc4\x81\x6e"},
    {0x5732, "\x71\x20\x69\xc4\x81\x6e"},
    {0x5733, "\x7a\x68\x20\xc3\xa8\x6e"},
    {0x5734, "\x7a\x68\x20\x75\xc3\xb3"},
    {0x5735, "\x64\x20\xc3\xa0\x6e\x67"},
    {0x5736, "\x71\x20\x69\xc3\xa0"},
    {0x5737, "\x78\x20\x69\xc3\xa0"},
    {0x5738, "\x73\x68\x20\xc4\x81\x6e"},
    {0x5739, "\x6b\x20\x75\xc3\xa0\x6e\x67"},
    {0x573A, "\x63\x68\x20\xc7\x8e\x6e\x67"},
    {0x573B, "\x71\x20\xc3\xad"},
    {0x573C, "\x6e\x20\x69\xc3\xa8"},
    {0x573D, "\x6d\x20\xc3\xb2"},
    {0x573E, "\x6a\x20\xc4\xab"},
    {0x573F, "\x6a\x20\x69\xc3\xa1"},
    {0x5740, "\x7a\x68\x20\xc7\x90"},
    {0x5741, "\x7a\x68\x20\xc7\x90"},
    {0x5742, "\x62\x20\xc7\x8e\x6e"},
    {0x5743, "\x78\x20\xc5\xab\x6e"},
    {0x5744, "\x79\x20\xc3\xac"},
    {0x5745, "\x71\x20\xc7\x90\x6e"},
    {0x5746, "\x6d\x20\xc3\xa9\x69"},
    {0x5747, "\x6a\x20\xc5\xab\x6e"},
    {0x5748, "\x72\x20\xc7\x92\x6e\x67"},
    {0x5749, "\x74\x20\xc3\xba\x6e"},
    {0x574A, "\x66\x20\xc4\x81\x6e\x67"},
    {0x574B, "\x62\x20\xc3\xa8\x6e"},
    {0x574C, "\x62\x20\xc3\xa8\x6e"},
    {0x574D, "\x74\x20\xc4\x81\x6e"},
    {0x574E, "\x6b\x20\xc7\x8e\x6e"},
    {0x574F, "\x68\x20\x75\xc3\xa0\x69"},
    {0x5750, "\x7a\x20\x75\xc3\xb2"},
    {0x5751, "\x6b\x20\xc4\x93\x6e\x67"},
    {0x5752, "\x62\x20\xc3\xac"},
    {0x5753, "\x6a\x20\xc7\x90\x6e\x67"},
    {0x5754, "\x64\x20\xc3\xac"},
    {0x5755, "\x6a\x20\xc4\xab\x6e\x67"},
    {0x5756, "\x6a\x20\xc3\xac"},
    {0x5757, "\x6b\x20\x75\xc3\xa0\x69"},
    {0x5758, "\x64\x20\xc7\x90"},
    {0x5759, "\x6a\x20\xc4\xab\x6e\x67"},
    {0x575A, "\x6a\x20\x69\xc4\x81\x6e"},
    {0x575B, "\x74\x20\xc3\xa1\x6e"},
    {0x575C, "\x6c\x20\xc3\xac"},
    {0x575D, "\x62\x20\xc3\xa0"},
    {0x575E, "\x77\x20\xc3\xb9"},
    {0x575F, "\x66\x20\xc3\xa9\x6e"},
    {0x5760, "\x7a\x68\x20\x75\xc3\xac"},
    {0x5761, "\x70\x20\xc5\x8d"},
    {0x5762, "\x62\x20\xc3\xa0\x6e"},
    {0x5763, "\x74\x20\xc3\xa1\x6e\x67"},
    {0x5764, "\x6b\x20\xc5\xab\x6e"},
    {0x5765, "\x71\x20\xc5\xab"},
    {0x5766, "\x74\x20\xc7\x8e\x6e"},
    {0x5767, "\x7a\x68\x20\xc4\xab"},
    {0x5768, "\x74\x20\x75\xc3\xb3"},
    {0x5769, "\x67\x20\xc4\x81\x6e"},
    {0x576A, "\x70\x20\xc3\xad\x6e\x67"},
    {0x576B, "\x64\x20\x69\xc3\xa0\x6e"},
    {0x576C, "\x67\x20\x75\xc3\xa0"},
    {0x576D, "\x6e\x20\xc3\xad"},
    {0x576E, "\x74\x20\xc3\xa1\x69"},
    {0x576F, "\x70\x20\xc4\xab"},
    {0x5770, "\x6a\x20\x69\xc5\x8d\x6e\x67"},
    {0x5771, "\x79\x20\xc7\x8e\x6e\x67"},
    {0x5772, "\x66\x20\xc3\xb3"},
    {0x5773, "\xc3\xa0\x6f"},
    {0x5774, "\x6c\x20\xc3\xb9"},
    {0x5775, "\x71\x20\x69\xc5\xab"},
    {0x5776, "\x6d\x20\xc7\x94"},
    {0x5777, "\x6b\x20\xc4\x9b"},
    {0x5778, "\x67\x20\xc3\xb2\x75"},
    {0x5779, "\x78\x20\x75\xc3\xa8"},
    {0x577A, "\x62\x20\xc3\xa1"},
    {0x577B, "\x63\x68\x20\xc3\xad"},
    {0x577C, "\x63\x68\x20\xc3\xa8"},
    {0x577D, "\x6c\x20\xc3\xad\x6e\x67"},
    {0x577E, "\x7a\x68\x20\xc3\xb9"},
    {0x577F, "\x66\x20\xc3\xb9"},
    {0x5780, "\x68\x20\xc5\xab"},
    {0x5781, "\x7a\x68\x20\xc3\xac"},
    {0x5782, "\x63\x68\x20\x75\xc3\xad"},
    {0x5783, "\x6c\x20\xc4\x81"},
    {0x5784, "\x6c\x20\xc7\x92\x6e\x67"},
    {0x5785, "\x6c\x20\xc7\x92\x6e\x67"},
    {0x5786, "\x6c\x20\xc3\xba"},
    {0x5787, "\xc3\xa0\x6f"},
    {0x5788, "\x64\x20\xc3\xa0\x69"},
    {0x5789, "\x70\x20\xc3\xa1\x6f"},
    {0x578A, "\x6d\x20\x69\x6e"},
    {0x578B, "\x78\x20\xc3\xad\x6e\x67"},
    {0x578C, "\x64\x20\xc3\xb2\x6e\x67"},
    {0x578D, "\x6a\x20\xc3\xac"},
    {0x578E, "\x68\x20\xc3\xa8"},
    {0x578F, "\x6c\x20\xc7\x9c"},
    {0x5790, "\x63\x20\xc3\xad"},
    {0x5791, "\x63\x68\x20\xc7\x90"},
    {0x5792, "\x6c\x20\xc4\x9b\x69"},
    {0x5793, "\x67\x20\xc4\x81\x69"},
    {0x5794, "\x79\x20\xc4\xab\x6e"},
    {0x5795, "\x68\x20\xc3\xb2\x75"},
    {0x5796, "\x64\x20\x75\xc4\xab"},
    {0x5797, "\x7a\x68\x20\xc3\xa0\x6f"},
    {0x5798, "\x66\x20\xc3\xba"},
    {0x5799, "\x67\x20\x75\xc4\x81\x6e\x67"},
    {0x579A, "\x79\x20\xc3\xa1\x6f"},
    {0x579B, "\x64\x20\x75\xc7\x92"},
    {0x579C, "\x64\x20\x75\xc7\x92"},
    {0x579D, "\x67\x20\x75\xc7\x90"},
    {0x579E, "\x63\x68\x20\xc3\xa1"},
    {0x579F, "\x79\x20\xc3\xa1\x6e\x67"},
    {0x57A0, "\x79\x20\xc3\xad\x6e"},
    {0x57A1, "\x66\x20\xc3\xa1"},
    {0x57A2, "\x67\x20\xc3\xb2\x75"},
    {0x57A3, "\x79\x20\x75\xc3\xa1\x6e"},
    {0x57A4, "\x64\x20\x69\xc3\xa9"},
    {0x57A5, "\x78\x20\x69\xc3\xa9"},
    {0x57A6, "\x6b\x20\xc4\x9b\x6e"},
    {0x57A7, "\x73\x68\x20\xc7\x8e\x6e\x67"},
    {0x57A8, "\x73\x68\x20\xc7\x92\x75"},
    {0x57A9, "\xc3\xa8"},
    {0x57AA, "\x62\x20\xc3\xac\x6e\x67"},
    {0x57AB, "\x64\x20\x69\xc3\xa0\x6e"},
    {0x57AC, "\x68\x20\xc3\xb3\x6e\x67"},
    {0x57AD, "\x79\x20\xc4\x81"},
    {0x57AE, "\x6b\x20\x75\xc7\x8e"},
    {0x57AF, "\x64\x20\x61"},
    {0x57B0, "\x6b\x20\xc7\x8e"},
    {0x57B1, "\x64\x20\xc3\xa0\x6e\x67"},
    {0x57B2, "\x6b\x20\xc7\x8e\x69"},
    {0x57B3, "\x68\x20\xc3\xa1\x6e\x67"},
    {0x57B4, "\x6e\x20\xc7\x8e\x6f"},
    {0x57B5, "\xc7\x8e\x6e"},
    {0x57B6, "\x78\x20\xc4\xab\x6e\x67"},
    {0x57B7, "\x78\x20\x69\xc3\xa0\x6e"},
    {0x57B8, "\x79\x20\x75\xc3\xa0\x6e"},
    {0x57B9, "\x62\x20\xc4\x81\x6e\x67"},
    {0x57BA, "\x66\x20\xc5\xab"},
    {0x57BB, "\x62\x20\xc3\xa0"},
    {0x57BC, "\x79\x20\xc3\xac"},
    {0x57BD, "\x79\x20\xc3\xac\x6e"},
    {0x57BE, "\x68\x20\xc3\xa0\x6e"},
    {0x57BF, "\x78\x20\xc3\xb9"},
    {0x57C0, "\x63\x68\x20\x75\xc3\xad"},
    {0x57C1, "\x71\x20\xc3\xad\x6e"},
    {0x57C2, "\x67\x20\xc4\x9b\x6e\x67"},
    {0x57C3, "\xc4\x81\x69"},
    {0x57C4, "\x62\x20\xc4\x9b\x6e\x67"},
    {0x57C5, "\x66\x20\xc3\xa1\x6e\x67"},
    {0x57C6, "\x71\x20\x75\xc3\xa8"},
    {0x57C7, "\x79\x20\xc7\x92\x6e\x67"},
    {0x57C8, "\x6a\x20\xc3\xb9\x6e"},
    {0x57C9, "\x6a\x20\x69\xc4\x81"},
    {0x57CA, "\x64\x20\xc3\xac"},
    {0x57CB, "\x6d\x20\xc3\xa1\x69"},
    {0x57CC, "\x6c\x20\xc3\xa0\x6e\x67"},
    {0x57CD, "\x6a\x20\x75\xc7\x8e\x6e"},
    {0x57CE, "\x63\x68\x20\xc3\xa9\x6e\x67"},
    {0x57CF, "\x73\x68\x20\xc4\x81\x6e"},
    {0x57D0, "\x6a\x20\xc4\xab\x6e"},
    {0x57D1, "\x7a\x68\x20\xc3\xa9"},
    {0x57D2, "\x6c\x20\x69\xc3\xa8"},
    {0x57D3, "\x6c\x20\x69\xc3\xa8"},
    {0x57D4, "\x70\x20\xc7\x94"},
    {0x57D5, "\x63\x68\x20\xc3\xa9\x6e\x67"},
    {0x57D6, "\x68\x20\x75\xc4\x81"},
    {0x57D7, "\x62\x20\xc3\xb9"},
    {0x57D8, "\x73\x68\x20\xc3\xad"},
    {0x57D9, "\x78\x20\xc5\xab\x6e"},
    {0x57DA, "\x67\x20\x75\xc5\x8d"},
    {0x57DB, "\x6a\x20\x69\xc5\x8d\x6e\x67"},
    {0x57DC, "\x79\x20\xc4\x9b"},
    {0x57DD, "\x6e\x20\x69\xc3\xa0\x6e"},
    {0x57DE, "\x64\x20\xc4\xab"},
    {0x57DF, "\x79\x20\xc3\xb9"},
    {0x57E0, "\x62\x20\xc3\xb9"},
    {0x57E1, "\x79\x20\xc4\x81"},
    {0x57E2, "\x71\x20\x75\xc3\xa1\x6e"},
    {0x57E3, "\x73\x20\x75\xc3\xac"},
    {0x57E4, "\x70\x20\xc3\xad"},
    {0x57E5, "\x71\x20\xc4\xab\x6e\x67"},
    {0x57E6, "\x77\x20\xc7\x8e\x6e"},
    {0x57E7, "\x6a\x20\xc3\xb9"},
    {0x57E8, "\x6c\x20\xc7\x94\x6e"},
    {0x57E9, "\x7a\x68\x20\xc4\x93\x6e\x67"},
    {0x57EA, "\x6b\x20\xc5\x8d\x6e\x67"},
    {0x57EB, "\x63\x68\x20\xc7\x92\x6e\x67"},
    {0x57EC, "\x64\x20\xc5\x8d\x6e\x67"},
    {0x57ED, "\x64\x20\xc3\xa0\x69"},
    {0x57EE, "\x74\x20\xc3\xa0\x6e"},
    {0x57EF, "\xc7\x8e\x6e"},
    {0x57F0, "\x63\x20\xc3\xa0\x69"},
    {0x57F1, "\x63\x68\x20\xc3\xb9"},
    {0x57F2, "\x62\x20\xc4\x9b\x6e\x67"},
    {0x57F3, "\x6b\x20\xc7\x8e\x6e"},
    {0x57F4, "\x7a\x68\x20\xc3\xad"},
    {0x57F5, "\x64\x20\x75\xc7\x92"},
    {0x57F6, "\x79\x20\xc3\xac"},
    {0x57F7, "\x7a\x68\x20\xc3\xad"},
    {0x57F8, "\x79\x20\xc3\xac"},
    {0x57F9, "\x70\x20\xc3\xa9\x69"},
    {0x57FA, "\x6a\x20\xc4\xab"},
    {0x57FB, "\x7a\x68\x20\xc7\x94\x6e"},
    {0x57FC, "\x71\x20\xc3\xad"},
    {0x57FD, "\x73\x20\xc3\xa0\x6f"},
    {0x57FE, "\x6a\x20\xc3\xb9"},
    {0x57FF, "\x6e\x20\xc3\xad"},
    {0x5800, "\x6b\x20\xc5\xab"},
    {0x5801, "\x6b\x20\xc3\xa8"},
    {0x5802, "\x74\x20\xc3\xa1\x6e\x67"},
    {0x5803, "\x6b\x20\xc5\xab\x6e"},
    {0x5804, "\x6e\x20\xc3\xac"},
    {0x5805, "\x6a\x20\x69\xc4\x81\x6e"},
    {0x5806, "\x64\x20\x75\xc4\xab"},
    {0x5807, "\x6a\x20\xc7\x90\x6e"},
    {0x5808, "\x67\x20\xc4\x81\x6e\x67"},
    {0x5809, "\x79\x20\xc3\xb9"},
    {0x580A, "\xc3\xa8"},
    {0x580B, "\x70\x20\xc3\xa9\x6e\x67"},
    {0x580C, "\x67\x20\xc3\xb9"},
    {0x580D, "\x74\x20\xc3\xb9"},
    {0x580E, "\x6c\x20\xc3\xa8\x6e\x67"},
    {0x580F, "\x66\x20\x61\x6e\x67"},
    {0x5810, "\x79\x20\xc3\xa1"},
    {0x5811, "\x71\x20\x69\xc3\xa0\x6e"},
    {0x5812, "\x6b\x20\xc5\xab\x6e"},
    {0x5813, "\xc3\xa0\x6e"},
    {0x5814, "\x73\x68\x20\xc4\x93\x6e"},
    {0x5815, "\x64\x20\x75\xc3\xb2"},
    {0x5816, "\x6e\x20\xc7\x8e\x6f"},
    {0x5817, "\x74\x20\xc5\xab"},
    {0x5818, "\x63\x68\x20\xc3\xa9\x6e\x67"},
    {0x5819, "\x79\x20\xc4\xab\x6e"},
    {0x581A, "\x68\x20\xc3\xba\x6e"},
    {0x581B, "\x62\x20\xc3\xac"},
    {0x581C, "\x6c\x20\x69\xc3\xa0\x6e"},
    {0x581D, "\x67\x20\x75\xc5\x8d"},
    {0x581E, "\x64\x20\x69\xc3\xa9"},
    {0x581F, "\x7a\x68\x20\x75\xc3\xa0\x6e"},
    {0x5820, "\x68\x20\xc3\xb2\x75"},
    {0x5821, "\x62\x20\xc7\x8e\x6f"},
    {0x5822, "\x62\x20\xc7\x8e\x6f"},
    {0x5823, "\x79\x20\xc3\xba"},
    {0x5824, "\x64\x20\xc4\xab"},
    {0x5825, "\x6d\x20\xc3\xa1\x6f"},
    {0x5826, "\x6a\x20\x69\xc4\x93"},
    {0x5827, "\x72\x20\x75\xc3\xa1\x6e"},
    {0x5828, "\x79\x20\xc3\xa8"},
    {0x5829, "\x67\x20\xc3\xa8\x6e\x67"},
    {0x582A, "\x6b\x20\xc4\x81\x6e"},
    {0x582B, "\x7a\x20\xc5\x8d\x6e\x67"},
    {0x582C, "\x79\x20\xc3\xba"},
    {0x582D, "\x68\x20\x75\xc3\xa1\x6e\x67"},
    {0x582E, "\xc3\xa8"},
    {0x582F, "\x79\x20\xc3\xa1\x6f"},
    {0x5830, "\x79\x20\xc3\xa0\x6e"},
    {0x5831, "\x62\x20\xc3\xa0\x6f"},
    {0x5832, "\x63\x20\xc3\xad"},
    {0x5833, "\x6d\x20\xc3\xa9\x69"},
    {0x5834, "\x63\x68\x20\xc7\x8e\x6e\x67"},
    {0x5835, "\x64\x20\xc7\x94"},
    {0x5836, "\x74\x20\x75\xc3\xb3"},
    {0x5837, "\x79\x20\xc3\xac\x6e"},
    {0x5838, "\x66\x20\xc3\xa9\x6e\x67"},
    {0x5839, "\x7a\x68\x20\xc3\xb2\x6e\x67"},
    {0x583A, "\x6a\x20\x69\xc3\xa8"},
    {0x583B, "\x6a\x20\xc4\xab\x6e"},
    {0x583C, "\x68\x20\xc3\xa8\x6e\x67"},
    {0x583D, "\x67\x20\xc4\x81\x6e\x67"},
    {0x583E, "\x63\x68\x20\xc5\xab\x6e"},
    {0x583F, "\x6a\x20\x69\xc7\x8e\x6e"},
    {0x5840, "\x70\x20\xc3\xad\x6e\x67"},
    {0x5841, "\x6c\x20\xc4\x9b\x69"},
    {0x5842, "\x78\x20\x69\xc3\xa0\x6e\x67"},
    {0x5843, "\x68\x20\x75\xc4\x81\x6e\x67"},
    {0x5844, "\x6c\x20\xc3\xa9\x6e\x67"},
    {0x5845, "\x64\x20\x75\xc3\xa0\x6e"},
    {0x5846, "\x77\x20\xc4\x81\x6e"},
    {0x5847, "\x78\x20\x75\xc4\x81\x6e"},
    {0x5848, "\x6a\x20\xc3\xac"},
    {0x5849, "\x6a\x20\xc3\xad"},
    {0x584A, "\x6b\x20\x75\xc3\xa0\x69"},
    {0x584B, "\x79\x20\xc3\xad\x6e\x67"},
    {0x584C, "\x74\x20\xc4\x81"},
    {0x584D, "\x63\x68\x20\xc3\xa9\x6e\x67"},
    {0x584E, "\x79\x20\xc7\x92\x6e\x67"},
    {0x584F, "\x6b\x20\xc7\x8e\x69"},
    {0x5850, "\x73\x20\xc3\xb9"},
    {0x5851, "\x73\x20\xc3\xb9"},
    {0x5852, "\x73\x68\x20\xc3\xad"},
    {0x5853, "\x6d\x20\xc3\xac"},
    {0x5854, "\x74\x20\xc7\x8e"},
    {0x5855, "\x77\x20\xc4\x9b\x6e\x67"},
    {0x5856, "\x63\x68\x20\xc3\xa9\x6e\x67"},
    {0x5857, "\x74\x20\xc3\xba"},
    {0x5858, "\x74\x20\xc3\xa1\x6e\x67"},
    {0x5859, "\x71\x20\x75\xc3\xa8"},
    {0x585A, "\x7a\x68\x20\xc7\x92\x6e\x67"},
    {0x585B, "\x6c\x20\xc3\xac"},
    {0x585C, "\x7a\x68\x20\xc7\x92\x6e\x67"},
    {0x585D, "\x62\x20\xc3\xa0\x6e\x67"},
    {0x585E, "\x73\x20\xc4\x81\x69"},
    {0x585F, "\x7a\x20\xc3\xa0\x6e\x67"},
    {0x5860, "\x64\x20\x75\xc4\xab"},
    {0x5861, "\x74\x20\x69\xc3\xa1\x6e"},
    {0x5862, "\x77\x20\xc3\xb9"},
    {0x5863, "\x7a\x68\x20\xc3\xa8\x6e\x67"},
    {0x5864, "\x78\x20\xc5\xab\x6e"},
    {0x5865, "\x67\x20\xc3\xa9"},
    {0x5866, "\x7a\x68\x20\xc3\xa8\x6e"},
    {0x5867, "\xc3\xa0\x69"},
    {0x5868, "\x67\x20\xc5\x8d\x6e\x67"},
    {0x5869, "\x79\x20\xc3\xa1\x6e"},
    {0x586A, "\x6b\x20\xc7\x8e\x6e"},
    {0x586B, "\x74\x20\x69\xc3\xa1\x6e"},
    {0x586C, "\x79\x20\x75\xc3\xa1\x6e"},
    {0x586D, "\x77\x20\xc4\x93\x6e"},
    {0x586E, "\x78\x20\x69\xc3\xa8"},
    {0x586F, "\x6c\x20\x69\xc3\xb9"},
    {0x5870, "\x68\x20\xc7\x8e\x69"},
    {0x5871, "\x6c\x20\xc7\x8e\x6e\x67"},
    {0x5872, "\x63\x68\x20\xc3\xa1\x6e\x67"},
    {0x5873, "\x70\x20\xc3\xa9\x6e\x67"},
    {0x5874, "\x62\x20\xc3\xa8\x6e\x67"},
    {0x5875, "\x63\x68\x20\xc3\xa9\x6e"},
    {0x5876, "\x6c\x20\xc3\xb9"},
    {0x5877, "\x6c\x20\xc7\x94"},
    {0x5878, "\xc5\x8d\x75"},
    {0x5879, "\x71\x20\x69\xc3\xa0\x6e"},
    {0x587A, "\x6d\x20\xc3\xa9\x69"},
    {0x587B, "\x6d\x20\xc3\xb2"},
    {0x587C, "\x7a\x68\x20\x75\xc4\x81\x6e"},
    {0x587D, "\x73\x68\x20\x75\xc7\x8e\x6e\x67"},
    {0x587E, "\x73\x68\x20\xc3\xba"},
    {0x587F, "\x6c\x20\xc7\x92\x75"},
    {0x5880, "\x63\x68\x20\xc3\xad"},
    {0x5881, "\x6d\x20\xc3\xa0\x6e"},
    {0x5882, "\x62\x20\x69\xc4\x81\x6f"},
    {0x5883, "\x6a\x20\xc3\xac\x6e\x67"},
    {0x5884, "\x63\x20\xc3\xa8"},
    {0x5885, "\x73\x68\x20\xc3\xb9"},
    {0x5886, "\x7a\x68\x20\xc3\xac"},
    {0x5887, "\x7a\x68\x20\xc3\xa0\x6e\x67"},
    {0x5888, "\x6b\x20\xc3\xa0\x6e"},
    {0x5889, "\x79\x20\xc5\x8d\x6e\x67"},
    {0x588A, "\x64\x20\x69\xc3\xa0\x6e"},
    {0x588B, "\x63\x68\x20\xc4\x9b\x6e"},
    {0x588C, "\x7a\x68\x20\xc3\xad"},
    {0x588D, "\x78\x20\xc3\xac"},
    {0x588E, "\x67\x20\x75\xc5\x8d"},
    {0x588F, "\x71\x20\x69\xc7\x8e\x6e\x67"},
    {0x5890, "\x6a\x20\xc3\xac\x6e"},
    {0x5891, "\x64\x20\xc3\xac"},
    {0x5892, "\x73\x68\x20\xc4\x81\x6e\x67"},
    {0x5893, "\x6d\x20\xc3\xb9"},
    {0x5894, "\x63\x20\x75\xc4\xab"},
    {0x5895, "\x79\x20\xc3\xa0\x6e"},
    {0x5896, "\x74\x20\xc7\x8e"},
    {0x5897, "\x7a\x20\xc4\x93\x6e\x67"},
    {0x5898, "\x71\x20\x69\xc3\xa1\x6e"},
    {0x5899, "\x71\x20\x69\xc3\xa1\x6e\x67"},
    {0x589A, "\x6c\x20\x69\xc3\xa1\x6e\x67"},
    {0x589B, "\x77\x20\xc3\xa8\x69"},
    {0x589C, "\x7a\x68\x20\x75\xc3\xac"},
    {0x589D, "\x71\x20\x69\xc4\x81\x6f"},
    {0x589E, "\x7a\x20\xc4\x93\x6e\x67"},
    {0x589F, "\x78\x20\xc5\xab"},
    {0x58A0, "\x73\x68\x20\xc3\xa0\x6e"},
    {0x58A1, "\x73\x68\x20\xc3\xa0\x6e"},
    {0x58A2, "\x62\x20\xc3\xa1"},
    {0x58A3, "\x70\x20\xc3\xba"},
    {0x58A4, "\x6b\x20\x75\xc3\xa0\x69"},
    {0x58A5, "\x64\x20\xc7\x92\x6e\x67"},
    {0x58A6, "\x66\x20\xc3\xa1\x6e"},
    {0x58A7, "\x71\x20\x75\xc3\xa8"},
    {0x58A8, "\x6d\x20\xc3\xb2"},
    {0x58A9, "\x64\x20\xc5\xab\x6e"},
    {0x58AA, "\x64\x20\xc5\xab\x6e"},
    {0x58AB, "\x7a\x20\xc5\xab\x6e"},
    {0x58AC, "\x64\x20\xc3\xac"},
    {0x58AD, "\x73\x68\x20\xc3\xa8\x6e\x67"},
    {0x58AE, "\x64\x20\x75\xc3\xb2"},
    {0x58AF, "\x64\x20\x75\xc3\xb2"},
    {0x58B0, "\x74\x20\xc3\xa1\x6e"},
    {0x58B1, "\x64\x20\xc3\xa8\x6e\x67"},
    {0x58B2, "\x6d\x20\xc3\xba"},
    {0x58B3, "\x66\x20\xc3\xa9\x6e"},
    {0x58B4, "\x68\x20\x75\xc3\xa1\x6e\x67"},
    {0x58B5, "\x74\x20\xc3\xa1\x6e"},
    {0x58B6, "\x64\x20\x61"},
    {0x58B7, "\x79\x20\xc3\xa8"},
    {0x58B8, "\x7a\x68\x20\xc3\xb9"},
    {0x58B9, "\x6a\x20\x69\xc3\xa0\x6e"},
    {0x58BA, "\xc3\xa0\x6f"},
    {0x58BB, "\x71\x20\x69\xc3\xa1\x6e\x67"},
    {0x58BC, "\x6a\x20\xc4\xab"},
    {0x58BD, "\x71\x20\x69\xc4\x81\x6f"},
    {0x58BE, "\x6b\x20\xc4\x9b\x6e"},
    {0x58BF, "\x79\x20\xc3\xac"},
    {0x58C0, "\x70\x20\xc3\xad"},
    {0x58C1, "\x62\x20\xc3\xac"},
    {0x58C2, "\x64\x20\x69\xc3\xa0\x6e"},
    {0x58C3, "\x6a\x20\x69\xc4\x81\x6e\x67"},
    {0x58C4, "\x79\x20\xc4\x9b"},
    {0x58C5, "\x79\x20\xc5\x8d\x6e\x67"},
    {0x58C6, "\x78\x20\x75\xc3\xa9"},
    {0x58C7, "\x74\x20\xc3\xa1\x6e"},
    {0x58C8, "\x6c\x20\xc7\x8e\x6e"},
    {0x58C9, "\x6a\x20\xc3\xb9"},
    {0x58CA, "\x68\x20\x75\xc3\xa0\x69"},
    {0x58CB, "\x64\x20\xc3\xa0\x6e\x67"},
    {0x58CC, "\x72\x20\xc7\x8e\x6e\x67"},
    {0x58CD, "\x71\x20\x69\xc3\xa0\x6e"},
    {0x58CE, "\x78\x20\xc5\xab\x6e"},
    {0x58CF, "\x78\x20\x69\xc3\xa0\x6e"},
    {0x58D0, "\x78\x20\xc7\x90"},
    {0x58D1, "\x68\x20\xc3\xa8"},
    {0x58D2, "\xc3\xa0\x69"},
    {0x58D3, "\x79\x20\xc4\x81"},
    {0x58D4, "\x64\x20\xc7\x8e\x6f"},
    {0x58D5, "\x68\x20\xc3\xa1\x6f"},
    {0x58D6, "\x72\x20\x75\xc3\xa1\x6e"},
    {0x58D7, "\x6a\x20\xc3\xac\x6e"},
    {0x58D8, "\x6c\x20\xc4\x9b\x69"},
    {0x58D9, "\x6b\x20\x75\xc3\xa0\x6e\x67"},
    {0x58DA, "\x6c\x20\xc3\xba"},
    {0x58DB, "\x79\x20\xc3\xa1\x6e"},
    {0x58DC, "\x74\x20\xc3\xa1\x6e"},
    {0x58DD, "\x77\x20\xc4\x9b\x69"},
    {0x58DE, "\x68\x20\x75\xc3\xa0\x69"},
    {0x58DF, "\x6c\x20\xc7\x92\x6e\x67"},
    {0x58E0, "\x6c\x20\xc7\x92\x6e\x67"},
    {0x58E1, "\x72\x20\x75\xc3\xac"},
    {0x58E2, "\x6c\x20\xc3\xac"},
    {0x58E3, "\x6c\x20\xc3\xad\x6e"},
    {0x58E4, "\x72\x20\xc7\x8e\x6e\x67"},
    {0x58E5, "\x63\x68\x20\xc3\xa1\x6e"},
    {0x58E6, "\x78\x20\xc5\xab\x6e"},
    {0x58E7, "\x79\x20\xc3\xa1\x6e"},
    {0x58E8, "\x6c\x20\xc3\xa9\x69"},
    {0x58E9, "\x62\x20\xc3\xa0"},
    {0x58EA, "\x77\x20\xc4\x81\x6e"},
    {0x58EB, "\x73\x68\x20\xc3\xac"},
    {0x58EC, "\x72\x20\xc3\xa9\x6e"},
    {0x58ED, "\x73\x20\x61\x6e"},
    {0x58EE, "\x7a\x68\x20\x75\xc3\xa0\x6e\x67"},
    {0x58EF, "\x7a\x68\x20\x75\xc3\xa0\x6e\x67"},
    {0x58F0, "\x73\x68\x20\xc4\x93\x6e\x67"},
    {0x58F1, "\x79\x20\xc4\xab"},
    {0x58F2, "\x6d\x20\xc3\xa0\x69"},
    {0x58F3, "\x6b\x20\xc3\xa9"},
    {0x58F4, "\x7a\x68\x20\xc3\xb9"},
    {0x58F5, "\x7a\x68\x20\x75\xc3\xa0\x6e\x67"},
    {0x58F6, "\x68\x20\xc3\xba"},
    {0x58F7, "\x68\x20\xc3\xba"},
    {0x58F8, "\x6b\x20\xc7\x94\x6e"},
    {0x58F9, "\x79\x20\xc4\xab"},
    {0x58FA, "\x68\x20\xc3\xba"},
    {0x58FB, "\x78\x20\xc3\xb9"},
    {0x58FC, "\x6b\x20\xc7\x94\x6e"},
    {0x58FD, "\x73\x68\x20\xc3\xb2\x75"},
    {0x58FE, "\x6d\x20\xc7\x8e\x6e\x67"},
    {0x58FF, "\x7a\x20\xc5\xab\x6e"},
    {0x5900, "\x73\x68\x20\xc3\xb2\x75"},
    {0x5901, "\x79\x20\xc4\xab"},
    {0x5902, "\x7a\x68\x20\xc7\x90"},
    {0x5903, "\x67\x20\xc7\x94"},
    {0x5904, "\x63\x68\x20\xc3\xb9"},
    {0x5905, "\x6a\x20\x69\xc3\xa0\x6e\x67"},
    {0x5906, "\x66\x20\xc3\xa9\x6e\x67"},
    {0x5907, "\x62\x20\xc3\xa8\x69"},
    {0x5908, "\x7a\x68\x20\xc4\x81\x69"},
    {0x5909, "\x62\x20\x69\xc3\xa0\x6e"},
    {0x590A, "\x73\x20\x75\xc4\xab"},
    {0x590B, "\x71\x20\xc5\xab\x6e"},
    {0x590C, "\x6c\x20\xc3\xad\x6e\x67"},
    {0x590D, "\x66\x20\xc3\xb9"},
    {0x590E, "\x63\x20\x75\xc3\xb2"},
    {0x590F, "\x78\x20\x69\xc3\xa0"},
    {0x5910, "\x78\x20\x69\xc3\xb2\x6e\x67"},
    {0x5911, "\x78\x20\x69\xc3\xa8"},
    {0x5912, "\x6e\x20\xc3\xa1\x6f"},
    {0x5913, "\x78\x20\x69\xc3\xa0"},
    {0x5914, "\x6b\x20\x75\xc3\xad"},
    {0x5915, "\x78\x20\xc4\xab"},
    {0x5916, "\x77\x20\xc3\xa0\x69"},
    {0x5917, "\x79\x20\x75\xc3\xa0\x6e"},
    {0x5918, "\x6d\x20\xc7\x8e\x6f"},
    {0x5919, "\x73\x20\xc3\xb9"},
    {0x591A, "\x64\x20\x75\xc5\x8d"},
    {0x591B, "\x64\x20\x75\xc5\x8d"},
    {0x591C, "\x79\x20\xc3\xa8"},
    {0x591D, "\x71\x20\xc3\xad\x6e\x67"},
    {0x591E, "\x77\x20\xc3\xa0\x69"},
    {0x591F, "\x67\x20\xc3\xb2\x75"},
    {0x5920, "\x67\x20\xc3\xb2\x75"},
    {0x5921, "\x71\x20\xc3\xac"},
    {0x5922, "\x6d\x20\xc3\xa8\x6e\x67"},
    {0x5923, "\x6d\x20\xc3\xa8\x6e\x67"},
    {0x5924, "\x79\x20\xc3\xad\x6e"},
    {0x5925, "\x68\x20\x75\xc7\x92"},
    {0x5926, "\x63\x68\x20\xc4\x9b\x6e"},
    {0x5927, "\x64\x20\xc3\xa0"},
    {0x5928, "\x7a\x20\xc3\xa8"},
    {0x5929, "\x74\x20\x69\xc4\x81\x6e"},
    {0x592A, "\x74\x20\xc3\xa0\x69"},
    {0x592B, "\x66\x20\xc5\xab"},
    {0x592C, "\x67\x20\x75\xc3\xa0\x69"},
    {0x592D, "\x79\x20\xc4\x81\x6f"},
    {0x592E, "\x79\x20\xc4\x81\x6e\x67"},
    {0x592F, "\x68\x20\xc4\x81\x6e\x67"},
    {0x5930, "\x67\x20\xc7\x8e\x6f"},
    {0x5931, "\x73\x68\x20\xc4\xab"},
    {0x5932, "\x74\x20\xc4\x81\x6f"},
    {0x5933, "\x74\x20\xc3\xa0\x69"},
    {0x5934, "\x74\x20\xc3\xb3\x75"},
    {0x5935, "\x79\x20\xc7\x8e\x6e"},
    {0x5936, "\x62\x20\xc7\x90"},
    {0x5937, "\x79\x20\xc3\xad"},
    {0x5938, "\x6b\x20\x75\xc4\x81"},
    {0x5939, "\x6a\x20\x69\xc4\x81"},
    {0x593A, "\x64\x20\x75\xc3\xb3"},
    {0x593B, "\x68\x20\x75\xc3\xa0"},
    {0x593C, "\x6b\x20\x75\xc7\x8e\x6e\x67"},
    {0x593D, "\x79\x20\xc7\x94\x6e"},
    {0x593E, "\x6a\x20\x69\xc4\x81"},
    {0x593F, "\x62\x20\xc4\x81"},
    {0x5940, "\xc4\x93\x6e"},
    {0x5941, "\x6c\x20\x69\xc3\xa1\x6e"},
    {0x5942, "\x68\x20\x75\xc3\xa0\x6e"},
    {0x5943, "\x64\x20\xc4\xab"},
    {0x5944, "\x79\x20\xc7\x8e\x6e"},
    {0x5945, "\x70\x20\xc3\xa0\x6f"},
    {0x5946, "\x6a\x20\x75\xc3\xa0\x6e"},
    {0x5947, "\x71\x20\xc3\xad"},
    {0x5948, "\x6e\x20\xc3\xa0\x69"},
    {0x5949, "\x66\x20\xc3\xa8\x6e\x67"},
    {0x594A, "\x78\x20\x69\xc3\xa9"},
    {0x594B, "\x66\x20\xc3\xa8\x6e"},
    {0x594C, "\x64\x20\x69\xc7\x8e\x6e"},
    {0x594D, "\x71\x20\x75\xc4\x81\x6e"},
    {0x594E, "\x6b\x20\x75\xc3\xad"},
    {0x594F, "\x7a\x20\xc3\xb2\x75"},
    {0x5950, "\x68\x20\x75\xc3\xa0\x6e"},
    {0x5951, "\x71\x20\xc3\xac"},
    {0x5952, "\x6b\x20\xc4\x81\x69"},
    {0x5953, "\x7a\x68\x20\xc4\x81"},
    {0x5954, "\x62\x20\xc4\x93\x6e"},
    {0x5955, "\x79\x20\xc3\xac"},
    {0x5956, "\x6a\x20\x69\xc7\x8e\x6e\x67"},
    {0x5957, "\x74\x20\xc3\xa0\x6f"},
    {0x5958, "\x7a\x20\xc3\xa0\x6e\x67"},
    {0x5959, "\x62\x20\xc4\x9b\x6e"},
    {0x595A, "\x78\x20\xc4\xab"},
    {0x595B, "\x68\x20\x75\xc7\x8e\x6e\x67"},
    {0x595C, "\x66\x20\xc4\x9b\x69"},
    {0x595D, "\x64\x20\x69\xc4\x81\x6f"},
    {0x595E, "\x78\x20\xc3\xb9\x6e"},
    {0x595F, "\x62\x20\xc4\x93\x6e\x67"},
    {0x5960, "\x64\x20\x69\xc3\xa0\x6e"},
    {0x5961, "\xc3\xa0\x6f"},
    {0x5962, "\x73\x68\x20\xc4\x93"},
    {0x5963, "\x77\x20\xc4\x9b\x6e\x67"},
    {0x5964, "\x68\x20\xc7\x8e"},
    {0x5965, "\xc3\xa0\x6f"},
    {0x5966, "\x77\x20\xc3\xb9"},
    {0x5967, "\xc3\xa0\x6f"},
    {0x5968, "\x6a\x20\x69\xc7\x8e\x6e\x67"},
    {0x5969, "\x6c\x20\x69\xc3\xa1\x6e"},
    {0x596A, "\x64\x20\x75\xc3\xb3"},
    {0x596B, "\x79\x20\xc5\xab\x6e"},
    {0x596C, "\x6a\x20\x69\xc7\x8e\x6e\x67"},
    {0x596D, "\x73\x68\x20\xc3\xac"},
    {0x596E, "\x66\x20\xc3\xa8\x6e"},
    {0x596F, "\x68\x20\x75\xc3\xb2"},
    {0x5970, "\x62\x20\xc3\xac"},
    {0x5971, "\x6c\x20\x75\xc3\xa1\x6e"},
    {0x5972, "\x64\x20\x75\xc7\x92"},
    {0x5973, "\x6e\x20\xc7\x9a"},
    {0x5974, "\x6e\x20\xc3\xba"},
    {0x5975, "\x64\x20\xc7\x90\x6e\x67"},
    {0x5976, "\x6e\x20\xc7\x8e\x69"},
    {0x5977, "\x71\x20\x69\xc4\x81\x6e"},
    {0x5978, "\x6a\x20\x69\xc4\x81\x6e"},
    {0x5979, "\x74\x20\xc4\x81"},
    {0x597A, "\x6a\x20\x69\xc7\x94"},
    {0x597B, "\x6e\x20\x75\xc3\xa1\x6e"},
    {0x597C, "\x63\x68\x20\xc3\xa0"},
    {0x597D, "\x68\x20\xc7\x8e\x6f"},
    {0x597E, "\x78\x20\x69\xc4\x81\x6e"},
    {0x597F, "\x66\x20\xc3\xa0\x6e"},
    {0x5980, "\x6a\x20\xc7\x90"},
    {0x5981, "\x73\x68\x20\x75\xc3\xb2"},
    {0x5982, "\x72\x20\xc3\xba"},
    {0x5983, "\x66\x20\xc4\x93\x69"},
    {0x5984, "\x77\x20\xc3\xa0\x6e\x67"},
    {0x5985, "\x68\x20\xc3\xb3\x6e\x67"},
    {0x5986, "\x7a\x68\x20\x75\xc4\x81\x6e\x67"},
    {0x5987, "\x66\x20\xc3\xb9"},
    {0x5988, "\x6d\x20\xc4\x81"},
    {0x5989, "\x64\x20\xc4\x81\x6e"},
    {0x598A, "\x72\x20\xc3\xa8\x6e"},
    {0x598B, "\x66\x20\xc5\xab"},
    {0x598C, "\x6a\x20\xc3\xac\x6e\x67"},
    {0x598D, "\x79\x20\xc3\xa1\x6e"},
    {0x598E, "\x68\x20\xc3\xa0\x69"},
    {0x598F, "\x77\x20\xc3\xa8\x6e"},
    {0x5990, "\x7a\x68\x20\xc5\x8d\x6e\x67"},
    {0x5991, "\x70\x20\xc4\x81"},
    {0x5992, "\x64\x20\xc3\xb9"},
    {0x5993, "\x6a\x20\xc3\xac"},
    {0x5994, "\x6b\x20\xc4\x93\x6e\x67"},
    {0x5995, "\x7a\x68\x20\xc3\xb2\x6e\x67"},
    {0x5996, "\x79\x20\xc4\x81\x6f"},
    {0x5997, "\x6a\x20\xc3\xac\x6e"},
    {0x5998, "\x79\x20\xc3\xba\x6e"},
    {0x5999, "\x6d\x20\x69\xc3\xa0\x6f"},
    {0x599A, "\x66\x20\xc7\x92\x75"},
    {0x599B, "\x63\x68\x20\xc4\xab"},
    {0x599C, "\x79\x20\x75\xc3\xa8"},
    {0x599D, "\x7a\x68\x20\x75\xc4\x81\x6e\x67"},
    {0x599E, "\x6e\x20\x69\xc5\xab"},
    {0x599F, "\x79\x20\xc3\xa0\x6e"},
    {0x59A0, "\x6e\x20\xc3\xa0"},
    {0x59A1, "\x78\x20\xc4\xab\x6e"},
    {0x59A2, "\x66\x20\xc3\xa9\x6e"},
    {0x59A3, "\x62\x20\xc7\x90"},
    {0x59A4, "\x79\x20\xc3\xba"},
    {0x59A5, "\x74\x20\x75\xc7\x92"},
    {0x59A6, "\x66\x20\xc4\x93\x6e\x67"},
    {0x59A7, "\x77\x20\xc3\xa0\x6e"},
    {0x59A8, "\x66\x20\xc3\xa1\x6e\x67"},
    {0x59A9, "\x77\x20\xc7\x94"},
    {0x59AA, "\x79\x20\xc3\xb9"},
    {0x59AB, "\x67\x20\x75\xc4\xab"},
    {0x59AC, "\x64\x20\xc3\xb9"},
    {0x59AD, "\x62\x20\xc3\xa1"},
    {0x59AE, "\x6e\x20\xc4\xab"},
    {0x59AF, "\x7a\x68\x20\xc3\xb3\x75"},
    {0x59B0, "\x7a\x68\x20\x75\xc3\xb3"},
    {0x59B1, "\x7a\x68\x20\xc4\x81\x6f"},
    {0x59B2, "\x64\x20\xc3\xa1"},
    {0x59B3, "\x6e\x20\xc7\x90"},
    {0x59B4, "\x79\x20\x75\xc3\xa0\x6e"},
    {0x59B5, "\x74\x20\xc7\x92\x75"},
    {0x59B6, "\x78\x20\x69\xc3\xa1\x6e"},
    {0x59B7, "\x7a\x68\x20\xc3\xad"},
    {0x59B8, "\xc4\x93"},
    {0x59B9, "\x6d\x20\xc3\xa8\x69"},
    {0x59BA, "\x6d\x20\xc3\xb2"},
    {0x59BB, "\x71\x20\xc4\xab"},
    {0x59BC, "\x62\x20\xc3\xac"},
    {0x59BD, "\x73\x68\x20\xc4\x93\x6e"},
    {0x59BE, "\x71\x20\x69\xc3\xa8"},
    {0x59BF, "\xc4\x93"},
    {0x59C0, "\x68\x20\xc3\xa9"},
    {0x59C1, "\x78\x20\xc7\x94"},
    {0x59C2, "\x66\x20\xc3\xa1"},
    {0x59C3, "\x7a\x68\x20\xc4\x93\x6e\x67"},
    {0x59C4, "\x6d\x20\xc3\xad\x6e"},
    {0x59C5, "\x62\x20\xc3\xa0\x6e"},
    {0x59C6, "\x6d\x20\xc7\x94"},
    {0x59C7, "\x66\x20\xc5\xab"},
    {0x59C8, "\x6c\x20\xc3\xad\x6e\x67"},
    {0x59C9, "\x7a\x20\xc7\x90"},
    {0x59CA, "\x7a\x20\xc7\x90"},
    {0x59CB, "\x73\x68\x20\xc7\x90"},
    {0x59CC, "\x72\x20\xc7\x8e\x6e"},
    {0x59CD, "\x73\x68\x20\xc4\x81\x6e"},
    {0x59CE, "\x79\x20\xc4\x81\x6e\x67"},
    {0x59CF, "\x6d\x20\xc3\xa1\x6e"},
    {0x59D0, "\x6a\x20\x69\xc4\x9b"},
    {0x59D1, "\x67\x20\xc5\xab"},
    {0x59D2, "\x73\x20\xc3\xac"},
    {0x59D3, "\x78\x20\xc3\xac\x6e\x67"},
    {0x59D4, "\x77\x20\xc4\x9b\x69"},
    {0x59D5, "\x7a\x20\xc4\xab"},
    {0x59D6, "\x6a\x20\xc3\xb9"},
    {0x59D7, "\x73\x68\x20\xc4\x81\x6e"},
    {0x59D8, "\x70\x20\xc4\xab\x6e"},
    {0x59D9, "\x72\x20\xc3\xa8\x6e"},
    {0x59DA, "\x79\x20\xc3\xa1\x6f"},
    {0x59DB, "\x64\x20\xc3\xb2\x6e\x67"},
    {0x59DC, "\x6a\x20\x69\xc4\x81\x6e\x67"},
    {0x59DD, "\x73\x68\x20\xc5\xab"},
    {0x59DE, "\x6a\x20\xc3\xad"},
    {0x59DF, "\x67\x20\xc4\x81\x69"},
    {0x59E0, "\x78\x20\x69\xc3\xa0\x6e\x67"},
    {0x59E1, "\x68\x20\x75\xc3\xa1"},
    {0x59E2, "\x6a\x20\x75\xc4\x81\x6e"},
    {0x59E3, "\x6a\x20\x69\xc4\x81\x6f"},
    {0x59E4, "\x67\x20\xc3\xb2\x75"},
    {0x59E5, "\x6c\x20\xc7\x8e\x6f"},
    {0x59E6, "\x6a\x20\x69\xc4\x81\x6e"},
    {0x59E7, "\x6a\x20\x69\xc4\x81\x6e"},
    {0x59E8, "\x79\x20\xc3\xad"},
    {0x59E9, "\x6e\x20\x69\xc3\xa0\x6e"},
    {0x59EA, "\x7a\x68\x20\xc3\xad"},
    {0x59EB, "\x6a\x20\xc4\xab"},
    {0x59EC, "\x6a\x20\xc4\xab"},
    {0x59ED, "\x78\x20\x69\xc3\xa0\x6e"},
    {0x59EE, "\x68\x20\xc3\xa9\x6e\x67"},
    {0x59EF, "\x67\x20\x75\xc4\x81\x6e\x67"},
    {0x59F0, "\x6a\x20\xc5\xab\x6e"},
    {0x59F1, "\x6b\x20\x75\xc4\x81"},
    {0x59F2, "\x79\x20\xc3\xa0\x6e"},
    {0x59F3, "\x6d\x20\xc7\x90\x6e\x67"},
    {0x59F4, "\x6c\x20\x69\xc3\xa8"},
    {0x59F5, "\x70\x20\xc3\xa8\x69"},
    {0x59F6, "\xc3\xa8"},
    {0x59F7, "\x79\x20\xc3\xb2\x75"},
    {0x59F8, "\x79\x20\xc3\xa1\x6e"},
    {0x59F9, "\x63\x68\x20\xc3\xa0"},
    {0x59FA, "\x73\x68\x20\xc4\x93\x6e"},
    {0x59FB, "\x79\x20\xc4\xab\x6e"},
    {0x59FC, "\x73\x68\x20\xc3\xad"},
    {0x59FD, "\x67\x20\x75\xc7\x90"},
    {0x59FE, "\x71\x20\x75\xc3\xa1\x6e"},
    {0x59FF, "\x7a\x20\xc4\xab"},
    {0x5A00, "\x73\x20\xc5\x8d\x6e\x67"},
    {0x5A01, "\x77\x20\xc4\x93\x69"},
    {0x5A02, "\x68\x20\xc3\xb3\x6e\x67"},
    {0x5A03, "\x77\x20\xc3\xa1"},
    {0x5A04, "\x6c\x20\xc3\xb3\x75"},
    {0x5A05, "\x79\x20\xc3\xa0"},
    {0x5A06, "\x72\x20\xc3\xa1\x6f"},
    {0x5A07, "\x6a\x20\x69\xc4\x81\x6f"},
    {0x5A08, "\x6c\x20\x75\xc3\xa1\x6e"},
    {0x5A09, "\x70\x20\xc4\xab\x6e\x67"},
    {0x5A0A, "\x78\x20\x69\xc3\xa0\x6e"},
    {0x5A0B, "\x73\x68\x20\xc3\xa0\x6f"},
    {0x5A0C, "\x6c\x20\xc7\x90"},
    {0x5A0D, "\x63\x68\x20\xc3\xa9\x6e\x67"},
    {0x5A0E, "\x78\x20\x69\xc3\xa8"},
    {0x5A0F, "\x6d\x20\xc3\xa1\x6e\x67"},
    {0x5A10, "\x66\x20\xc5\xab"},
    {0x5A11, "\x73\x20\x75\xc5\x8d"},
    {0x5A12, "\x6d\x20\xc3\xa9\x69"},
    {0x5A13, "\x77\x20\xc4\x9b\x69"},
    {0x5A14, "\x6b\x20\xc3\xa8"},
    {0x5A15, "\x63\x68\x20\x75\xc3\xb2"},
    {0x5A16, "\x63\x68\x20\x75\xc3\xb2"},
    {0x5A17, "\x74\x20\xc7\x90\x6e\x67"},
    {0x5A18, "\x6e\x20\x69\xc3\xa1\x6e\x67"},
    {0x5A19, "\x78\x20\xc3\xad\x6e\x67"},
    {0x5A1A, "\x6e\x20\xc3\xa1\x6e"},
    {0x5A1B, "\x79\x20\xc3\xba"},
    {0x5A1C, "\x6e\x20\xc3\xa0"},
    {0x5A1D, "\x70\x20\xc5\x8d\x75"},
    {0x5A1E, "\x6e\x20\xc4\x9b\x69"},
    {0x5A1F, "\x6a\x20\x75\xc4\x81\x6e"},
    {0x5A20, "\x73\x68\x20\xc4\x93\x6e"},
    {0x5A21, "\x7a\x68\x20\xc3\xac"},
    {0x5A22, "\x68\x20\xc3\xa1\x6e"},
    {0x5A23, "\x64\x20\xc3\xac"},
    {0x5A24, "\x7a\x68\x20\x75\xc4\x81\x6e\x67"},
    {0x5A25, "\xc3\xa9"},
    {0x5A26, "\x70\x20\xc3\xad\x6e"},
    {0x5A27, "\x74\x20\x75\xc3\xac"},
    {0x5A28, "\x78\x20\x69\xc3\xa0\x6e"},
    {0x5A29, "\x6d\x20\x69\xc7\x8e\x6e"},
    {0x5A2A, "\x77\x20\xc3\xba"},
    {0x5A2B, "\x79\x20\xc3\xa1\x6e"},
    {0x5A2C, "\x77\x20\xc7\x94"},
    {0x5A2D, "\xc4\x81\x69"},
    {0x5A2E, "\x79\x20\xc3\xa1\x6e"},
    {0x5A2F, "\x79\x20\xc3\xba"},
    {0x5A30, "\x73\x20\xc3\xac"},
    {0x5A31, "\x79\x20\xc3\xba"},
    {0x5A32, "\x77\x20\xc4\x81"},
    {0x5A33, "\x6c\x20\xc3\xac"},
    {0x5A34, "\x78\x20\x69\xc3\xa1\x6e"},
    {0x5A35, "\x6a\x20\xc5\xab"},
    {0x5A36, "\x71\x20\xc7\x94"},
    {0x5A37, "\x7a\x68\x20\x75\xc3\xac"},
    {0x5A38, "\x71\x20\xc4\xab"},
    {0x5A39, "\x78\x20\x69\xc3\xa1\x6e"},
    {0x5A3A, "\x7a\x68\x20\x75\xc3\xb3"},
    {0x5A3B, "\x64\x20\xc5\x8d\x6e\x67"},
    {0x5A3C, "\x63\x68\x20\xc4\x81\x6e\x67"},
    {0x5A3D, "\x6c\x20\xc3\xb9"},
    {0x5A3E, "\xc7\x8e\x69"},
    {0x5A3F, "\xc4\x93"},
    {0x5A40, "\xc4\x93"},
    {0x5A41, "\x6c\x20\xc3\xb3\x75"},
    {0x5A42, "\x6d\x20\x69\xc3\xa1\x6e"},
    {0x5A43, "\x63\x20\xc3\xb3\x6e\x67"},
    {0x5A44, "\x70\x20\xc7\x92\x75"},
    {0x5A45, "\x6a\x20\xc3\xba"},
    {0x5A46, "\x70\x20\xc3\xb3"},
    {0x5A47, "\x63\x20\xc7\x8e\x69"},
    {0x5A48, "\x6c\x20\xc3\xad\x6e\x67"},
    {0x5A49, "\x77\x20\xc7\x8e\x6e"},
    {0x5A4A, "\x62\x20\x69\xc7\x8e\x6f"},
    {0x5A4B, "\x78\x20\x69\xc4\x81\x6f"},
    {0x5A4C, "\x73\x68\x20\xc3\xba"},
    {0x5A4D, "\x71\x20\xc7\x90"},
    {0x5A4E, "\x68\x20\x75\xc4\xab"},
    {0x5A4F, "\x66\x20\xc3\xa0\x6e"},
    {0x5A50, "\x77\x20\xc7\x92"},
    {0x5A51, "\x72\x20\x75\xc3\xad"},
    {0x5A52, "\x74\x20\xc3\xa1\x6e"},
    {0x5A53, "\x66\x20\xc4\x93\x69"},
    {0x5A54, "\x66\x20\xc4\x93\x69"},
    {0x5A55, "\x6a\x20\x69\xc3\xa9"},
    {0x5A56, "\x74\x20\x69\xc4\x81\x6e"},
    {0x5A57, "\x6e\x20\xc3\xad"},
    {0x5A58, "\x71\x20\x75\xc3\xa1\x6e"},
    {0x5A59, "\x6a\x20\xc3\xac\x6e\x67"},
    {0x5A5A, "\x68\x20\xc5\xab\x6e"},
    {0x5A5B, "\x6a\x20\xc4\xab\x6e\x67"},
    {0x5A5C, "\x71\x20\x69\xc4\x81\x6e"},
    {0x5A5D, "\x64\x20\x69\xc3\xa0\x6e"},
    {0x5A5E, "\x78\x20\xc3\xac\x6e\x67"},
    {0x5A5F, "\x68\x20\xc3\xb9"},
    {0x5A60, "\x77\x20\xc4\x81\x6e"},
    {0x5A61, "\x6c\x20\xc3\xa1\x69"},
    {0x5A62, "\x62\x20\xc3\xac"},
    {0x5A63, "\x79\x20\xc4\xab\x6e"},
    {0x5A64, "\x63\x68\x20\xc5\x8d\x75"},
    {0x5A65, "\x63\x68\x20\x75\xc3\xb2"},
    {0x5A66, "\x66\x20\xc3\xb9"},
    {0x5A67, "\x6a\x20\xc3\xac\x6e\x67"},
    {0x5A68, "\x6c\x20\xc3\xba\x6e"},
    {0x5A69, "\xc3\xa0\x6e"},
    {0x5A6A, "\x6c\x20\xc3\xa1\x6e"},
    {0x5A6B, "\x6b\x20\xc5\xab\x6e"},
    {0x5A6C, "\x79\x20\xc3\xad\x6e"},
    {0x5A6D, "\x79\x20\xc3\xa0"},
    {0x5A6E, "\x6a\x20\xc5\xab"},
    {0x5A6F, "\x6c\x20\xc3\xac"},
    {0x5A70, "\x64\x20\x69\xc7\x8e\x6e"},
    {0x5A71, "\x78\x20\x69\xc3\xa1\x6e"},
    {0x5A72, "\x68\x20\x75\xc4\x81"},
    {0x5A73, "\x68\x20\x75\xc3\xa0"},
    {0x5A74, "\x79\x20\xc4\xab\x6e\x67"},
    {0x5A75, "\x63\x68\x20\xc3\xa1\x6e"},
    {0x5A76, "\x73\x68\x20\xc4\x9b\x6e"},
    {0x5A77, "\x74\x20\xc3\xad\x6e\x67"},
    {0x5A78, "\x64\x20\xc3\xa0\x6e\x67"},
    {0x5A79, "\x79\x20\xc7\x8e\x6f"},
    {0x5A7A, "\x77\x20\xc3\xb9"},
    {0x5A7B, "\x6e\x20\xc3\xa0\x6e"},
    {0x5A7C, "\x63\x68\x20\x75\xc3\xb2"},
    {0x5A7D, "\x6a\x20\x69\xc7\x8e"},
    {0x5A7E, "\x74\x20\xc5\x8d\x75"},
    {0x5A7F, "\x78\x20\xc3\xb9"},
    {0x5A80, "\x79\x20\xc3\xb9"},
    {0x5A81, "\x77\x20\xc3\xa9\x69"},
    {0x5A82, "\x64\x20\xc3\xac"},
    {0x5A83, "\x72\x20\xc3\xb3\x75"},
    {0x5A84, "\x6d\x20\xc4\x9b\x69"},
    {0x5A85, "\x64\x20\xc4\x81\x6e"},
    {0x5A86, "\x72\x20\x75\xc7\x8e\x6e"},
    {0x5A87, "\x71\x20\xc4\xab\x6e"},
    {0x5A88, "\x68\x20\x75\xc4\xab"},
    {0x5A89, "\x77\x20\xc3\xb2"},
    {0x5A8A, "\x71\x20\x69\xc3\xa1\x6e"},
    {0x5A8B, "\x63\x68\x20\xc5\xab\x6e"},
    {0x5A8C, "\x6d\x20\x69\xc3\xa1\x6f"},
    {0x5A8D, "\x66\x20\xc3\xb9"},
    {0x5A8E, "\x6a\x20\x69\xc4\x9b"},
    {0x5A8F, "\x64\x20\x75\xc4\x81\x6e"},
    {0x5A90, "\x79\x20\xc3\xad"},
    {0x5A91, "\x7a\x68\x20\xc3\xb2\x6e\x67"},
    {0x5A92, "\x6d\x20\xc3\xa9\x69"},
    {0x5A93, "\x68\x20\x75\xc3\xa1\x6e\x67"},
    {0x5A94, "\x6d\x20\x69\xc3\xa1\x6e"},
    {0x5A95, "\xc4\x81\x6e"},
    {0x5A96, "\x79\x20\xc4\xab\x6e\x67"},
    {0x5A97, "\x78\x20\x75\xc4\x81\x6e"},
    {0x5A98, "\x6a\x20\x69\xc4\x93"},
    {0x5A99, "\x77\x20\xc4\x93\x69"},
    {0x5A9A, "\x6d\x20\xc3\xa8\x69"},
    {0x5A9B, "\x79\x20\x75\xc3\xa0\x6e"},
    {0x5A9C, "\x7a\x68\x20\xc4\x93\x6e\x67"},
    {0x5A9D, "\x71\x20\x69\xc5\xab"},
    {0x5A9E, "\x73\x68\x20\xc3\xac"},
    {0x5A9F, "\x78\x20\x69\xc3\xa8"},
    {0x5AA0, "\x74\x20\x75\xc7\x92"},
    {0x5AA1, "\x6c\x20\x69\xc3\xa0\x6e"},
    {0x5AA2, "\x6d\x20\xc3\xa0\x6f"},
    {0x5AA3, "\x72\x20\xc7\x8e\x6e"},
    {0x5AA4, "\x73\x20\xc4\xab"},
    {0x5AA5, "\x70\x20\x69\xc4\x81\x6e"},
    {0x5AA6, "\x77\x20\xc3\xa8\x69"},
    {0x5AA7, "\x77\x20\xc4\x81"},
    {0x5AA8, "\x63\x20\xc3\xb9"},
    {0x5AA9, "\x68\x20\xc3\xba"},
    {0x5AAA, "\xc7\x8e\x6f"},
    {0x5AAB, "\x6a\x20\x69\xc3\xa9"},
    {0x5AAC, "\x62\x20\xc7\x8e\x6f"},
    {0x5AAD, "\x78\x20\xc5\xab"},
    {0x5AAE, "\x74\x20\xc5\x8d\x75"},
    {0x5AAF, "\x67\x20\x75\xc4\xab"},
    {0x5AB0, "\x63\x68\x20\xc3\xba"},
    {0x5AB1, "\x79\x20\xc3\xa1\x6f"},
    {0x5AB2, "\x70\x20\xc3\xac"},
    {0x5AB3, "\x78\x20\xc3\xad"},
    {0x5AB4, "\x79\x20\x75\xc3\xa1\x6e"},
    {0x5AB5, "\x79\x20\xc3\xac\x6e\x67"},
    {0x5AB6, "\x72\x20\xc3\xb3\x6e\x67"},
    {0x5AB7, "\x72\x20\xc3\xb9"},
    {0x5AB8, "\x63\x68\x20\xc4\xab"},
    {0x5AB9, "\x6c\x20\x69\xc3\xba"},
    {0x5ABA, "\x6d\x20\xc4\x9b\x69"},
    {0x5ABB, "\x70\x20\xc3\xa1\x6e"},
    {0x5ABC, "\xc7\x8e\x6f"},
    {0x5ABD, "\x6d\x20\xc4\x81"},
    {0x5ABE, "\x67\x20\xc3\xb2\x75"},
    {0x5ABF, "\x6b\x20\x75\xc3\xac"},
    {0x5AC0, "\x71\x20\xc3\xad\x6e"},
    {0x5AC1, "\x6a\x20\x69\xc3\xa0"},
    {0x5AC2, "\x73\x20\xc7\x8e\x6f"},
    {0x5AC3, "\x7a\x68\x20\xc4\x93\x6e"},
    {0x5AC4, "\x79\x20\x75\xc3\xa1\x6e"},
    {0x5AC5, "\x6a\x20\x69\xc4\x93"},
    {0x5AC6, "\x72\x20\xc3\xb3\x6e\x67"},
    {0x5AC7, "\x6d\x20\xc3\xad\x6e\x67"},
    {0x5AC8, "\x79\x20\xc4\xab\x6e\x67"},
    {0x5AC9, "\x6a\x20\xc3\xad"},
    {0x5ACA, "\x73\x20\xc3\xb9"},
    {0x5ACB, "\x6e\x20\x69\xc7\x8e\x6f"},
    {0x5ACC, "\x78\x20\x69\xc3\xa1\x6e"},
    {0x5ACD, "\x74\x20\xc4\x81\x6f"},
    {0x5ACE, "\x70\x20\xc3\xa1\x6e\x67"},
    {0x5ACF, "\x6c\x20\xc3\xa1\x6e\x67"},
    {0x5AD0, "\x6e\x20\xc7\x8e\x6f"},
    {0x5AD1, "\x62\x20\xc3\xa1\x6f"},
    {0x5AD2, "\xc3\xa0\x69"},
    {0x5AD3, "\x70\x20\xc3\xac"},
    {0x5AD4, "\x70\x20\xc3\xad\x6e"},
    {0x5AD5, "\x79\x20\xc3\xac"},
    {0x5AD6, "\x70\x20\x69\xc3\xa1\x6f"},
    {0x5AD7, "\x79\x20\xc3\xb9"},
    {0x5AD8, "\x6c\x20\xc3\xa9\x69"},
    {0x5AD9, "\x78\x20\x75\xc3\xa1\x6e"},
    {0x5ADA, "\x6d\x20\xc4\x81\x6e"},
    {0x5ADB, "\x79\x20\xc4\xab"},
    {0x5ADC, "\x7a\x68\x20\xc4\x81\x6e\x67"},
    {0x5ADD, "\x6b\x20\xc4\x81\x6e\x67"},
    {0x5ADE, "\x79\x20\xc5\x8d\x6e\x67"},
    {0x5ADF, "\x6e\x20\xc3\xac"},
    {0x5AE0, "\x6c\x20\xc3\xad"},
    {0x5AE1, "\x64\x20\xc3\xad"},
    {0x5AE2, "\x67\x20\x75\xc4\xab"},
    {0x5AE3, "\x79\x20\xc4\x81\x6e"},
    {0x5AE4, "\x6a\x20\xc7\x90\x6e"},
    {0x5AE5, "\x7a\x68\x20\x75\xc4\x81\x6e"},
    {0x5AE6, "\x63\x68\x20\xc3\xa1\x6e\x67"},
    {0x5AE7, "\x7a\x20\xc3\xa9"},
    {0x5AE8, "\x68\x20\xc4\x81\x6e"},
    {0x5AE9, "\x6e\x20\xc3\xa8\x6e"},
    {0x5AEA, "\x6c\x20\xc3\xa0\x6f"},
    {0x5AEB, "\x6d\x20\xc3\xb3"},
    {0x5AEC, "\x7a\x68\x20\xc4\x93"},
    {0x5AED, "\x68\x20\xc3\xb9"},
    {0x5AEE, "\x68\x20\xc3\xb9"},
    {0x5AEF, "\xc3\xa0\x6f"},
    {0x5AF0, "\x6e\x20\xc3\xa8\x6e"},
    {0x5AF1, "\x71\x20\x69\xc3\xa1\x6e\x67"},
    {0x5AF2, "\x6d\x20\x61"},
    {0x5AF3, "\x70\x20\x69\xc3\xa8"},
    {0x5AF4, "\x67\x20\xc5\xab"},
    {0x5AF5, "\x77\x20\xc7\x94"},
    {0x5AF6, "\x71\x20\x69\xc3\xa1\x6f"},
    {0x5AF7, "\x74\x20\x75\xc7\x92"},
    {0x5AF8, "\x7a\x68\x20\xc7\x8e\x6e"},
    {0x5AF9, "\x6d\x20\x69\xc3\xa1\x6f"},
    {0x5AFA, "\x78\x20\x69\xc3\xa1\x6e"},
    {0x5AFB, "\x78\x20\x69\xc3\xa1\x6e"},
    {0x5AFC, "\x6d\x20\xc3\xb2"},
    {0x5AFD, "\x6c\x20\x69\xc3\xa1\x6f"},
    {0x5AFE, "\x6c\x20\x69\xc3\xa1\x6e"},
    {0x5AFF, "\x68\x20\x75\xc3\xa0"},
    {0x5B00, "\x67\x20\x75\xc4\xab"},
    {0x5B01, "\x64\x20\xc4\x93\x6e\x67"},
    {0x5B02, "\x7a\x68\x20\xc3\xad"},
    {0x5B03, "\x78\x20\xc5\xab"},
    {0x5B04, "\x79\x20\xc4\xab"},
    {0x5B05, "\x68\x20\x75\xc3\xa0"},
    {0x5B06, "\x78\x20\xc4\xab"},
    {0x5B07, "\x6b\x20\x75\xc3\xac"},
    {0x5B08, "\x72\x20\xc3\xa1\x6f"},
    {0x5B09, "\x78\x20\xc4\xab"},
    {0x5B0A, "\x79\x20\xc3\xa0\x6e"},
    {0x5B0B, "\x63\x68\x20\xc3\xa1\x6e"},
    {0x5B0C, "\x6a\x20\x69\xc4\x81\x6f"},
    {0x5B0D, "\x6d\x20\xc4\x9b\x69"},
    {0x5B0E, "\x66\x20\xc3\xa0\x6e"},
    {0x5B0F, "\x66\x20\xc4\x81\x6e"},
    {0x5B10, "\x78\x20\x69\xc4\x81\x6e"},
    {0x5B11, "\x79\x20\xc3\xac"},
    {0x5B12, "\x68\x20\x75\xc3\xac"},
    {0x5B13, "\x6a\x20\x69\xc3\xa0\x6f"},
    {0x5B14, "\x66\x20\xc3\xb9"},
    {0x5B15, "\x73\x68\x20\xc3\xac"},
    {0x5B16, "\x62\x20\xc3\xac"},
    {0x5B17, "\x73\x68\x20\xc3\xa0\x6e"},
    {0x5B18, "\x73\x20\x75\xc3\xac"},
    {0x5B19, "\x71\x20\x69\xc3\xa1\x6e\x67"},
    {0x5B1A, "\x6c\x20\x69\xc7\x8e\x6e"},
    {0x5B1B, "\x68\x20\x75\xc3\xa1\x6e"},
    {0x5B1C, "\x78\x20\xc4\xab\x6e"},
    {0x5B1D, "\x6e\x20\x69\xc7\x8e\x6f"},
    {0x5B1E, "\x64\x20\xc7\x92\x6e\x67"},
    {0x5B1F, "\x79\x20\xc3\xac"},
    {0x5B20, "\x63\x20\xc4\x81\x6e"},
    {0x5B21, "\xc3\xa0\x69"},
    {0x5B22, "\x6e\x20\x69\xc3\xa1\x6e\x67"},
    {0x5B23, "\x6e\x20\xc3\xad\x6e\x67"},
    {0x5B24, "\x6d\x20\xc4\x81"},
    {0x5B25, "\x74\x20\x69\xc7\x8e\x6f"},
    {0x5B26, "\x63\x68\x20\xc3\xb3\x75"},
    {0x5B27, "\x6a\x20\xc3\xac\x6e"},
    {0x5B28, "\x63\x20\xc3\xad"},
    {0x5B29, "\x79\x20\xc3\xba"},
    {0x5B2A, "\x70\x20\xc3\xad\x6e"},
    {0x5B2B, "\x72\x20\xc3\xb3\x6e\x67"},
    {0x5B2C, "\x72\x20\xc3\xba"},
    {0x5B2D, "\x6e\x20\xc7\x8e\x69"},
    {0x5B2E, "\x79\x20\xc4\x81\x6e"},
    {0x5B2F, "\x74\x20\xc3\xa1\x69"},
    {0x5B30, "\x79\x20\xc4\xab\x6e\x67"},
    {0x5B31, "\x71\x20\x69\xc3\xa0\x6e"},
    {0x5B32, "\x6e\x20\x69\xc7\x8e\x6f"},
    {0x5B33, "\x79\x20\x75\xc3\xa8"},
    {0x5B34, "\x79\x20\xc3\xad\x6e\x67"},
    {0x5B35, "\x6d\x20\x69\xc3\xa1\x6e"},
    {0x5B36, "\x62\x20\xc3\xad"},
    {0x5B37, "\x6d\x20\xc4\x81"},
    {0x5B38, "\x73\x68\x20\xc4\x9b\x6e"},
    {0x5B39, "\x78\x20\xc3\xac\x6e\x67"},
    {0x5B3A, "\x6e\x20\xc3\xac"},
    {0x5B3B, "\x64\x20\xc3\xba"},
    {0x5B3C, "\x6c\x20\x69\xc7\x94"},
    {0x5B3D, "\x79\x20\x75\xc4\x81\x6e"},
    {0x5B3E, "\x6c\x20\xc7\x8e\x6e"},
    {0x5B3F, "\x79\x20\xc3\xa0\x6e"},
    {0x5B40, "\x73\x68\x20\x75\xc4\x81\x6e\x67"},
    {0x5B41, "\x6c\x20\xc3\xad\x6e\x67"},
    {0x5B42, "\x6a\x20\x69\xc7\x8e\x6f"},
    {0x5B43, "\x6e\x20\x69\xc3\xa1\x6e\x67"},
    {0x5B44, "\x6c\x20\xc7\x8e\x6e"},
    {0x5B45, "\x71\x20\x69\xc4\x81\x6e"},
    {0x5B46, "\x79\x20\xc4\xab\x6e\x67"},
    {0x5B47, "\x73\x68\x20\x75\xc4\x81\x6e\x67"},
    {0x5B48, "\x68\x20\x75\xc3\xac"},
    {0x5B49, "\x71\x20\x75\xc3\xa1\x6e"},
    {0x5B4A, "\x6d\x20\xc7\x90"},
    {0x5B4B, "\x6c\x20\xc3\xad"},
    {0x5B4C, "\x6c\x20\x75\xc3\xa1\x6e"},
    {0x5B4D, "\x79\x20\xc3\xa1\x6e"},
    {0x5B4E, "\x7a\x68\x20\xc3\xba"},
    {0x5B4F, "\x6c\x20\xc7\x8e\x6e"},
    {0x5B50, "\x7a\x20\x69"},
    {0x5B51, "\x6a\x20\x69\xc3\xa9"},
    {0x5B52, "\x6a\x20\x75\xc3\xa9"},
    {0x5B53, "\x6a\x20\x75\xc3\xa9"},
    {0x5B54, "\x6b\x20\xc7\x92\x6e\x67"},
    {0x5B55, "\x79\x20\xc3\xb9\x6e"},
    {0x5B56, "\x6d\x20\xc4\x81"},
    {0x5B57, "\x7a\x20\xc3\xac"},
    {0x5B58, "\x63\x20\xc3\xba\x6e"},
    {0x5B59, "\x73\x20\xc5\xab\x6e"},
    {0x5B5A, "\x66\x20\xc3\xba"},
    {0x5B5B, "\x62\x20\xc3\xa8\x69"},
    {0x5B5C, "\x7a\x20\xc4\xab"},
    {0x5B5D, "\x78\x20\x69\xc3\xa0\x6f"},
    {0x5B5E, "\x78\x20\xc3\xac\x6e"},
    {0x5B5F, "\x6d\x20\xc3\xa8\x6e\x67"},
    {0x5B60, "\x73\x20\xc3\xac"},
    {0x5B61, "\x74\x20\xc4\x81\x69"},
    {0x5B62, "\x62\x20\xc4\x81\x6f"},
    {0x5B63, "\x6a\x20\xc3\xac"},
    {0x5B64, "\x67\x20\xc5\xab"},
    {0x5B65, "\x6e\x20\xc3\xba"},
    {0x5B66, "\x78\x20\x75\xc3\xa9"},
    {0x5B67, "\x79\x20\xc3\xb2\x75"},
    {0x5B68, "\x7a\x68\x20\x75\xc7\x8e\x6e"},
    {0x5B69, "\x68\x20\xc3\xa1\x69"},
    {0x5B6A, "\x6c\x20\x75\xc3\xa1\x6e"},
    {0x5B6B, "\x73\x20\xc5\xab\x6e"},
    {0x5B6C, "\x6e\x20\xc4\x81\x6f"},
    {0x5B6D, "\x6d\x20\x69\xc4\x93"},
    {0x5B6E, "\x63\x20\xc3\xb3\x6e\x67"},
    {0x5B6F, "\x71\x20\x69\xc4\x81\x6e"},
    {0x5B70, "\x73\x68\x20\xc3\xba"},
    {0x5B71, "\x63\x20\xc3\xa0\x6e"},
    {0x5B72, "\x79\x20\xc4\x81"},
    {0x5B73, "\x7a\x20\xc4\xab"},
    {0x5B74, "\x6e\x20\xc7\x90"},
    {0x5B75, "\x66\x20\xc5\xab"},
    {0x5B76, "\x7a\x20\xc4\xab"},
    {0x5B77, "\x6c\x20\xc3\xad"},
    {0x5B78, "\x78\x20\x75\xc3\xa9"},
    {0x5B79, "\x62\x20\xc3\xb2"},
    {0x5B7A, "\x72\x20\xc3\xba"},
    {0x5B7B, "\x6e\x20\xc3\xa1\x69"},
    {0x5B7C, "\x6e\x20\x69\xc3\xa8"},
    {0x5B7D, "\x6e\x20\x69\xc3\xa8"},
    {0x5B7E, "\x79\x20\xc4\xab\x6e\x67"},
    {0x5B7F, "\x6c\x20\x75\xc3\xa1\x6e"},
    {0x5B80, "\x6d\x20\x69\xc3\xa1\x6e"},
    {0x5B81, "\x6e\x20\xc3\xad\x6e\x67"},
    {0x5B82, "\x72\x20\xc7\x92\x6e\x67"},
    {0x5B83, "\x74\x20\xc4\x81"},
    {0x5B84, "\x67\x20\x75\xc7\x90"},
    {0x5B85, "\x7a\x68\x20\xc3\xa1\x69"},
    {0x5B86, "\x71\x20\x69\xc3\xb3\x6e\x67"},
    {0x5B87, "\x79\x20\xc7\x94"},
    {0x5B88, "\x73\x68\x20\xc7\x92\x75"},
    {0x5B89, "\xc4\x81\x6e"},
    {0x5B8A, "\x74\x20\xc5\xab"},
    {0x5B8B, "\x73\x20\xc3\xb2\x6e\x67"},
    {0x5B8C, "\x77\x20\xc3\xa1\x6e"},
    {0x5B8D, "\x72\x20\xc3\xb2\x75"},
    {0x5B8E, "\x79\x20\xc7\x8e\x6f"},
    {0x5B8F, "\x68\x20\xc3\xb3\x6e\x67"},
    {0x5B90, "\x79\x20\xc3\xad"},
    {0x5B91, "\x6a\x20\xc7\x90\x6e\x67"},
    {0x5B92, "\x7a\x68\x20\xc5\xab\x6e"},
    {0x5B93, "\x6d\x20\xc3\xac"},
    {0x5B94, "\x7a\x68\x20\xc7\x94"},
    {0x5B95, "\x64\x20\xc3\xa0\x6e\x67"},
    {0x5B96, "\x68\x20\xc3\xb3\x6e\x67"},
    {0x5B97, "\x7a\x20\xc5\x8d\x6e\x67"},
    {0x5B98, "\x67\x20\x75\xc4\x81\x6e"},
    {0x5B99, "\x7a\x68\x20\xc3\xb2\x75"},
    {0x5B9A, "\x64\x20\xc3\xac\x6e\x67"},
    {0x5B9B, "\x77\x20\xc7\x8e\x6e"},
    {0x5B9C, "\x79\x20\xc3\xad"},
    {0x5B9D, "\x62\x20\xc7\x8e\x6f"},
    {0x5B9E, "\x73\x68\x20\xc3\xad"},
    {0x5B9F, "\x73\x68\x20\xc3\xad"},
    {0x5BA0, "\x63\x68\x20\xc7\x92\x6e\x67"},
    {0x5BA1, "\x73\x68\x20\xc4\x9b\x6e"},
    {0x5BA2, "\x6b\x20\xc3\xa8"},
    {0x5BA3, "\x78\x20\x75\xc4\x81\x6e"},
    {0x5BA4, "\x73\x68\x20\xc3\xac"},
    {0x5BA5, "\x79\x20\xc3\xb2\x75"},
    {0x5BA6, "\x68\x20\x75\xc3\xa0\x6e"},
    {0x5BA7, "\x79\x20\xc3\xad"},
    {0x5BA8, "\x74\x20\x69\xc7\x8e\x6f"},
    {0x5BA9, "\x73\x68\x20\xc7\x90"},
    {0x5BAA, "\x78\x20\x69\xc3\xa0\x6e"},
    {0x5BAB, "\x67\x20\xc5\x8d\x6e\x67"},
    {0x5BAC, "\x63\x68\x20\xc3\xa9\x6e\x67"},
    {0x5BAD, "\x71\x20\xc3\xba\x6e"},
    {0x5BAE, "\x67\x20\xc5\x8d\x6e\x67"},
    {0x5BAF, "\x78\x20\x69\xc4\x81\x6f"},
    {0x5BB0, "\x7a\x20\xc7\x8e\x69"},
    {0x5BB1, "\x7a\x68\x20\xc3\xa0"},
    {0x5BB2, "\x62\x20\xc7\x8e\x6f"},
    {0x5BB3, "\x68\x20\xc3\xa0\x69"},
    {0x5BB4, "\x79\x20\xc3\xa0\x6e"},
    {0x5BB5, "\x78\x20\x69\xc4\x81\x6f"},
    {0x5BB6, "\x6a\x20\x69\xc4\x81"},
    {0x5BB7, "\x73\x68\x20\xc4\x9b\x6e"},
    {0x5BB8, "\x63\x68\x20\xc3\xa9\x6e"},
    {0x5BB9, "\x72\x20\xc3\xb3\x6e\x67"},
    {0x5BBA, "\x68\x20\x75\xc7\x8e\x6e\x67"},
    {0x5BBB, "\x6d\x20\xc3\xac"},
    {0x5BBC, "\x6b\x20\xc3\xb2\x75"},
    {0x5BBD, "\x6b\x20\x75\xc4\x81\x6e"},
    {0x5BBE, "\x62\x20\xc4\xab\x6e"},
    {0x5BBF, "\x73\x20\xc3\xb9"},
    {0x5BC0, "\x63\x20\xc7\x8e\x69"},
    {0x5BC1, "\x7a\x20\xc7\x8e\x6e"},
    {0x5BC2, "\x6a\x20\xc3\xac"},
    {0x5BC3, "\x79\x20\x75\xc4\x81\x6e"},
    {0x5BC4, "\x6a\x20\xc3\xac"},
    {0x5BC5, "\x79\x20\xc3\xad\x6e"},
    {0x5BC6, "\x6d\x20\xc3\xac"},
    {0x5BC7, "\x6b\x20\xc3\xb2\x75"},
    {0x5BC8, "\x71\x20\xc4\xab\x6e\x67"},
    {0x5BC9, "\x68\x20\xc3\xa8"},
    {0x5BCA, "\x7a\x68\x20\xc4\x93\x6e"},
    {0x5BCB, "\x6a\x20\x69\xc3\xa0\x6e"},
    {0x5BCC, "\x66\x20\xc3\xb9"},
    {0x5BCD, "\x6e\x20\xc3\xad\x6e\x67"},
    {0x5BCE, "\x62\x20\xc3\xac\x6e\x67"},
    {0x5BCF, "\x68\x20\x75\xc3\xa1\x6e"},
    {0x5BD0, "\x6d\x20\xc3\xa8\x69"},
    {0x5BD1, "\x71\x20\xc7\x90\x6e"},
    {0x5BD2, "\x68\x20\xc3\xa1\x6e"},
    {0x5BD3, "\x79\x20\xc3\xb9"},
    {0x5BD4, "\x73\x68\x20\xc3\xad"},
    {0x5BD5, "\x6e\x20\xc3\xad\x6e\x67"},
    {0x5BD6, "\x6a\x20\xc3\xac\x6e"},
    {0x5BD7, "\x6e\x20\xc3\xad\x6e\x67"},
    {0x5BD8, "\x7a\x68\x20\xc3\xac"},
    {0x5BD9, "\x79\x20\xc7\x94"},
    {0x5BDA, "\x62\x20\xc7\x8e\x6f"},
    {0x5BDB, "\x6b\x20\x75\xc4\x81\x6e"},
    {0x5BDC, "\x6e\x20\xc3\xad\x6e\x67"},
    {0x5BDD, "\x71\x20\xc7\x90\x6e"},
    {0x5BDE, "\x6d\x20\xc3\xb2"},
    {0x5BDF, "\x63\x68\x20\xc3\xa1"},
    {0x5BE0, "\x6a\x20\xc3\xb9"},
    {0x5BE1, "\x67\x20\x75\xc7\x8e"},
    {0x5BE2, "\x71\x20\xc7\x90\x6e"},
    {0x5BE3, "\x68\x20\xc5\xab"},
    {0x5BE4, "\x77\x20\xc3\xb9"},
    {0x5BE5, "\x6c\x20\x69\xc3\xa1\x6f"},
    {0x5BE6, "\x73\x68\x20\xc3\xad"},
    {0x5BE7, "\x6e\x20\xc3\xad\x6e\x67"},
    {0x5BE8, "\x7a\x68\x20\xc3\xa0\x69"},
    {0x5BE9, "\x73\x68\x20\xc4\x9b\x6e"},
    {0x5BEA, "\x77\x20\xc4\x9b\x69"},
    {0x5BEB, "\x78\x20\x69\xc4\x9b"},
    {0x5BEC, "\x6b\x20\x75\xc4\x81\x6e"},
    {0x5BED, "\x68\x20\x75\xc3\xac"},
    {0x5BEE, "\x6c\x20\x69\xc3\xa1\x6f"},
    {0x5BEF, "\x6a\x20\xc3\xb9\x6e"},
    {0x5BF0, "\x68\x20\x75\xc3\xa1\x6e"},
    {0x5BF1, "\x79\x20\xc3\xac"},
    {0x5BF2, "\x79\x20\xc3\xad"},
    {0x5BF3, "\x62\x20\xc7\x8e\x6f"},
    {0x5BF4, "\x71\x20\xc4\xab\x6e"},
    {0x5BF5, "\x63\x68\x20\xc7\x92\x6e\x67"},
    {0x5BF6, "\x62\x20\xc7\x8e\x6f"},
    {0x5BF7, "\x66\x20\xc4\x93\x6e\x67"},
    {0x5BF8, "\x63\x20\xc3\xb9\x6e"},
    {0x5BF9, "\x64\x20\x75\xc3\xac"},
    {0x5BFA, "\x73\x20\xc3\xac"},
    {0x5BFB, "\x78\x20\xc3\xba\x6e"},
    {0x5BFC, "\x64\x20\xc7\x8e\x6f"},
    {0x5BFD, "\x6c\x20\xc7\x9c"},
    {0x5BFE, "\x64\x20\x75\xc3\xac"},
    {0x5BFF, "\x73\x68\x20\xc3\xb2\x75"},
    {0x5C00, "\x70\x20\xc7\x92"},
    {0x5C01, "\x66\x20\xc4\x93\x6e\x67"},
    {0x5C02, "\x7a\x68\x20\x75\xc4\x81\x6e"},
    {0x5C03, "\x66\x20\xc5\xab"},
    {0x5C04, "\x73\x68\x20\xc3\xa8"},
    {0x5C05, "\x6b\x20\xc3\xa8"},
    {0x5C06, "\x6a\x20\x69\xc4\x81\x6e\x67"},
    {0x5C07, "\x6a\x20\x69\xc4\x81\x6e\x67"},
    {0x5C08, "\x7a\x68\x20\x75\xc4\x81\x6e"},
    {0x5C09, "\x77\x20\xc3\xa8\x69"},
    {0x5C0A, "\x7a\x20\xc5\xab\x6e"},
    {0x5C0B, "\x78\x20\xc3\xba\x6e"},
    {0x5C0C, "\x73\x68\x20\xc3\xb9"},
    {0x5C0D, "\x64\x20\x75\xc3\xac"},
    {0x5C0E, "\x64\x20\xc7\x8e\x6f"},
    {0x5C0F, "\x78\x20\x69\xc7\x8e\x6f"},
    {0x5C10, "\x6a\x20\x69\xc3\xa9"},
    {0x5C11, "\x73\x68\x20\xc7\x8e\x6f"},
    {0x5C12, "\xc4\x9b\x72"},
    {0x5C13, "\xc4\x9b\x72"},
    {0x5C14, "\xc4\x9b\x72"},
    {0x5C15, "\x67\x20\xc7\x8e"},
    {0x5C16, "\x6a\x20\x69\xc4\x81\x6e"},
    {0x5C17, "\x73\x68\x20\xc5\xab"},
    {0x5C18, "\x63\x68\x20\xc3\xa9\x6e"},
    {0x5C19, "\x73\x68\x20\xc3\xa0\x6e\x67"},
    {0x5C1A, "\x73\x68\x20\xc3\xa0\x6e\x67"},
    {0x5C1B, "\x6d\x20\xc3\xb3"},
    {0x5C1C, "\x67\x20\xc3\xa1"},
    {0x5C1D, "\x63\x68\x20\xc3\xa1\x6e\x67"},
    {0x5C1E, "\x6c\x20\x69\xc3\xa0\x6f"},
    {0x5C1F, "\x78\x20\x69\xc7\x8e\x6e"},
    {0x5C20, "\x78\x20\x69\xc7\x8e\x6e"},
    {0x5C21, "\x6b\x20\x75\x6e"},
    {0x5C22, "\x79\x20\xc3\xb3\x75"},
    {0x5C23, "\x77\x20\xc4\x81\x6e\x67"},
    {0x5C24, "\x79\x20\xc3\xb3\x75"},
    {0x5C25, "\x6c\x20\x69\xc3\xa0\x6f"},
    {0x5C26, "\x6c\x20\x69\xc3\xa0\x6f"},
    {0x5C27, "\x79\x20\xc3\xa1\x6f"},
    {0x5C28, "\x6d\x20\xc3\xa1\x6e\x67"},
    {0x5C29, "\x77\x20\xc4\x81\x6e\x67"},
    {0x5C2A, "\x77\x20\xc4\x81\x6e\x67"},
    {0x5C2B, "\x77\x20\xc4\x81\x6e\x67"},
    {0x5C2C, "\x67\x20\xc3\xa0"},
    {0x5C2D, "\x79\x20\xc3\xa1\x6f"},
    {0x5C2E, "\x64\x20\x75\xc3\xb2"},
    {0x5C2F, "\x6b\x20\x75\xc3\xac"},
    {0x5C30, "\x7a\x68\x20\xc7\x92\x6e\x67"},
    {0x5C31, "\x6a\x20\x69\xc3\xb9"},
    {0x5C32, "\x67\x20\xc4\x81\x6e"},
    {0x5C33, "\x67\x20\xc7\x94"},
    {0x5C34, "\x67\x20\xc4\x81\x6e"},
    {0x5C35, "\x74\x20\x75\xc3\xad"},
    {0x5C36, "\x67\x20\xc4\x81\x6e"},
    {0x5C37, "\x67\x20\xc4\x81\x6e"},
    {0x5C38, "\x73\x68\x20\xc4\xab"},
    {0x5C39, "\x79\x20\xc7\x90\x6e"},
    {0x5C3A, "\x63\x68\x20\xc7\x90"},
    {0x5C3B, "\x6b\x20\xc4\x81\x6f"},
    {0x5C3C, "\x6e\x20\xc3\xad"},
    {0x5C3D, "\x6a\x20\xc7\x90\x6e"},
    {0x5C3E, "\x77\x20\xc4\x9b\x69"},
    {0x5C3F, "\x6e\x20\x69\xc3\xa0\x6f"},
    {0x5C40, "\x6a\x20\xc3\xba"},
    {0x5C41, "\x70\x20\xc3\xac"},
    {0x5C42, "\x63\x20\xc3\xa9\x6e\x67"},
    {0x5C43, "\x78\x20\xc3\xac"},
    {0x5C44, "\x62\x20\xc4\xab"},
    {0x5C45, "\x6a\x20\xc5\xab"},
    {0x5C46, "\x6a\x20\x69\xc3\xa8"},
    {0x5C47, "\x74\x20\x69\xc3\xa1\x6e"},
    {0x5C48, "\x71\x20\xc5\xab"},
    {0x5C49, "\x74\x20\xc3\xac"},
    {0x5C4A, "\x6a\x20\x69\xc3\xa8"},
    {0x5C4B, "\x77\x20\xc5\xab"},
    {0x5C4C, "\x64\x20\x69\xc7\x8e\x6f"},
    {0x5C4D, "\x73\x68\x20\xc4\xab"},
    {0x5C4E, "\x73\x68\x20\xc7\x90"},
    {0x5C4F, "\x70\x20\xc3\xad\x6e\x67"},
    {0x5C50, "\x6a\x20\xc4\xab"},
    {0x5C51, "\x78\x20\x69\xc3\xa8"},
    {0x5C52, "\x7a\x68\x20\xc4\x9b\x6e"},
    {0x5C53, "\x78\x20\x69\xc3\xa8"},
    {0x5C54, "\x6e\x20\xc3\xad"},
    {0x5C55, "\x7a\x68\x20\xc7\x8e\x6e"},
    {0x5C56, "\x78\x20\xc4\xab"},
    {0x5C57, "\x77\x20\xc4\x9b\x69"},
    {0x5C58, "\x6d\x20\xc7\x8e\x6e"},
    {0x5C59, "\xc4\x93"},
    {0x5C5A, "\x6c\x20\xc3\xb2\x75"},
    {0x5C5B, "\x70\x20\xc3\xad\x6e\x67"},
    {0x5C5C, "\x74\x20\xc3\xac"},
    {0x5C5D, "\x66\x20\xc3\xa8\x69"},
    {0x5C5E, "\x73\x68\x20\xc7\x94"},
    {0x5C5F, "\x78\x20\x69\xc3\xa8"},
    {0x5C60, "\x74\x20\xc3\xba"},
    {0x5C61, "\x6c\x20\xc7\x9a"},
    {0x5C62, "\x6c\x20\xc7\x9a"},
    {0x5C63, "\x78\x20\xc7\x90"},
    {0x5C64, "\x63\x20\xc3\xa9\x6e\x67"},
    {0x5C65, "\x6c\x20\xc7\x9a"},
    {0x5C66, "\x6a\x20\xc3\xb9"},
    {0x5C67, "\x78\x20\x69\xc3\xa8"},
    {0x5C68, "\x6a\x20\xc3\xb9"},
    {0x5C69, "\x6a\x20\x75\xc4\x93"},
    {0x5C6A, "\x6c\x20\x69\xc3\xa1\x6f"},
    {0x5C6B, "\x6a\x20\x75\xc3\xa9"},
    {0x5C6C, "\x73\x68\x20\xc7\x94"},
    {0x5C6D, "\x78\x20\xc3\xac"},
    {0x5C6E, "\x63\x68\x20\xc3\xa8"},
    {0x5C6F, "\x74\x20\xc3\xba\x6e"},
    {0x5C70, "\x6e\x20\xc3\xac"},
    {0x5C71, "\x73\x68\x20\xc4\x81\x6e"},
    {0x5C72, "\x77\x20\xc4\x81"},
    {0x5C73, "\x78\x20\x69\xc4\x81\x6e"},
    {0x5C74, "\x6c\x20\xc3\xac"},
    {0x5C75, "\xc3\xa8"},
    {0x5C76, "\x68\x20\x75\xc3\xac"},
    {0x5C77, "\x68\x20\x75\xc3\xac"},
    {0x5C78, "\x6c\x20\xc3\xb3\x6e\x67"},
    {0x5C79, "\x79\x20\xc3\xac"},
    {0x5C7A, "\x71\x20\xc7\x90"},
    {0x5C7B, "\x72\x20\xc3\xa8\x6e"},
    {0x5C7C, "\x77\x20\xc3\xb9"},
    {0x5C7D, "\x68\x20\xc3\xa0\x6e"},
    {0x5C7E, "\x73\x68\x20\xc4\x93\x6e"},
    {0x5C7F, "\x79\x20\xc7\x94"},
    {0x5C80, "\x63\x68\x20\xc5\xab"},
    {0x5C81, "\x73\x20\x75\xc3\xac"},
    {0x5C82, "\x71\x20\xc7\x90"},
    {0x5C83, "\x72\x20\xc3\xa8\x6e"},
    {0x5C84, "\x79\x20\x75\xc3\xa8"},
    {0x5C85, "\x62\x20\xc7\x8e\x6e"},
    {0x5C86, "\x79\x20\xc7\x8e\x6f"},
    {0x5C87, "\xc3\xa1\x6e\x67"},
    {0x5C88, "\x79\x20\xc3\xa1"},
    {0x5C89, "\x77\x20\xc3\xb9"},
    {0x5C8A, "\x6a\x20\x69\xc3\xa9"},
    {0x5C8B, "\xc3\xa8"},
    {0x5C8C, "\x6a\x20\xc3\xad"},
    {0x5C8D, "\x71\x20\x69\xc4\x81\x6e"},
    {0x5C8E, "\x66\x20\xc3\xa9\x6e"},
    {0x5C8F, "\x77\x20\xc3\xa1\x6e"},
    {0x5C90, "\x71\x20\xc3\xad"},
    {0x5C91, "\x63\x20\xc3\xa9\x6e"},
    {0x5C92, "\x71\x20\x69\xc3\xa1\x6e"},
    {0x5C93, "\x71\x20\xc3\xad"},
    {0x5C94, "\x63\x68\x20\xc3\xa0"},
    {0x5C95, "\x6a\x20\x69\xc3\xa8"},
    {0x5C96, "\x71\x20\xc5\xab"},
    {0x5C97, "\x67\x20\xc7\x8e\x6e\x67"},
    {0x5C98, "\x78\x20\x69\xc3\xa0\x6e"},
    {0x5C99, "\xc3\xa0\x6f"},
    {0x5C9A, "\x6c\x20\xc3\xa1\x6e"},
    {0x5C9B, "\x64\x20\xc7\x8e\x6f"},
    {0x5C9C, "\x62\x20\xc4\x81"},
    {0x5C9D, "\x7a\x20\x75\xc3\xb2"},
    {0x5C9E, "\x7a\x20\x75\xc3\xb2"},
    {0x5C9F, "\x79\x20\xc7\x8e\x6e\x67"},
    {0x5CA0, "\x6a\x20\xc3\xb9"},
    {0x5CA1, "\x67\x20\xc4\x81\x6e\x67"},
    {0x5CA2, "\x6b\x20\xc4\x9b"},
    {0x5CA3, "\x67\x20\xc7\x92\x75"},
    {0x5CA4, "\x78\x20\x75\xc3\xa9"},
    {0x5CA5, "\x70\x20\xc5\x8d"},
    {0x5CA6, "\x6c\x20\xc3\xac"},
    {0x5CA7, "\x74\x20\x69\xc3\xa1\x6f"},
    {0x5CA8, "\x71\x20\xc5\xab"},
    {0x5CA9, "\x79\x20\xc3\xa1\x6e"},
    {0x5CAA, "\x66\x20\xc3\xba"},
    {0x5CAB, "\x78\x20\x69\xc3\xb9"},
    {0x5CAC, "\x6a\x20\x69\xc7\x8e"},
    {0x5CAD, "\x6c\x20\xc7\x90\x6e\x67"},
    {0x5CAE, "\x74\x20\x75\xc3\xb3"},
    {0x5CAF, "\x70\x20\xc3\xad"},
    {0x5CB0, "\xc3\xa0\x6f"},
    {0x5CB1, "\x64\x20\xc3\xa0\x69"},
    {0x5CB2, "\x6b\x20\x75\xc3\xa0\x6e\x67"},
    {0x5CB3, "\x79\x20\x75\xc3\xa8"},
    {0x5CB4, "\x71\x20\xc5\xab"},
    {0x5CB5, "\x68\x20\xc3\xb9"},
    {0x5CB6, "\x70\x20\xc3\xb2"},
    {0x5CB7, "\x6d\x20\xc3\xad\x6e"},
    {0x5CB8, "\xc3\xa0\x6e"},
    {0x5CB9, "\x74\x20\x69\xc3\xa1\x6f"},
    {0x5CBA, "\x6c\x20\xc3\xad\x6e\x67"},
    {0x5CBB, "\x63\x68\x20\xc3\xad"},
    {0x5CBC, "\x70\x20\xc3\xad\x6e\x67"},
    {0x5CBD, "\x64\x20\xc5\x8d\x6e\x67"},
    {0x5CBE, "\x68\x20\xc3\xa0\x6e"},
    {0x5CBF, "\x6b\x20\x75\xc4\xab"},
    {0x5CC0, "\x78\x20\x69\xc3\xb9"},
    {0x5CC1, "\x6d\x20\xc7\x8e\x6f"},
    {0x5CC2, "\x74\x20\xc3\xb3\x6e\x67"},
    {0x5CC3, "\x78\x20\x75\xc3\xa9"},
    {0x5CC4, "\x79\x20\xc3\xac"},
    {0x5CC5, "\x62\x20\x69\xc3\xa0\x6e"},
    {0x5CC6, "\x68\x20\xc3\xa9"},
    {0x5CC7, "\x62\x20\xc4\x81"},
    {0x5CC8, "\x6c\x20\x75\xc3\xb2"},
    {0x5CC9, "\xc3\xa8"},
    {0x5CCA, "\x66\x20\xc3\xb9"},
    {0x5CCB, "\x78\x20\xc3\xba\x6e"},
    {0x5CCC, "\x64\x20\x69\xc3\xa9"},
    {0x5CCD, "\x6c\x20\xc3\xb9"},
    {0x5CCE, "\xc4\x9b\x6e"},
    {0x5CCF, "\xc3\xa9\x72"},
    {0x5CD0, "\x67\x20\xc4\x81\x69"},
    {0x5CD1, "\x71\x20\x75\xc4\x81\x6e"},
    {0x5CD2, "\x64\x20\xc3\xb2\x6e\x67"},
    {0x5CD3, "\x79\x20\xc3\xad"},
    {0x5CD4, "\x6d\x20\xc7\x94"},
    {0x5CD5, "\x73\x68\x20\xc3\xad"},
    {0x5CD6, "\xc4\x81\x6e"},
    {0x5CD7, "\x77\x20\xc3\xa9\x69"},
    {0x5CD8, "\x68\x20\x75\xc3\xa1\x6e"},
    {0x5CD9, "\x7a\x68\x20\xc3\xac"},
    {0x5CDA, "\x6d\x20\xc3\xac"},
    {0x5CDB, "\x6c\x20\xc7\x90"},
    {0x5CDC, "\x6a\x20\xc3\xac"},
    {0x5CDD, "\x74\x20\xc3\xb3\x6e\x67"},
    {0x5CDE, "\x77\x20\xc3\xa9\x69"},
    {0x5CDF, "\x79\x20\xc3\xb2\x75"},
    {0x5CE0, "\x71\x20\x69\xc7\x8e"},
    {0x5CE1, "\x78\x20\x69\xc3\xa1"},
    {0x5CE2, "\x6c\x20\xc7\x90"},
    {0x5CE3, "\x79\x20\xc3\xa1\x6f"},
    {0x5CE4, "\x6a\x20\x69\xc3\xa0\x6f"},
    {0x5CE5, "\x7a\x68\x20\xc4\x93\x6e\x67"},
    {0x5CE6, "\x6c\x20\x75\xc3\xa1\x6e"},
    {0x5CE7, "\x6a\x20\x69\xc4\x81\x6f"},
    {0x5CE8, "\xc3\xa9"},
    {0x5CE9, "\xc3\xa9"},
    {0x5CEA, "\x79\x20\xc3\xb9"},
    {0x5CEB, "\x78\x20\x69\xc3\xa9"},
    {0x5CEC, "\x62\x20\xc5\xab"},
    {0x5CED, "\x71\x20\x69\xc3\xa0\x6f"},
    {0x5CEE, "\x71\x20\xc5\xab\x6e"},
    {0x5CEF, "\x66\x20\xc4\x93\x6e\x67"},
    {0x5CF0, "\x66\x20\xc4\x93\x6e\x67"},
    {0x5CF1, "\x6e\x20\xc3\xa1\x6f"},
    {0x5CF2, "\x6c\x20\xc7\x90"},
    {0x5CF3, "\x79\x20\xc3\xb3\x75"},
    {0x5CF4, "\x78\x20\x69\xc3\xa0\x6e"},
    {0x5CF5, "\x72\x20\xc3\xb3\x6e\x67"},
    {0x5CF6, "\x64\x20\xc7\x8e\x6f"},
    {0x5CF7, "\x73\x68\x20\xc4\x93\x6e"},
    {0x5CF8, "\x63\x68\x20\xc3\xa9\x6e\x67"},
    {0x5CF9, "\x74\x20\xc3\xba"},
    {0x5CFA, "\x67\x20\xc4\x9b\x6e\x67"},
    {0x5CFB, "\x6a\x20\xc3\xb9\x6e"},
    {0x5CFC, "\x67\x20\xc3\xa0\x6f"},
    {0x5CFD, "\x78\x20\x69\xc3\xa1"},
    {0x5CFE, "\x79\x20\xc3\xad\x6e"},
    {0x5CFF, "\x79\x20\xc7\x94"},
    {0x5D00, "\x6c\x20\xc3\xa0\x6e\x67"},
    {0x5D01, "\x6b\x20\xc3\xa0\x6e"},
    {0x5D02, "\x6c\x20\xc3\xa1\x6f"},
    {0x5D03, "\x6c\x20\xc3\xa1\x69"},
    {0x5D04, "\x78\x20\x69\xc7\x8e\x6e"},
    {0x5D05, "\x71\x20\x75\xc3\xa8"},
    {0x5D06, "\x6b\x20\xc5\x8d\x6e\x67"},
    {0x5D07, "\x63\x68\x20\xc3\xb3\x6e\x67"},
    {0x5D08, "\x63\x68\x20\xc3\xb3\x6e\x67"},
    {0x5D09, "\x74\x20\xc3\xa0"},
    {0x5D0A, "\x6c\x20\xc3\xad\x6e"},
    {0x5D0B, "\x68\x20\x75\xc3\xa0"},
    {0x5D0C, "\x6a\x20\xc5\xab"},
    {0x5D0D, "\x6c\x20\xc3\xa1\x69"},
    {0x5D0E, "\x71\x20\xc3\xad"},
    {0x5D0F, "\x6d\x20\xc3\xad\x6e"},
    {0x5D10, "\x6b\x20\xc5\xab\x6e"},
    {0x5D11, "\x6b\x20\xc5\xab\x6e"},
    {0x5D12, "\x7a\x20\xc3\xba"},
    {0x5D13, "\x67\x20\xc3\xb9"},
    {0x5D14, "\x63\x20\x75\xc4\xab"},
    {0x5D15, "\x79\x20\xc3\xa1"},
    {0x5D16, "\x79\x20\xc3\xa1"},
    {0x5D17, "\x67\x20\xc7\x8e\x6e\x67"},
    {0x5D18, "\x6c\x20\xc3\xba\x6e"},
    {0x5D19, "\x6c\x20\xc3\xba\x6e"},
    {0x5D1A, "\x6c\x20\xc3\xa9\x6e\x67"},
    {0x5D1B, "\x6a\x20\x75\xc3\xa9"},
    {0x5D1C, "\x64\x20\x75\xc5\x8d"},
    {0x5D1D, "\x7a\x68\x20\xc4\x93\x6e\x67"},
    {0x5D1E, "\x67\x20\x75\xc5\x8d"},
    {0x5D1F, "\x79\x20\xc3\xad\x6e"},
    {0x5D20, "\x64\x20\xc5\x8d\x6e\x67"},
    {0x5D21, "\x68\x20\xc3\xa1\x6e"},
    {0x5D22, "\x7a\x68\x20\xc4\x93\x6e\x67"},
    {0x5D23, "\x77\x20\xc4\x9b\x69"},
    {0x5D24, "\x78\x20\x69\xc3\xa1\x6f"},
    {0x5D25, "\x70\x20\xc3\xad"},
    {0x5D26, "\x79\x20\xc4\x81\x6e"},
    {0x5D27, "\x73\x20\xc5\x8d\x6e\x67"},
    {0x5D28, "\x6a\x20\x69\xc3\xa9"},
    {0x5D29, "\x62\x20\xc4\x93\x6e\x67"},
    {0x5D2A, "\x7a\x20\xc3\xba"},
    {0x5D2B, "\x6b\x20\xc5\xab"},
    {0x5D2C, "\x64\x20\xc5\x8d\x6e\x67"},
    {0x5D2D, "\x7a\x68\x20\xc7\x8e\x6e"},
    {0x5D2E, "\x67\x20\xc3\xb9"},
    {0x5D2F, "\x79\x20\xc3\xad\x6e"},
    {0x5D30, "\x7a\x20\xc4\xab"},
    {0x5D31, "\x7a\x20\xc3\xa8"},
    {0x5D32, "\x68\x20\x75\xc3\xa1\x6e\x67"},
    {0x5D33, "\x79\x20\xc3\xba"},
    {0x5D34, "\x77\x20\xc7\x8e\x69"},
    {0x5D35, "\x79\x20\xc3\xa1\x6e\x67"},
    {0x5D36, "\x66\x20\xc4\x93\x6e\x67"},
    {0x5D37, "\x71\x20\x69\xc3\xba"},
    {0x5D38, "\x79\x20\xc3\xa1\x6e\x67"},
    {0x5D39, "\x74\x20\xc3\xad"},
    {0x5D3A, "\x79\x20\xc7\x90"},
    {0x5D3B, "\x7a\x68\x20\xc3\xac"},
    {0x5D3C, "\x73\x68\x20\xc3\xac"},
    {0x5D3D, "\x7a\x20\xc7\x8e\x69"},
    {0x5D3E, "\x79\x20\xc7\x8e\x6f"},
    {0x5D3F, "\xc3\xa8"},
    {0x5D40, "\x7a\x68\x20\xc3\xb9"},
    {0x5D41, "\x6b\x20\xc4\x81\x6e"},
    {0x5D42, "\x6c\x20\xc7\x9c"},
    {0x5D43, "\x79\x20\xc7\x8e\x6e"},
    {0x5D44, "\x6d\x20\xc4\x9b\x69"},
    {0x5D45, "\x68\x20\xc3\xa1\x6e"},
    {0x5D46, "\x6a\x20\xc4\xab"},
    {0x5D47, "\x6a\x20\xc4\xab"},
    {0x5D48, "\x68\x20\x75\xc3\xa0\x6e"},
    {0x5D49, "\x74\x20\xc3\xad\x6e\x67"},
    {0x5D4A, "\x73\x68\x20\xc3\xa8\x6e\x67"},
    {0x5D4B, "\x6d\x20\xc3\xa9\x69"},
    {0x5D4C, "\x71\x20\x69\xc3\xa0\x6e"},
    {0x5D4D, "\x77\x20\xc3\xb9"},
    {0x5D4E, "\x79\x20\xc3\xba"},
    {0x5D4F, "\x7a\x20\xc5\x8d\x6e\x67"},
    {0x5D50, "\x6c\x20\xc3\xa1\x6e"},
    {0x5D51, "\x6b\x20\xc4\x9b"},
    {0x5D52, "\x79\x20\xc3\xa1\x6e"},
    {0x5D53, "\x79\x20\xc3\xa1\x6e"},
    {0x5D54, "\x77\x20\xc4\x9b\x69"},
    {0x5D55, "\x7a\x20\xc5\x8d\x6e\x67"},
    {0x5D56, "\x63\x68\x20\xc3\xa1"},
    {0x5D57, "\x73\x20\x75\xc3\xac"},
    {0x5D58, "\x72\x20\xc3\xb3\x6e\x67"},
    {0x5D59, "\x6b\x20\xc4\x93"},
    {0x5D5A, "\x71\x20\xc4\xab\x6e"},
    {0x5D5B, "\x79\x20\xc3\xba"},
    {0x5D5C, "\x71\x20\xc3\xad"},
    {0x5D5D, "\x6c\x20\xc7\x92\x75"},
    {0x5D5E, "\x74\x20\xc3\xba"},
    {0x5D5F, "\x64\x20\x75\xc4\xab"},
    {0x5D60, "\x78\x20\xc4\xab"},
    {0x5D61, "\x77\x20\xc4\x9b\x6e\x67"},
    {0x5D62, "\x63\x20\xc4\x81\x6e\x67"},
    {0x5D63, "\x64\x20\xc3\xa0\x6e\x67"},
    {0x5D64, "\x72\x20\xc3\xb3\x6e\x67"},
    {0x5D65, "\x6a\x20\x69\xc3\xa9"},
    {0x5D66, "\x6b\x20\xc7\x8e\x69"},
    {0x5D67, "\x6c\x20\x69\xc3\xba"},
    {0x5D68, "\x77\x20\xc3\xb9"},
    {0x5D69, "\x73\x20\xc5\x8d\x6e\x67"},
    {0x5D6A, "\x71\x20\x69\xc4\x81\x6f"},
    {0x5D6B, "\x7a\x20\xc4\xab"},
    {0x5D6C, "\x77\x20\xc3\xa9\x69"},
    {0x5D6D, "\x62\x20\xc4\x93\x6e\x67"},
    {0x5D6E, "\x64\x20\x69\xc4\x81\x6e"},
    {0x5D6F, "\x63\x20\x75\xc3\xb3"},
    {0x5D70, "\x71\x20\x69\xc7\x8e\x6e"},
    {0x5D71, "\x79\x20\xc7\x92\x6e\x67"},
    {0x5D72, "\x6e\x20\x69\xc3\xa8"},
    {0x5D73, "\x63\x20\x75\xc3\xb3"},
    {0x5D74, "\x6a\x20\xc7\x90"},
    {0x5D75, "\x73\x68\x20\xc3\xad"},
    {0x5D76, "\x72\x20\x75\xc3\xb2"},
    {0x5D77, "\x73\x20\xc7\x92\x6e\x67"},
    {0x5D78, "\x7a\x20\xc5\x8d\x6e\x67"},
    {0x5D79, "\x6a\x20\x69\xc3\xa0\x6e\x67"},
    {0x5D7A, "\x6c\x20\x69\xc3\xa1\x6f"},
    {0x5D7B, "\x6b\x20\xc4\x81\x6e\x67"},
    {0x5D7C, "\x63\x68\x20\xc7\x8e\x6e"},
    {0x5D7D, "\x64\x20\x69\xc3\xa9"},
    {0x5D7E, "\x63\x20\xc4\x93\x6e"},
    {0x5D7F, "\x64\x20\xc7\x90\x6e\x67"},
    {0x5D80, "\x74\x20\xc5\xab"},
    {0x5D81, "\x6c\x20\xc7\x92\x75"},
    {0x5D82, "\x7a\x68\x20\xc3\xa0\x6e\x67"},
    {0x5D83, "\x7a\x68\x20\xc7\x8e\x6e"},
    {0x5D84, "\x7a\x68\x20\xc7\x8e\x6e"},
    {0x5D85, "\xc3\xa1\x6f"},
    {0x5D86, "\x63\x20\xc3\xa1\x6f"},
    {0x5D87, "\x71\x20\xc5\xab"},
    {0x5D88, "\x71\x20\x69\xc4\x81\x6e\x67"},
    {0x5D89, "\x63\x20\x75\xc4\xab"},
    {0x5D8A, "\x7a\x20\x75\xc7\x90"},
    {0x5D8B, "\x64\x20\xc7\x8e\x6f"},
    {0x5D8C, "\x64\x20\xc7\x8e\x6f"},
    {0x5D8D, "\x78\x20\xc3\xad"},
    {0x5D8E, "\x79\x20\xc3\xb9"},
    {0x5D8F, "\x70\x20\xc3\xa8\x69"},
    {0x5D90, "\x6c\x20\xc3\xb3\x6e\x67"},
    {0x5D91, "\x78\x20\x69\xc3\xa0\x6e\x67"},
    {0x5D92, "\x63\x20\xc3\xa9\x6e\x67"},
    {0x5D93, "\x62\x20\xc5\x8d"},
    {0x5D94, "\x71\x20\xc4\xab\x6e"},
    {0x5D95, "\x6a\x20\x69\xc4\x81\x6f"},
    {0x5D96, "\x79\x20\xc4\x81\x6e"},
    {0x5D97, "\x6c\x20\xc3\xa1\x6f"},
    {0x5D98, "\x7a\x68\x20\xc3\xa0\x6e"},
    {0x5D99, "\x6c\x20\xc3\xad\x6e"},
    {0x5D9A, "\x6c\x20\x69\xc3\xa1\x6f"},
    {0x5D9B, "\x6c\x20\x69\xc3\xa1\x6f"},
    {0x5D9C, "\x6a\x20\xc4\xab\x6e"},
    {0x5D9D, "\x64\x20\xc3\xa8\x6e\x67"},
    {0x5D9E, "\x64\x20\x75\xc3\xb2"},
    {0x5D9F, "\x7a\x20\xc5\xab\x6e"},
    {0x5DA0, "\x6a\x20\x69\xc3\xa0\x6f"},
    {0x5DA1, "\x67\x20\x75\xc3\xac"},
    {0x5DA2, "\x79\x20\xc3\xa1\x6f"},
    {0x5DA3, "\x6a\x20\x69\xc4\x81\x6f"},
    {0x5DA4, "\x79\x20\xc3\xa1\x6f"},
    {0x5DA5, "\x6a\x20\x75\xc3\xa9"},
    {0x5DA6, "\x7a\x68\x20\xc4\x81\x6e"},
    {0x5DA7, "\x79\x20\xc3\xac"},
    {0x5DA8, "\x78\x20\x75\xc3\xa9"},
    {0x5DA9, "\x6e\x20\xc3\xa1\x6f"},
    {0x5DAA, "\x79\x20\xc3\xa8"},
    {0x5DAB, "\x79\x20\xc3\xa8"},
    {0x5DAC, "\x79\x20\xc3\xad"},
    {0x5DAD, "\x6e\x20\x69\xc3\xa8"},
    {0x5DAE, "\x78\x20\x69\xc7\x8e\x6e"},
    {0x5DAF, "\x6a\x20\xc3\xad"},
    {0x5DB0, "\x78\x20\x69\xc3\xa8"},
    {0x5DB1, "\x6b\x20\xc4\x9b"},
    {0x5DB2, "\x78\x20\xc4\xab"},
    {0x5DB3, "\x64\x20\xc3\xac"},
    {0x5DB4, "\xc3\xa0\x6f"},
    {0x5DB5, "\x7a\x20\x75\xc7\x90"},
    {0x5DB6, "\x77\x20\xc4\x93\x69"},
    {0x5DB7, "\x79\x20\xc3\xad"},
    {0x5DB8, "\x72\x20\xc3\xb3\x6e\x67"},
    {0x5DB9, "\x64\x20\xc7\x8e\x6f"},
    {0x5DBA, "\x6c\x20\xc7\x90\x6e\x67"},
    {0x5DBB, "\x6a\x20\x69\xc3\xa9"},
    {0x5DBC, "\x79\x20\xc7\x94"},
    {0x5DBD, "\x79\x20\x75\xc3\xa8"},
    {0x5DBE, "\x79\x20\xc7\x90\x6e"},
    {0x5DBF, "\x72\x20\x75"},
    {0x5DC0, "\x6a\x20\x69\xc3\xa9"},
    {0x5DC1, "\x6c\x20\xc3\xac"},
    {0x5DC2, "\x67\x20\x75\xc4\xab"},
    {0x5DC3, "\x6c\x20\xc3\xb3\x6e\x67"},
    {0x5DC4, "\x6c\x20\xc3\xb3\x6e\x67"},
    {0x5DC5, "\x64\x20\x69\xc4\x81\x6e"},
    {0x5DC6, "\x72\x20\xc3\xb3\x6e\x67"},
    {0x5DC7, "\x78\x20\xc4\xab"},
    {0x5DC8, "\x6a\x20\xc3\xba"},
    {0x5DC9, "\x63\x68\x20\xc3\xa1\x6e"},
    {0x5DCA, "\x79\x20\xc7\x90\x6e\x67"},
    {0x5DCB, "\x6b\x20\x75\xc4\xab"},
    {0x5DCC, "\x79\x20\xc3\xa1\x6e"},
    {0x5DCD, "\x77\x20\xc4\x93\x69"},
    {0x5DCE, "\x6e\x20\xc3\xa1\x6f"},
    {0x5DCF, "\x71\x20\x75\xc3\xa1\x6e"},
    {0x5DD0, "\x63\x68\x20\xc7\x8e\x6f"},
    {0x5DD1, "\x63\x20\x75\xc3\xa1\x6e"},
    {0x5DD2, "\x6c\x20\x75\xc3\xa1\x6e"},
    {0x5DD3, "\x64\x20\x69\xc4\x81\x6e"},
    {0x5DD4, "\x64\x20\x69\xc4\x81\x6e"},
    {0x5DD5, "\x6e\x20\x69\xc3\xa8"},
    {0x5DD6, "\x79\x20\xc3\xa1\x6e"},
    {0x5DD7, "\x79\x20\xc3\xa1\x6e"},
    {0x5DD8, "\x79\x20\xc7\x8e\x6e"},
    {0x5DD9, "\x6b\x20\x75\xc3\xad"},
    {0x5DDA, "\x79\x20\xc7\x8e\x6e"},
    {0x5DDB, "\x63\x68\x20\x75\xc4\x81\x6e"},
    {0x5DDC, "\x6b\x20\x75\xc3\xa0\x69"},
    {0x5DDD, "\x63\x68\x20\x75\xc4\x81\x6e"},
    {0x5DDE, "\x7a\x68\x20\xc5\x8d\x75"},
    {0x5DDF, "\x68\x20\x75\xc4\x81\x6e\x67"},
    {0x5DE0, "\x6a\x20\xc4\xab\x6e\x67"},
    {0x5DE1, "\x78\x20\xc3\xba\x6e"},
    {0x5DE2, "\x63\x68\x20\xc3\xa1\x6f"},
    {0x5DE3, "\x63\x68\x20\xc3\xa1\x6f"},
    {0x5DE4, "\x6c\x20\x69\xc3\xa8"},
    {0x5DE5, "\x67\x20\xc5\x8d\x6e\x67"},
    {0x5DE6, "\x7a\x20\x75\xc7\x92"},
    {0x5DE7, "\x71\x20\x69\xc7\x8e\x6f"},
    {0x5DE8, "\x6a\x20\xc3\xb9"},
    {0x5DE9, "\x67\x20\xc7\x92\x6e\x67"},
    {0x5DEA, "\x6a\x20\xc3\xb9"},
    {0x5DEB, "\x77\x20\xc5\xab"},
    {0x5DEC, "\x70\x20\x75"},
    {0x5DED, "\x70\x20\x75"},
    {0x5DEE, "\x63\x68\x20\xc3\xa0"},
    {0x5DEF, "\x71\x20\x69\xc3\xba"},
    {0x5DF0, "\x71\x20\x69\xc3\xba"},
    {0x5DF1, "\x6a\x20\xc7\x90"},
    {0x5DF2, "\x79\x20\xc7\x90"},
    {0x5DF3, "\x73\x20\xc3\xac"},
    {0x5DF4, "\x62\x20\xc4\x81"},
    {0x5DF5, "\x7a\x68\x20\xc4\xab"},
    {0x5DF6, "\x7a\x68\x20\xc4\x81\x6f"},
    {0x5DF7, "\x78\x20\x69\xc3\xa0\x6e\x67"},
    {0x5DF8, "\x79\x20\xc3\xad"},
    {0x5DF9, "\x6a\x20\xc7\x90\x6e"},
    {0x5DFA, "\x78\x20\xc3\xb9\x6e"},
    {0x5DFB, "\x6a\x20\x75\xc3\xa0\x6e"},
    {0x5DFC, "\x62\x20\xc4\x81"},
    {0x5DFD, "\x78\x20\xc3\xb9\x6e"},
    {0x5DFE, "\x6a\x20\xc4\xab\x6e"},
    {0x5DFF, "\x66\x20\xc3\xba"},
    {0x5E00, "\x7a\x20\xc4\x81"},
    {0x5E01, "\x62\x20\xc3\xac"},
    {0x5E02, "\x73\x68\x20\xc3\xac"},
    {0x5E03, "\x62\x20\xc3\xb9"},
    {0x5E04, "\x64\x20\xc4\xab\x6e\x67"},
    {0x5E05, "\x73\x68\x20\x75\xc3\xa0\x69"},
    {0x5E06, "\x66\x20\xc4\x81\x6e"},
    {0x5E07, "\x6e\x20\x69\xc3\xa8"},
    {0x5E08, "\x73\x68\x20\xc4\xab"},
    {0x5E09, "\x66\x20\xc4\x93\x6e"},
    {0x5E0A, "\x70\x20\xc3\xa0"},
    {0x5E0B, "\x7a\x68\x20\xc7\x90"},
    {0x5E0C, "\x78\x20\xc4\xab"},
    {0x5E0D, "\x68\x20\xc3\xb9"},
    {0x5E0E, "\x64\x20\xc3\xa0\x6e"},
    {0x5E0F, "\x77\x20\xc3\xa9\x69"},
    {0x5E10, "\x7a\x68\x20\xc3\xa0\x6e\x67"},
    {0x5E11, "\x74\x20\xc7\x8e\x6e\x67"},
    {0x5E12, "\x64\x20\xc3\xa0\x69"},
    {0x5E13, "\x6d\x20\xc3\xb2"},
    {0x5E14, "\x70\x20\xc3\xa8\x69"},
    {0x5E15, "\x70\x20\xc3\xa0"},
    {0x5E16, "\x74\x20\x69\xc4\x93"},
    {0x5E17, "\x62\x20\xc5\x8d"},
    {0x5E18, "\x6c\x20\x69\xc3\xa1\x6e"},
    {0x5E19, "\x7a\x68\x20\xc3\xac"},
    {0x5E1A, "\x7a\x68\x20\xc7\x92\x75"},
    {0x5E1B, "\x62\x20\xc3\xb3"},
    {0x5E1C, "\x7a\x68\x20\xc3\xac"},
    {0x5E1D, "\x64\x20\xc3\xac"},
    {0x5E1E, "\x6d\x20\xc3\xb2"},
    {0x5E1F, "\x79\x20\xc3\xac"},
    {0x5E20, "\x79\x20\xc3\xac"},
    {0x5E21, "\x70\x20\xc3\xad\x6e\x67"},
    {0x5E22, "\x71\x20\x69\xc3\xa0"},
    {0x5E23, "\x6a\x20\x75\xc7\x8e\x6e"},
    {0x5E24, "\x72\x20\xc3\xba"},
    {0x5E25, "\x73\x68\x20\x75\xc3\xa0\x69"},
    {0x5E26, "\x64\x20\xc3\xa0\x69"},
    {0x5E27, "\x7a\x68\x20\xc4\x93\x6e"},
    {0x5E28, "\x73\x68\x20\x75\xc3\xac"},
    {0x5E29, "\x71\x20\x69\xc3\xa0\x6f"},
    {0x5E2A, "\x7a\x68\x20\xc4\x93\x6e"},
    {0x5E2B, "\x73\x68\x20\xc4\xab"},
    {0x5E2C, "\x71\x20\xc3\xba\x6e"},
    {0x5E2D, "\x78\x20\xc3\xad"},
    {0x5E2E, "\x62\x20\xc4\x81\x6e\x67"},
    {0x5E2F, "\x64\x20\xc3\xa0\x69"},
    {0x5E30, "\x67\x20\x75\xc4\xab"},
    {0x5E31, "\x63\x68\x20\xc3\xb3\x75"},
    {0x5E32, "\x70\x20\xc3\xad\x6e\x67"},
    {0x5E33, "\x7a\x68\x20\xc3\xa0\x6e\x67"},
    {0x5E34, "\x73\x20\xc3\xa0\x6e"},
    {0x5E35, "\x77\x20\xc4\x81\x6e"},
    {0x5E36, "\x64\x20\xc3\xa0\x69"},
    {0x5E37, "\x77\x20\xc3\xa9\x69"},
    {0x5E38, "\x63\x68\x20\xc3\xa1\x6e\x67"},
    {0x5E39, "\x73\x68\x20\xc3\xa0"},
    {0x5E3A, "\x71\x20\xc3\xad"},
    {0x5E3B, "\x7a\x20\xc3\xa9"},
    {0x5E3C, "\x67\x20\x75\xc3\xb3"},
    {0x5E3D, "\x6d\x20\xc3\xa0\x6f"},
    {0x5E3E, "\x64\x20\xc7\x94"},
    {0x5E3F, "\x68\x20\xc3\xb3\x75"},
    {0x5E40, "\x7a\x68\x20\xc3\xa8\x6e\x67"},
    {0x5E41, "\x78\x20\xc5\xab"},
    {0x5E42, "\x6d\x20\xc3\xac"},
    {0x5E43, "\x77\x20\xc3\xa9\x69"},
    {0x5E44, "\x77\x20\xc3\xb2"},
    {0x5E45, "\x66\x20\xc3\xba"},
    {0x5E46, "\x79\x20\xc3\xac"},
    {0x5E47, "\x62\x20\xc4\x81\x6e\x67"},
    {0x5E48, "\x70\x20\xc3\xad\x6e\x67"},
    {0x5E49, "\x64\x20\x69\xc3\xa9"},
    {0x5E4A, "\x67\x20\xc5\x8d\x6e\x67"},
    {0x5E4B, "\x70\x20\xc3\xa1\x6e"},
    {0x5E4C, "\x68\x20\x75\xc7\x8e\x6e\x67"},
    {0x5E4D, "\x74\x20\xc4\x81\x6f"},
    {0x5E4E, "\x6d\x20\xc3\xac"},
    {0x5E4F, "\x6a\x20\x69\xc3\xa0"},
    {0x5E50, "\x74\x20\xc3\xa9\x6e\x67"},
    {0x5E51, "\x68\x20\x75\xc4\xab"},
    {0x5E52, "\x7a\x68\x20\xc5\x8d\x6e\x67"},
    {0x5E53, "\x73\x68\x20\xc4\x81\x6e"},
    {0x5E54, "\x6d\x20\xc3\xa0\x6e"},
    {0x5E55, "\x6d\x20\xc3\xb9"},
    {0x5E56, "\x62\x20\x69\xc4\x81\x6f"},
    {0x5E57, "\x67\x20\x75\xc3\xb3"},
    {0x5E58, "\x7a\x20\xc3\xa9"},
    {0x5E59, "\x6d\x20\xc3\xb9"},
    {0x5E5A, "\x62\x20\xc4\x81\x6e\x67"},
    {0x5E5B, "\x7a\x68\x20\xc3\xa0\x6e\x67"},
    {0x5E5C, "\x6a\x20\xc7\x90\x6e\x67"},
    {0x5E5D, "\x63\x68\x20\xc7\x8e\x6e"},
    {0x5E5E, "\x66\x20\xc3\xba"},
    {0x5E5F, "\x7a\x68\x20\xc3\xac"},
    {0x5E60, "\x68\x20\xc5\xab"},
    {0x5E61, "\x66\x20\xc4\x81\x6e"},
    {0x5E62, "\x63\x68\x20\x75\xc3\xa1\x6e\x67"},
    {0x5E63, "\x62\x20\xc3\xac"},
    {0x5E64, "\x62\x20\xc3\xac"},
    {0x5E65, "\x7a\x68\x20\xc7\x8e\x6e\x67"},
    {0x5E66, "\x6d\x20\xc3\xac"},
    {0x5E67, "\x71\x20\x69\xc4\x81\x6f"},
    {0x5E68, "\x63\x68\x20\xc4\x81\x6e"},
    {0x5E69, "\x66\x20\xc3\xa9\x6e"},
    {0x5E6A, "\x6d\x20\xc3\xa9\x6e\x67"},
    {0x5E6B, "\x62\x20\xc4\x81\x6e\x67"},
    {0x5E6C, "\x63\x68\x20\xc3\xb3\x75"},
    {0x5E6D, "\x6d\x20\x69\xc3\xa8"},
    {0x5E6E, "\x63\x68\x20\xc3\xba"},
    {0x5E6F, "\x6a\x20\x69\xc3\xa9"},
    {0x5E70, "\x78\x20\x69\xc7\x8e\x6e"},
    {0x5E71, "\x6c\x20\xc3\xa1\x6e"},
    {0x5E72, "\x67\x20\xc3\xa0\x6e"},
    {0x5E73, "\x70\x20\xc3\xad\x6e\x67"},
    {0x5E74, "\x6e\x20\x69\xc3\xa1\x6e"},
    {0x5E75, "\x6a\x20\x69\xc4\x81\x6e"},
    {0x5E76, "\x62\x20\xc3\xac\x6e\x67"},
    {0x5E77, "\x62\x20\xc3\xac\x6e\x67"},
    {0x5E78, "\x78\x20\xc3\xac\x6e\x67"},
    {0x5E79, "\x67\x20\xc3\xa0\x6e"},
    {0x5E7A, "\x79\x20\xc4\x81\x6f"},
    {0x5E7B, "\x68\x20\x75\xc3\xa0\x6e"},
    {0x5E7C, "\x79\x20\xc3\xb2\x75"},
    {0x5E7D, "\x79\x20\xc5\x8d\x75"},
    {0x5E7E, "\x6a\x20\xc7\x90"},
    {0x5E7F, "\x67\x20\x75\xc7\x8e\x6e\x67"},
    {0x5E80, "\x70\x20\xc7\x90"},
    {0x5E81, "\x74\x20\xc4\xab\x6e\x67"},
    {0x5E82, "\x7a\x20\xc3\xa8"},
    {0x5E83, "\x67\x20\x75\xc7\x8e\x6e\x67"},
    {0x5E84, "\x7a\x68\x20\x75\xc4\x81\x6e\x67"},
    {0x5E85, "\x6d\x20\xc3\xb3"},
    {0x5E86, "\x71\x20\xc3\xac\x6e\x67"},
    {0x5E87, "\x62\x20\xc3\xac"},
    {0x5E88, "\x71\x20\xc3\xad\x6e"},
    {0x5E89, "\x64\x20\xc3\xb9\x6e"},
    {0x5E8A, "\x63\x68\x20\x75\xc3\xa1\x6e\x67"},
    {0x5E8B, "\x67\x20\x75\xc7\x90"},
    {0x5E8C, "\x79\x20\xc7\x8e"},
    {0x5E8D, "\x62\x20\xc3\xa0\x69"},
    {0x5E8E, "\x6a\x20\x69\xc3\xa8"},
    {0x5E8F, "\x78\x20\xc3\xb9"},
    {0x5E90, "\x6c\x20\xc3\xba"},
    {0x5E91, "\x77\x20\xc7\x94"},
    {0x5E92, "\x7a\x68\x20\x75\xc4\x81\x6e\x67"},
    {0x5E93, "\x6b\x20\xc3\xb9"},
    {0x5E94, "\x79\x20\xc4\xab\x6e\x67"},
    {0x5E95, "\x64\x20\xc7\x90"},
    {0x5E96, "\x70\x20\xc3\xa1\x6f"},
    {0x5E97, "\x64\x20\x69\xc3\xa0\x6e"},
    {0x5E98, "\x79\x20\xc4\x81"},
    {0x5E99, "\x6d\x20\x69\xc3\xa0\x6f"},
    {0x5E9A, "\x67\x20\xc4\x93\x6e\x67"},
    {0x5E9B, "\x63\x20\xc3\xac"},
    {0x5E9C, "\x66\x20\xc7\x94"},
    {0x5E9D, "\x74\x20\xc3\xb3\x6e\x67"},
    {0x5E9E, "\x70\x20\xc3\xa1\x6e\x67"},
    {0x5E9F, "\x66\x20\xc3\xa8\x69"},
    {0x5EA0, "\x78\x20\x69\xc3\xa1\x6e\x67"},
    {0x5EA1, "\x79\x20\xc7\x90"},
    {0x5EA2, "\x7a\x68\x20\xc3\xac"},
    {0x5EA3, "\x74\x20\x69\xc4\x81\x6f"},
    {0x5EA4, "\x7a\x68\x20\xc3\xac"},
    {0x5EA5, "\x78\x20\x69\xc5\xab"},
    {0x5EA6, "\x64\x20\xc3\xb9"},
    {0x5EA7, "\x7a\x20\x75\xc3\xb2"},
    {0x5EA8, "\x78\x20\x69\xc4\x81\x6f"},
    {0x5EA9, "\x74\x20\xc3\xba"},
    {0x5EAA, "\x67\x20\x75\xc7\x90"},
    {0x5EAB, "\x6b\x20\xc3\xb9"},
    {0x5EAC, "\x6d\x20\xc3\xa1\x6e\x67"},
    {0x5EAD, "\x74\x20\xc3\xad\x6e\x67"},
    {0x5EAE, "\x79\x20\xc7\x92\x75"},
    {0x5EAF, "\x62\x20\xc5\xab"},
    {0x5EB0, "\x62\x20\xc3\xac\x6e\x67"},
    {0x5EB1, "\x63\x68\x20\xc4\x9b\x6e\x67"},
    {0x5EB2, "\x6c\x20\xc3\xa1\x69"},
    {0x5EB3, "\x62\x20\xc3\xac"},
    {0x5EB4, "\x6a\x20\xc3\xad"},
    {0x5EB5, "\xc4\x81\x6e"},
    {0x5EB6, "\x73\x68\x20\xc3\xb9"},
    {0x5EB7, "\x6b\x20\xc4\x81\x6e\x67"},
    {0x5EB8, "\x79\x20\xc5\x8d\x6e\x67"},
    {0x5EB9, "\x74\x20\x75\xc7\x92"},
    {0x5EBA, "\x73\x20\xc5\x8d\x6e\x67"},
    {0x5EBB, "\x73\x68\x20\xc3\xb9"},
    {0x5EBC, "\x71\x20\xc7\x90\x6e\x67"},
    {0x5EBD, "\x79\x20\xc3\xb9"},
    {0x5EBE, "\x79\x20\xc7\x94"},
    {0x5EBF, "\x6d\x20\x69\xc3\xa0\x6f"},
    {0x5EC0, "\x73\x20\xc5\x8d\x75"},
    {0x5EC1, "\x63\x20\xc3\xa8"},
    {0x5EC2, "\x78\x20\x69\xc4\x81\x6e\x67"},
    {0x5EC3, "\x66\x20\xc3\xa8\x69"},
    {0x5EC4, "\x6a\x20\x69\xc3\xb9"},
    {0x5EC5, "\xc3\xa8"},
    {0x5EC6, "\x67\x20\x75\xc4\xab"},
    {0x5EC7, "\x6c\x20\x69\xc3\xb9"},
    {0x5EC8, "\x73\x68\x20\xc3\xa0"},
    {0x5EC9, "\x6c\x20\x69\xc3\xa1\x6e"},
    {0x5ECA, "\x6c\x20\xc3\xa1\x6e\x67"},
    {0x5ECB, "\x73\x20\xc5\x8d\x75"},
    {0x5ECC, "\x7a\x68\x20\xc3\xac"},
    {0x5ECD, "\x62\x20\xc3\xb9"},
    {0x5ECE, "\x71\x20\xc7\x90\x6e\x67"},
    {0x5ECF, "\x6a\x20\x69\xc3\xb9"},
    {0x5ED0, "\x6a\x20\x69\xc3\xb9"},
    {0x5ED1, "\x6a\x20\xc7\x90\x6e"},
    {0x5ED2, "\xc3\xa1\x6f"},
    {0x5ED3, "\x6b\x20\x75\xc3\xb2"},
    {0x5ED4, "\x6c\x20\xc3\xb3\x75"},
    {0x5ED5, "\x79\x20\xc3\xac\x6e"},
    {0x5ED6, "\x6c\x20\x69\xc3\xa0\x6f"},
    {0x5ED7, "\x64\x20\xc3\xa0\x69"},
    {0x5ED8, "\x6c\x20\xc3\xb9"},
    {0x5ED9, "\x79\x20\xc3\xac"},
    {0x5EDA, "\x63\x68\x20\xc3\xba"},
    {0x5EDB, "\x63\x68\x20\xc3\xa1\x6e"},
    {0x5EDC, "\x74\x20\xc3\xba"},
    {0x5EDD, "\x73\x20\xc4\xab"},
    {0x5EDE, "\x78\x20\xc4\xab\x6e"},
    {0x5EDF, "\x6d\x20\x69\xc3\xa0\x6f"},
    {0x5EE0, "\x63\x68\x20\xc7\x8e\x6e\x67"},
    {0x5EE1, "\x77\x20\xc7\x94"},
    {0x5EE2, "\x66\x20\xc3\xa8\x69"},
    {0x5EE3, "\x67\x20\x75\xc7\x8e\x6e\x67"},
    {0x5EE4, "\x6b\x20\xc3\xb9"},
    {0x5EE5, "\x6b\x20\x75\xc3\xa0\x69"},
    {0x5EE6, "\x62\x20\xc3\xac"},
    {0x5EE7, "\x71\x20\x69\xc3\xa1\x6e\x67"},
    {0x5EE8, "\x78\x20\x69\xc3\xa8"},
    {0x5EE9, "\x6c\x20\xc7\x90\x6e"},
    {0x5EEA, "\x6c\x20\xc7\x90\x6e"},
    {0x5EEB, "\x6c\x20\x69\xc3\xa1\x6f"},
    {0x5EEC, "\x6c\x20\xc3\xba"},
    {0x5EED, "\x6a\x20\xc3\xac"},
    {0x5EEE, "\x79\x20\xc7\x90\x6e\x67"},
    {0x5EEF, "\x78\x20\x69\xc4\x81\x6e"},
    {0x5EF0, "\x74\x20\xc4\xab\x6e\x67"},
    {0x5EF1, "\x79\x20\xc5\x8d\x6e\x67"},
    {0x5EF2, "\x6c\x20\xc3\xad"},
    {0x5EF3, "\x74\x20\xc4\xab\x6e\x67"},
    {0x5EF4, "\x79\x20\xc7\x90\x6e"},
    {0x5EF5, "\x78\x20\xc3\xba\x6e"},
    {0x5EF6, "\x79\x20\xc3\xa1\x6e"},
    {0x5EF7, "\x74\x20\xc3\xad\x6e\x67"},
    {0x5EF8, "\x64\x20\xc3\xad"},
    {0x5EF9, "\x70\x20\xc7\x8e\x69"},
    {0x5EFA, "\x6a\x20\x69\xc3\xa0\x6e"},
    {0x5EFB, "\x68\x20\x75\xc3\xad"},
    {0x5EFC, "\x6e\x20\xc7\x8e\x69"},
    {0x5EFD, "\x68\x20\x75\xc3\xad"},
    {0x5EFE, "\x67\x20\xc7\x92\x6e\x67"},
    {0x5EFF, "\x6e\x20\x69\xc3\xa0\x6e"},
    {0x5F00, "\x6b\x20\xc4\x81\x69"},
    {0x5F01, "\x62\x20\x69\xc3\xa0\x6e"},
    {0x5F02, "\x79\x20\xc3\xac"},
    {0x5F03, "\x71\x20\xc3\xac"},
    {0x5F04, "\x6e\x20\xc3\xb2\x6e\x67"},
    {0x5F05, "\x66\x20\xc3\xa8\x6e"},
    {0x5F06, "\x6a\x20\xc7\x94"},
    {0x5F07, "\x79\x20\xc7\x8e\x6e"},
    {0x5F08, "\x79\x20\xc3\xac"},
    {0x5F09, "\x7a\x20\xc3\xa0\x6e\x67"},
    {0x5F0A, "\x62\x20\xc3\xac"},
    {0x5F0B, "\x79\x20\xc3\xac"},
    {0x5F0C, "\x79\x20\xc4\xab"},
    {0x5F0D, "\xc3\xa8\x72"},
    {0x5F0E, "\x73\x20\xc4\x81\x6e"},
    {0x5F0F, "\x73\x68\x20\xc3\xac"},
    {0x5F10, "\xc3\xa8\x72"},
    {0x5F11, "\x73\x68\x20\xc3\xac"},
    {0x5F12, "\x73\x68\x20\xc3\xac"},
    {0x5F13, "\x67\x20\xc5\x8d\x6e\x67"},
    {0x5F14, "\x64\x20\x69\xc3\xa0\x6f"},
    {0x5F15, "\x79\x20\xc7\x90\x6e"},
    {0x5F16, "\x68\x20\xc3\xb9"},
    {0x5F17, "\x66\x20\xc3\xba"},
    {0x5F18, "\x68\x20\xc3\xb3\x6e\x67"},
    {0x5F19, "\x77\x20\xc5\xab"},
    {0x5F1A, "\x74\x20\x75\xc3\xad"},
    {0x5F1B, "\x63\x68\x20\xc3\xad"},
    {0x5F1C, "\x6a\x20\x69\xc3\xa0\x6e\x67"},
    {0x5F1D, "\x62\x20\xc3\xa0"},
    {0x5F1E, "\x73\x68\x20\xc4\x9b\x6e"},
    {0x5F1F, "\x64\x20\xc3\xac"},
    {0x5F20, "\x7a\x68\x20\xc4\x81\x6e\x67"},
    {0x5F21, "\x6a\x20\x75\xc3\xa9"},
    {0x5F22, "\x74\x20\xc4\x81\x6f"},
    {0x5F23, "\x66\x20\xc7\x94"},
    {0x5F24, "\x64\x20\xc7\x90"},
    {0x5F25, "\x6d\x20\xc3\xad"},
    {0x5F26, "\x78\x20\x69\xc3\xa1\x6e"},
    {0x5F27, "\x68\x20\xc3\xba"},
    {0x5F28, "\x63\x68\x20\xc4\x81\x6f"},
    {0x5F29, "\x6e\x20\xc7\x94"},
    {0x5F2A, "\x6a\x20\xc3\xac\x6e\x67"},
    {0x5F2B, "\x7a\x68\x20\xc4\x9b\x6e"},
    {0x5F2C, "\x79\x20\xc3\xad"},
    {0x5F2D, "\x6d\x20\xc7\x90"},
    {0x5F2E, "\x71\x20\x75\xc4\x81\x6e"},
    {0x5F2F, "\x77\x20\xc4\x81\x6e"},
    {0x5F30, "\x73\x68\x20\xc4\x81\x6f"},
    {0x5F31, "\x72\x20\x75\xc3\xb2"},
    {0x5F32, "\x78\x20\x75\xc4\x81\x6e"},
    {0x5F33, "\x6a\x20\xc3\xac\x6e\x67"},
    {0x5F34, "\x64\x20\x69\xc4\x81\x6f"},
    {0x5F35, "\x7a\x68\x20\xc4\x81\x6e\x67"},
    {0x5F36, "\x6a\x20\x69\xc3\xa0\x6e\x67"},
    {0x5F37, "\x71\x20\x69\xc3\xa1\x6e\x67"},
    {0x5F38, "\x70\x20\xc3\xa9\x6e\x67"},
    {0x5F39, "\x64\x20\xc3\xa0\x6e"},
    {0x5F3A, "\x71\x20\x69\xc3\xa1\x6e\x67"},
    {0x5F3B, "\x62\x20\xc3\xac"},
    {0x5F3C, "\x62\x20\xc3\xac"},
    {0x5F3D, "\x73\x68\x20\xc3\xa8"},
    {0x5F3E, "\x64\x20\xc3\xa0\x6e"},
    {0x5F3F, "\x6a\x20\x69\xc7\x8e\x6e"},
    {0x5F40, "\x67\x20\xc3\xb2\x75"},
    {0x5F41, "\x67\x20\xc4\x93"},
    {0x5F42, "\x66\x20\xc4\x81"},
    {0x5F43, "\x62\x20\xc3\xac"},
    {0x5F44, "\x6b\x20\xc5\x8d\x75"},
    {0x5F45, "\x6a\x20\x69\xc7\x8e\x6e"},
    {0x5F46, "\x62\x20\x69\xc3\xa8"},
    {0x5F47, "\x78\x20\x69\xc4\x81\x6f"},
    {0x5F48, "\x64\x20\xc3\xa0\x6e"},
    {0x5F49, "\x67\x20\x75\xc5\x8d"},
    {0x5F4A, "\x6a\x20\x69\xc3\xa0\x6e\x67"},
    {0x5F4B, "\x68\x20\xc3\xb3\x6e\x67"},
    {0x5F4C, "\x6d\x20\xc3\xad"},
    {0x5F4D, "\x67\x20\x75\xc5\x8d"},
    {0x5F4E, "\x77\x20\xc4\x81\x6e"},
    {0x5F4F, "\x6a\x20\x75\xc3\xa9"},
    {0x5F50, "\x6a\x20\xc3\xac"},
    {0x5F51, "\x6a\x20\xc3\xac"},
    {0x5F52, "\x67\x20\x75\xc4\xab"},
    {0x5F53, "\x64\x20\xc4\x81\x6e\x67"},
    {0x5F54, "\x6c\x20\xc3\xb9"},
    {0x5F55, "\x6c\x20\xc3\xb9"},
    {0x5F56, "\x74\x20\x75\xc3\xa0\x6e"},
    {0x5F57, "\x68\x20\x75\xc3\xac"},
    {0x5F58, "\x7a\x68\x20\xc3\xac"},
    {0x5F59, "\x68\x20\x75\xc3\xac"},
    {0x5F5A, "\x68\x20\x75\xc3\xac"},
    {0x5F5B, "\x79\x20\xc3\xad"},
    {0x5F5C, "\x79\x20\xc3\xad"},
    {0x5F5D, "\x79\x20\xc3\xad"},
    {0x5F5E, "\x79\x20\xc3\xad"},
    {0x5F5F, "\x79\x20\x75\xc4\x93"},
    {0x5F60, "\x79\x20\x75\xc4\x93"},
    {0x5F61, "\x73\x68\x20\xc4\x81\x6e"},
    {0x5F62, "\x78\x20\xc3\xad\x6e\x67"},
    {0x5F63, "\x77\x20\xc3\xa9\x6e"},
    {0x5F64, "\x74\x20\xc3\xb3\x6e\x67"},
    {0x5F65, "\x79\x20\xc3\xa0\x6e"},
    {0x5F66, "\x79\x20\xc3\xa0\x6e"},
    {0x5F67, "\x79\x20\xc3\xb9"},
    {0x5F68, "\x63\x68\x20\xc4\xab"},
    {0x5F69, "\x63\x20\xc7\x8e\x69"},
    {0x5F6A, "\x62\x20\x69\xc4\x81\x6f"},
    {0x5F6B, "\x64\x20\x69\xc4\x81\x6f"},
    {0x5F6C, "\x62\x20\xc4\xab\x6e"},
    {0x5F6D, "\x70\x20\xc3\xa9\x6e\x67"},
    {0x5F6E, "\x79\x20\xc7\x92\x6e\x67"},
    {0x5F6F, "\x70\x20\x69\xc4\x81\x6f"},
    {0x5F70, "\x7a\x68\x20\xc4\x81\x6e\x67"},
    {0x5F71, "\x79\x20\xc7\x90\x6e\x67"},
    {0x5F72, "\x63\x68\x20\xc4\xab"},
    {0x5F73, "\x63\x68\x20\xc3\xac"},
    {0x5F74, "\x7a\x68\x20\x75\xc3\xb3"},
    {0x5F75, "\x74\x20\x75\xc7\x92"},
    {0x5F76, "\x6a\x20\xc3\xad"},
    {0x5F77, "\x70\x20\xc3\xa1\x6e\x67"},
    {0x5F78, "\x7a\x68\x20\xc5\x8d\x6e\x67"},
    {0x5F79, "\x79\x20\xc3\xac"},
    {0x5F7A, "\x77\x20\xc3\xa1\x6e\x67"},
    {0x5F7B, "\x63\x68\x20\xc3\xa8"},
    {0x5F7C, "\x62\x20\xc7\x90"},
    {0x5F7D, "\x64\x20\xc4\xab"},
    {0x5F7E, "\x6c\x20\xc3\xad\x6e\x67"},
    {0x5F7F, "\x66\x20\xc3\xba"},
    {0x5F80, "\x77\x20\xc7\x8e\x6e\x67"},
    {0x5F81, "\x7a\x68\x20\xc4\x93\x6e\x67"},
    {0x5F82, "\x63\x20\xc3\xba"},
    {0x5F83, "\x77\x20\xc7\x8e\x6e\x67"},
    {0x5F84, "\x6a\x20\xc3\xac\x6e\x67"},
    {0x5F85, "\x64\x20\xc3\xa0\x69"},
    {0x5F86, "\x78\x20\xc4\xab"},
    {0x5F87, "\x78\x20\xc3\xb9\x6e"},
    {0x5F88, "\x68\x20\xc4\x9b\x6e"},
    {0x5F89, "\x79\x20\xc3\xa1\x6e\x67"},
    {0x5F8A, "\x68\x20\x75\xc3\xa1\x69"},
    {0x5F8B, "\x6c\x20\xc7\x9c"},
    {0x5F8C, "\x68\x20\xc3\xb2\x75"},
    {0x5F8D, "\x77\x20\xc7\x8e\x6e\x67"},
    {0x5F8E, "\x63\x68\x20\xc4\x9b\x6e\x67"},
    {0x5F8F, "\x7a\x68\x20\xc3\xac"},
    {0x5F90, "\x78\x20\xc3\xba"},
    {0x5F91, "\x6a\x20\xc3\xac\x6e\x67"},
    {0x5F92, "\x74\x20\xc3\xba"},
    {0x5F93, "\x63\x20\xc3\xb3\x6e\x67"},
    {0x5F94, "\x7a\x68\x20\x69"},
    {0x5F95, "\x6c\x20\xc3\xa1\x69"},
    {0x5F96, "\x63\x20\xc3\xb3\x6e\x67"},
    {0x5F97, "\x64\x20\xc3\xa9"},
    {0x5F98, "\x70\x20\xc3\xa1\x69"},
    {0x5F99, "\x78\x20\xc7\x90"},
    {0x5F9A, "\x64\x20\xc5\x8d\x6e\x67"},
    {0x5F9B, "\x6a\x20\xc3\xac"},
    {0x5F9C, "\x63\x68\x20\xc3\xa1\x6e\x67"},
    {0x5F9D, "\x7a\x68\x20\xc3\xac"},
    {0x5F9E, "\x63\x20\xc3\xb3\x6e\x67"},
    {0x5F9F, "\x7a\x68\x20\xc5\x8d\x75"},
    {0x5FA0, "\x6c\x20\xc3\xa1\x69"},
    {0x5FA1, "\x79\x20\xc3\xb9"},
    {0x5FA2, "\x78\x20\x69\xc3\xa8"},
    {0x5FA3, "\x6a\x20\x69\xc3\xa8"},
    {0x5FA4, "\x6a\x20\x69\xc3\xa0\x6e"},
    {0x5FA5, "\x73\x68\x20\xc3\xac"},
    {0x5FA6, "\x6a\x20\x69\xc7\x8e"},
    {0x5FA7, "\x62\x20\x69\xc3\xa0\x6e"},
    {0x5FA8, "\x68\x20\x75\xc3\xa1\x6e\x67"},
    {0x5FA9, "\x66\x20\xc3\xb9"},
    {0x5FAA, "\x78\x20\xc3\xba\x6e"},
    {0x5FAB, "\x77\x20\xc4\x9b\x69"},
    {0x5FAC, "\x70\x20\xc3\xa1\x6e\x67"},
    {0x5FAD, "\x79\x20\xc3\xa1\x6f"},
    {0x5FAE, "\x77\x20\xc4\x93\x69"},
    {0x5FAF, "\x78\x20\xc4\xab"},
    {0x5FB0, "\x7a\x68\x20\xc4\x93\x6e\x67"},
    {0x5FB1, "\x70\x20\x69\xc3\xa0\x6f"},
    {0x5FB2, "\x74\x20\xc3\xad"},
    {0x5FB3, "\x64\x20\xc3\xa9"},
    {0x5FB4, "\x7a\x68\x20\xc4\x93\x6e\x67"},
    {0x5FB5, "\x7a\x68\x20\xc4\x93\x6e\x67"},
    {0x5FB6, "\x62\x20\x69\xc3\xa9"},
    {0x5FB7, "\x64\x20\xc3\xa9"},
    {0x5FB8, "\x63\x68\x20\xc5\x8d\x6e\x67"},
    {0x5FB9, "\x63\x68\x20\xc3\xa8"},
    {0x5FBA, "\x6a\x20\x69\xc7\x8e\x6f"},
    {0x5FBB, "\x68\x20\x75\xc3\xac"},
    {0x5FBC, "\x6a\x20\x69\xc7\x8e\x6f"},
    {0x5FBD, "\x68\x20\x75\xc4\xab"},
    {0x5FBE, "\x6d\x20\xc3\xa9\x69"},
    {0x5FBF, "\x6c\x20\xc3\xb2\x6e\x67"},
    {0x5FC0, "\x78\x20\x69\xc4\x81\x6e\x67"},
    {0x5FC1, "\x62\x20\xc3\xa0\x6f"},
    {0x5FC2, "\x71\x20\xc3\xba"},
    {0x5FC3, "\x78\x20\xc4\xab\x6e"},
    {0x5FC4, "\x78\x20\x69\x6e"},
    {0x5FC5, "\x62\x20\xc3\xac"},
    {0x5FC6, "\x79\x20\xc3\xac"},
    {0x5FC7, "\x6c\x20\xc3\xa8"},
    {0x5FC8, "\x72\x20\xc3\xa9\x6e"},
    {0x5FC9, "\x64\x20\xc4\x81\x6f"},
    {0x5FCA, "\x64\x20\xc3\xac\x6e\x67"},
    {0x5FCB, "\x67\x20\xc7\x8e\x69"},
    {0x5FCC, "\x6a\x20\xc3\xac"},
    {0x5FCD, "\x72\x20\xc4\x9b\x6e"},
    {0x5FCE, "\x72\x20\xc3\xa9\x6e"},
    {0x5FCF, "\x63\x68\x20\xc3\xa0\x6e"},
    {0x5FD0, "\x74\x20\xc7\x8e\x6e"},
    {0x5FD1, "\x74\x20\xc3\xa8"},
    {0x5FD2, "\x74\x20\xc3\xa8"},
    {0x5FD3, "\x67\x20\xc4\x81\x6e"},
    {0x5FD4, "\x71\x20\xc3\xac"},
    {0x5FD5, "\x73\x68\x20\xc3\xac"},
    {0x5FD6, "\x63\x20\xc7\x94\x6e"},
    {0x5FD7, "\x7a\x68\x20\xc3\xac"},
    {0x5FD8, "\x77\x20\xc3\xa0\x6e\x67"},
    {0x5FD9, "\x6d\x20\xc3\xa1\x6e\x67"},
    {0x5FDA, "\x78\x20\xc4\xab"},
    {0x5FDB, "\x66\x20\xc4\x81\x6e"},
    {0x5FDC, "\x79\x20\xc4\xab\x6e\x67"},
    {0x5FDD, "\x74\x20\x69\xc7\x8e\x6e"},
    {0x5FDE, "\x6d\x20\xc3\xad\x6e"},
    {0x5FDF, "\x77\x20\xc4\x9b\x6e"},
    {0x5FE0, "\x7a\x68\x20\xc5\x8d\x6e\x67"},
    {0x5FE1, "\x63\x68\x20\xc5\x8d\x6e\x67"},
    {0x5FE2, "\x77\x20\xc3\xb9"},
    {0x5FE3, "\x6a\x20\xc3\xad"},
    {0x5FE4, "\x77\x20\xc7\x94"},
    {0x5FE5, "\x78\x20\xc3\xac"},
    {0x5FE6, "\x6a\x20\x69\xc3\xa1"},
    {0x5FE7, "\x79\x20\xc5\x8d\x75"},
    {0x5FE8, "\x77\x20\xc3\xa0\x6e"},
    {0x5FE9, "\x63\x20\xc5\x8d\x6e\x67"},
    {0x5FEA, "\x73\x20\xc5\x8d\x6e\x67"},
    {0x5FEB, "\x6b\x20\x75\xc3\xa0\x69"},
    {0x5FEC, "\x79\x20\xc3\xb9"},
    {0x5FED, "\x62\x20\x69\xc3\xa0\x6e"},
    {0x5FEE, "\x7a\x68\x20\xc3\xac"},
    {0x5FEF, "\x71\x20\xc3\xad"},
    {0x5FF0, "\x63\x20\x75\xc3\xac"},
    {0x5FF1, "\x63\x68\x20\xc3\xa9\x6e"},
    {0x5FF2, "\x74\x20\xc3\xa0\x69"},
    {0x5FF3, "\x74\x20\xc3\xba\x6e"},
    {0x5FF4, "\x71\x20\x69\xc3\xa1\x6e"},
    {0x5FF5, "\x6e\x20\x69\xc3\xa0\x6e"},
    {0x5FF6, "\x68\x20\xc3\xba\x6e"},
    {0x5FF7, "\x78\x20\x69\xc5\x8d\x6e\x67"},
    {0x5FF8, "\x6e\x20\x69\xc7\x94"},
    {0x5FF9, "\x6b\x20\x75\xc3\xa1\x6e\x67"},
    {0x5FFA, "\x78\x20\x69\xc4\x81\x6e"},
    {0x5FFB, "\x78\x20\xc4\xab\x6e"},
    {0x5FFC, "\x6b\x20\xc4\x81\x6e\x67"},
    {0x5FFD, "\x68\x20\xc5\xab"},
    {0x5FFE, "\x6b\x20\xc3\xa0\x69"},
    {0x5FFF, "\x66\x20\xc3\xa8\x6e"},
    {0x6000, "\x68\x20\x75\xc3\xa1\x69"},
    {0x6001, "\x74\x20\xc3\xa0\x69"},
    {0x6002, "\x73\x20\xc7\x92\x6e\x67"},
    {0x6003, "\x77\x20\xc7\x94"},
    {0x6004, "\xc3\xb2\x75"},
    {0x6005, "\x63\x68\x20\xc3\xa0\x6e\x67"},
    {0x6006, "\x63\x68\x20\x75\xc3\xa0\x6e\x67"},
    {0x6007, "\x6a\x20\xc3\xb9"},
    {0x6008, "\x79\x20\xc3\xac"},
    {0x6009, "\x62\x20\xc7\x8e\x6f"},
    {0x600A, "\x63\x68\x20\xc4\x81\x6f"},
    {0x600B, "\x6d\x20\xc3\xad\x6e"},
    {0x600C, "\x70\x20\xc4\x93\x69"},
    {0x600D, "\x7a\x20\x75\xc3\xb2"},
    {0x600E, "\x7a\x20\xc4\x9b\x6e"},
    {0x600F, "\x79\x20\xc3\xa0\x6e\x67"},
    {0x6010, "\x6a\x20\xc3\xb9"},
    {0x6011, "\x62\x20\xc3\xa0\x6e"},
    {0x6012, "\x6e\x20\xc3\xb9"},
    {0x6013, "\x6e\x20\xc3\xa1\x6f"},
    {0x6014, "\x7a\x68\x20\xc4\x93\x6e\x67"},
    {0x6015, "\x70\x20\xc3\xa0"},
    {0x6016, "\x62\x20\xc3\xb9"},
    {0x6017, "\x74\x20\x69\xc4\x93"},
    {0x6018, "\x68\x20\xc3\xb9"},
    {0x6019, "\x68\x20\xc3\xb9"},
    {0x601A, "\x6a\x20\xc3\xb9"},
    {0x601B, "\x64\x20\xc3\xa1"},
    {0x601C, "\x6c\x20\x69\xc3\xa1\x6e"},
    {0x601D, "\x73\x20\xc4\xab"},
    {0x601E, "\x63\x68\x20\xc3\xb3\x75"},
    {0x601F, "\x64\x20\xc3\xac"},
    {0x6020, "\x64\x20\xc3\xa0\x69"},
    {0x6021, "\x79\x20\xc3\xad"},
    {0x6022, "\x74\x20\xc5\xab"},
    {0x6023, "\x79\x20\xc3\xb3\x75"},
    {0x6024, "\x66\x20\xc5\xab"},
    {0x6025, "\x6a\x20\xc3\xad"},
    {0x6026, "\x70\x20\xc4\x93\x6e\x67"},
    {0x6027, "\x78\x20\xc3\xac\x6e\x67"},
    {0x6028, "\x79\x20\x75\xc3\xa0\x6e"},
    {0x6029, "\x6e\x20\xc3\xad"},
    {0x602A, "\x67\x20\x75\xc3\xa0\x69"},
    {0x602B, "\x66\x20\xc3\xba"},
    {0x602C, "\x78\x20\xc3\xac"},
    {0x602D, "\x62\x20\xc3\xac"},
    {0x602E, "\x79\x20\xc5\x8d\x75"},
    {0x602F, "\x71\x20\x69\xc3\xa8"},
    {0x6030, "\x78\x20\x75\xc3\xa0\x6e"},
    {0x6031, "\x63\x20\xc5\x8d\x6e\x67"},
    {0x6032, "\x62\x20\xc7\x90\x6e\x67"},
    {0x6033, "\x68\x20\x75\xc7\x8e\x6e\x67"},
    {0x6034, "\x78\x20\xc3\xb9"},
    {0x6035, "\x63\x68\x20\xc3\xb9"},
    {0x6036, "\x62\x20\xc3\xac"},
    {0x6037, "\x73\x68\x20\xc3\xb9"},
    {0x6038, "\x78\x20\xc4\xab"},
    {0x6039, "\x74\x20\xc4\x81\x6e"},
    {0x603A, "\x79\x20\xc7\x92\x6e\x67"},
    {0x603B, "\x7a\x20\xc7\x92\x6e\x67"},
    {0x603C, "\x64\x20\x75\xc3\xac"},
    {0x603D, "\x6d\x20\x6f"},
    {0x603E, "\x7a\x68\x20\xc7\x90"},
    {0x603F, "\x79\x20\xc3\xac"},
    {0x6040, "\x73\x68\x20\xc3\xac"},
    {0x6041, "\x6e\x20\xc3\xa8\x6e"},
    {0x6042, "\x78\x20\xc3\xba\x6e"},
    {0x6043, "\x73\x68\x20\xc3\xac"},
    {0x6044, "\x78\x20\xc3\xac"},
    {0x6045, "\x6c\x20\xc7\x8e\x6f"},
    {0x6046, "\x68\x20\xc3\xa9\x6e\x67"},
    {0x6047, "\x6b\x20\x75\xc4\x81\x6e\x67"},
    {0x6048, "\x6d\x20\xc3\xb3\x75"},
    {0x6049, "\x7a\x68\x20\xc7\x90"},
    {0x604A, "\x78\x20\x69\xc3\xa9"},
    {0x604B, "\x6c\x20\x69\xc3\xa0\x6e"},
    {0x604C, "\x74\x20\x69\xc4\x81\x6f"},
    {0x604D, "\x68\x20\x75\xc7\x8e\x6e\x67"},
    {0x604E, "\x64\x20\x69\xc3\xa9"},
    {0x604F, "\x68\x20\xc3\xa0\x6f"},
    {0x6050, "\x6b\x20\xc7\x92\x6e\x67"},
    {0x6051, "\x67\x20\x75\xc7\x90"},
    {0x6052, "\x68\x20\xc3\xa9\x6e\x67"},
    {0x6053, "\x78\x20\xc4\xab"},
    {0x6054, "\x6a\x20\x69\xc7\x8e\x6f"},
    {0x6055, "\x73\x68\x20\xc3\xb9"},
    {0x6056, "\x73\x20\xc4\xab"},
    {0x6057, "\x68\x20\xc5\xab"},
    {0x6058, "\x71\x20\x69\xc5\xab"},
    {0x6059, "\x79\x20\xc3\xa0\x6e\x67"},
    {0x605A, "\x68\x20\x75\xc3\xac"},
    {0x605B, "\x68\x20\x75\xc3\xad"},
    {0x605C, "\x63\x68\x20\xc3\xac"},
    {0x605D, "\x6a\x20\x69\xc3\xa1"},
    {0x605E, "\x79\x20\xc3\xad"},
    {0x605F, "\x78\x20\x69\xc5\x8d\x6e\x67"},
    {0x6060, "\x67\x20\x75\xc3\xa0\x69"},
    {0x6061, "\x6c\x20\xc3\xac\x6e"},
    {0x6062, "\x68\x20\x75\xc4\xab"},
    {0x6063, "\x7a\x20\xc3\xac"},
    {0x6064, "\x78\x20\xc3\xb9"},
    {0x6065, "\x63\x68\x20\xc7\x90"},
    {0x6066, "\x73\x68\x20\xc3\xa0\x6e\x67"},
    {0x6067, "\x6e\x20\xc7\x9c"},
    {0x6068, "\x68\x20\xc3\xa8\x6e"},
    {0x6069, "\xc4\x93\x6e"},
    {0x606A, "\x6b\x20\xc3\xa8"},
    {0x606B, "\x64\x20\xc3\xb2\x6e\x67"},
    {0x606C, "\x74\x20\x69\xc3\xa1\x6e"},
    {0x606D, "\x67\x20\xc5\x8d\x6e\x67"},
    {0x606E, "\x71\x20\x75\xc4\x81\x6e"},
    {0x606F, "\x78\x20\xc4\xab"},
    {0x6070, "\x71\x20\x69\xc3\xa0"},
    {0x6071, "\x79\x20\x75\xc3\xa8"},
    {0x6072, "\x70\x20\xc4\x93\x6e\x67"},
    {0x6073, "\x6b\x20\xc4\x9b\x6e"},
    {0x6074, "\x64\x20\xc3\xa9"},
    {0x6075, "\x68\x20\x75\xc3\xac"},
    {0x6076, "\xc3\xa8"},
    {0x6077, "\x78\x20\x69\x61\x6f"},
    {0x6078, "\x74\x20\xc3\xb2\x6e\x67"},
    {0x6079, "\x79\x20\xc4\x81\x6e"},
    {0x607A, "\x6b\x20\xc7\x8e\x69"},
    {0x607B, "\x63\x20\xc3\xa8"},
    {0x607C, "\x6e\x20\xc7\x8e\x6f"},
    {0x607D, "\x79\x20\xc3\xb9\x6e"},
    {0x607E, "\x6d\x20\xc3\xa1\x6e\x67"},
    {0x607F, "\x79\x20\xc7\x92\x6e\x67"},
    {0x6080, "\x79\x20\xc7\x92\x6e\x67"},
    {0x6081, "\x79\x20\x75\xc4\x81\x6e"},
    {0x6082, "\x70\x20\xc4\xab"},
    {0x6083, "\x6b\x20\xc7\x94\x6e"},
    {0x6084, "\x71\x20\x69\xc4\x81\x6f"},
    {0x6085, "\x79\x20\x75\xc3\xa8"},
    {0x6086, "\x79\x20\xc3\xb9"},
    {0x6087, "\x74\x20\xc3\xba"},
    {0x6088, "\x6a\x20\x69\xc3\xa8"},
    {0x6089, "\x78\x20\xc4\xab"},
    {0x608A, "\x7a\x68\x20\xc3\xa9"},
    {0x608B, "\x6c\x20\xc3\xac\x6e"},
    {0x608C, "\x74\x20\xc3\xac"},
    {0x608D, "\x68\x20\xc3\xa0\x6e"},
    {0x608E, "\x68\x20\xc3\xa0\x6f"},
    {0x608F, "\x71\x20\x69\xc3\xa8"},
    {0x6090, "\x74\x20\xc3\xac"},
    {0x6091, "\x62\x20\xc3\xb9"},
    {0x6092, "\x79\x20\xc3\xac"},
    {0x6093, "\x71\x20\x69\xc3\xa0\x6e"},
    {0x6094, "\x68\x20\x75\xc7\x90"},
    {0x6095, "\x78\x20\xc4\xab"},
    {0x6096, "\x62\x20\xc3\xa8\x69"},
    {0x6097, "\x6d\x20\xc3\xa1\x6e"},
    {0x6098, "\x79\x20\xc4\xab"},
    {0x6099, "\x68\x20\xc4\x93\x6e\x67"},
    {0x609A, "\x73\x20\xc7\x92\x6e\x67"},
    {0x609B, "\x71\x20\x75\xc4\x81\x6e"},
    {0x609C, "\x63\x68\x20\xc4\x9b\x6e\x67"},
    {0x609D, "\x6b\x20\x75\xc4\xab"},
    {0x609E, "\x77\x20\xc3\xb9"},
    {0x609F, "\x77\x20\xc3\xb9"},
    {0x60A0, "\x79\x20\xc5\x8d\x75"},
    {0x60A1, "\x6c\x20\xc3\xad"},
    {0x60A2, "\x6c\x20\x69\xc3\xa0\x6e\x67"},
    {0x60A3, "\x68\x20\x75\xc3\xa0\x6e"},
    {0x60A4, "\x63\x20\xc5\x8d\x6e\x67"},
    {0x60A5, "\x79\x20\xc3\xac"},
    {0x60A6, "\x79\x20\x75\xc3\xa8"},
    {0x60A7, "\x6c\x20\xc3\xac"},
    {0x60A8, "\x6e\x20\xc3\xad\x6e"},
    {0x60A9, "\x6e\x20\xc7\x8e\x6f"},
    {0x60AA, "\xc3\xa8"},
    {0x60AB, "\x71\x20\x75\xc3\xa8"},
    {0x60AC, "\x78\x20\x75\xc3\xa1\x6e"},
    {0x60AD, "\x71\x20\x69\xc4\x81\x6e"},
    {0x60AE, "\x77\x20\xc3\xb9"},
    {0x60AF, "\x6d\x20\xc7\x90\x6e"},
    {0x60B0, "\x63\x20\xc3\xb3\x6e\x67"},
    {0x60B1, "\x66\x20\xc4\x9b\x69"},
    {0x60B2, "\x62\x20\xc4\x93\x69"},
    {0x60B3, "\x64\x20\xc3\xa9"},
    {0x60B4, "\x63\x20\x75\xc3\xac"},
    {0x60B5, "\x63\x68\x20\xc3\xa0\x6e\x67"},
    {0x60B6, "\x6d\x20\xc3\xa8\x6e"},
    {0x60B7, "\x6c\x20\xc3\xac"},
    {0x60B8, "\x6a\x20\xc3\xac"},
    {0x60B9, "\x67\x20\x75\xc3\xa0\x6e"},
    {0x60BA, "\x67\x20\x75\xc3\xa0\x6e"},
    {0x60BB, "\x78\x20\xc3\xac\x6e\x67"},
    {0x60BC, "\x64\x20\xc3\xa0\x6f"},
    {0x60BD, "\x71\x20\xc4\xab"},
    {0x60BE, "\x6b\x20\xc5\x8d\x6e\x67"},
    {0x60BF, "\x74\x20\x69\xc7\x8e\x6e"},
    {0x60C0, "\x6c\x20\xc3\xba\x6e"},
    {0x60C1, "\x78\x20\xc4\xab"},
    {0x60C2, "\x6b\x20\xc7\x8e\x6e"},
    {0x60C3, "\x67\x20\xc7\x94\x6e"},
    {0x60C4, "\x6e\x20\xc3\xac"},
    {0x60C5, "\x71\x20\xc3\xad\x6e\x67"},
    {0x60C6, "\x63\x68\x20\xc3\xb3\x75"},
    {0x60C7, "\x64\x20\xc5\xab\x6e"},
    {0x60C8, "\x67\x20\x75\xc7\x92"},
    {0x60C9, "\x7a\x68\x20\xc4\x81\x6e"},
    {0x60CA, "\x6a\x20\xc4\xab\x6e\x67"},
    {0x60CB, "\x77\x20\xc7\x8e\x6e"},
    {0x60CC, "\x79\x20\x75\xc4\x81\x6e"},
    {0x60CD, "\x6a\x20\xc4\xab\x6e"},
    {0x60CE, "\x6a\x20\xc3\xac"},
    {0x60CF, "\x6c\x20\xc3\xa1\x6e"},
    {0x60D0, "\x79\x20\xc3\xb9"},
    {0x60D1, "\x68\x20\x75\xc3\xb2"},
    {0x60D2, "\x68\x20\xc3\xa9"},
    {0x60D3, "\x71\x20\x75\xc3\xa1\x6e"},
    {0x60D4, "\x74\x20\xc3\xa1\x6e"},
    {0x60D5, "\x74\x20\xc3\xac"},
    {0x60D6, "\x74\x20\xc3\xac"},
    {0x60D7, "\x6e\x20\x69\xc3\xa8"},
    {0x60D8, "\x77\x20\xc7\x8e\x6e\x67"},
    {0x60D9, "\x63\x68\x20\x75\xc3\xb2"},
    {0x60DA, "\x68\x20\xc5\xab"},
    {0x60DB, "\x68\x20\xc5\xab\x6e"},
    {0x60DC, "\x78\x20\xc4\xab"},
    {0x60DD, "\x63\x68\x20\xc7\x8e\x6e\x67"},
    {0x60DE, "\x78\x20\xc4\xab\x6e"},
    {0x60DF, "\x77\x20\xc3\xa9\x69"},
    {0x60E0, "\x68\x20\x75\xc3\xac"},
    {0x60E1, "\xc3\xa8"},
    {0x60E2, "\x73\x20\x75\xc7\x92"},
    {0x60E3, "\x7a\x20\xc7\x92\x6e\x67"},
    {0x60E4, "\x6a\x20\x69\xc4\x81\x6e"},
    {0x60E5, "\x79\x20\xc7\x92\x6e\x67"},
    {0x60E6, "\x64\x20\x69\xc3\xa0\x6e"},
    {0x60E7, "\x6a\x20\xc3\xb9"},
    {0x60E8, "\x63\x20\xc7\x8e\x6e"},
    {0x60E9, "\x63\x68\x20\xc3\xa9\x6e\x67"},
    {0x60EA, "\x64\x20\xc3\xa9"},
    {0x60EB, "\x62\x20\xc3\xa8\x69"},
    {0x60EC, "\x71\x20\x69\xc3\xa8"},
    {0x60ED, "\x63\x20\xc3\xa1\x6e"},
    {0x60EE, "\x64\x20\xc3\xa0\x6e"},
    {0x60EF, "\x67\x20\x75\xc3\xa0\x6e"},
    {0x60F0, "\x64\x20\x75\xc3\xb2"},
    {0x60F1, "\x6e\x20\xc7\x8e\x6f"},
    {0x60F2, "\x79\x20\xc3\xb9\x6e"},
    {0x60F3, "\x78\x20\x69\xc7\x8e\x6e\x67"},
    {0x60F4, "\x7a\x68\x20\x75\xc3\xac"},
    {0x60F5, "\x64\x20\x69\xc3\xa9"},
    {0x60F6, "\x68\x20\x75\xc3\xa1\x6e\x67"},
    {0x60F7, "\x63\x68\x20\xc7\x94\x6e"},
    {0x60F8, "\x71\x20\x69\xc3\xb3\x6e\x67"},
    {0x60F9, "\x72\x20\xc4\x9b"},
    {0x60FA, "\x78\x20\xc4\xab\x6e\x67"},
    {0x60FB, "\x63\x20\xc3\xa8"},
    {0x60FC, "\x62\x20\x69\xc7\x8e\x6e"},
    {0x60FD, "\x6d\x20\xc7\x90\x6e"},
    {0x60FE, "\x7a\x20\xc5\x8d\x6e\x67"},
    {0x60FF, "\x74\x20\xc3\xad"},
    {0x6100, "\x71\x20\x69\xc7\x8e\x6f"},
    {0x6101, "\x63\x68\x20\xc3\xb3\x75"},
    {0x6102, "\x62\x20\xc3\xa8\x69"},
    {0x6103, "\x78\x20\x75\xc4\x81\x6e"},
    {0x6104, "\x77\x20\xc4\x93\x69"},
    {0x6105, "\x67\x20\xc3\xa9"},
    {0x6106, "\x71\x20\x69\xc4\x81\x6e"},
    {0x6107, "\x77\x20\xc4\x9b\x69"},
    {0x6108, "\x79\x20\xc3\xb9"},
    {0x6109, "\x79\x20\xc3\xba"},
    {0x610A, "\x62\x20\xc3\xac"},
    {0x610B, "\x78\x20\x75\xc4\x81\x6e"},
    {0x610C, "\x68\x20\x75\xc3\xa0\x6e"},
    {0x610D, "\x6d\x20\xc7\x90\x6e"},
    {0x610E, "\x62\x20\xc3\xac"},
    {0x610F, "\x79\x20\xc3\xac"},
    {0x6110, "\x6d\x20\x69\xc7\x8e\x6e"},
    {0x6111, "\x79\x20\xc7\x92\x6e\x67"},
    {0x6112, "\x6b\x20\xc3\xa0\x69"},
    {0x6113, "\x64\x20\xc3\xa0\x6e\x67"},
    {0x6114, "\x79\x20\xc4\xab\x6e"},
    {0x6115, "\xc3\xa8"},
    {0x6116, "\x63\x68\x20\xc3\xa9\x6e"},
    {0x6117, "\x6d\x20\xc3\xa0\x6f"},
    {0x6118, "\x71\x20\x69\xc3\xa0"},
    {0x6119, "\x6b\x20\xc3\xa8"},
    {0x611A, "\x79\x20\xc3\xba"},
    {0x611B, "\xc3\xa0\x69"},
    {0x611C, "\x71\x20\x69\xc3\xa8"},
    {0x611D, "\x79\x20\xc7\x8e\x6e"},
    {0x611E, "\x6e\x20\x75\xc3\xb2"},
    {0x611F, "\x67\x20\xc7\x8e\x6e"},
    {0x6120, "\x79\x20\xc3\xb9\x6e"},
    {0x6121, "\x7a\x20\xc7\x92\x6e\x67"},
    {0x6122, "\x73\x20\xc4\x81\x69"},
    {0x6123, "\x6c\x20\xc3\xa8\x6e\x67"},
    {0x6124, "\x66\x20\xc3\xa8\x6e"},
    {0x6125, "\x79\x20\xc4\xab\x6e\x67"},
    {0x6126, "\x6b\x20\x75\xc3\xac"},
    {0x6127, "\x6b\x20\x75\xc3\xac"},
    {0x6128, "\x71\x20\x75\xc3\xa8"},
    {0x6129, "\x67\x20\xc5\x8d\x6e\x67"},
    {0x612A, "\x79\x20\xc3\xba\x6e"},
    {0x612B, "\x73\x20\xc3\xb9"},
    {0x612C, "\x73\x20\xc3\xb9"},
    {0x612D, "\x71\x20\xc3\xad"},
    {0x612E, "\x79\x20\xc3\xa1\x6f"},
    {0x612F, "\x73\x20\xc7\x92\x6e\x67"},
    {0x6130, "\x68\x20\x75\xc3\xa0\x6e\x67"},
    {0x6131, "\x6a\x20\xc3\xad"},
    {0x6132, "\x67\x20\xc7\x94"},
    {0x6133, "\x6a\x20\xc3\xb9"},
    {0x6134, "\x63\x68\x20\x75\xc3\xa0\x6e\x67"},
    {0x6135, "\x6e\x20\xc3\xac"},
    {0x6136, "\x78\x20\x69\xc3\xa9"},
    {0x6137, "\x6b\x20\xc7\x8e\x69"},
    {0x6138, "\x7a\x68\x20\xc4\x9b\x6e\x67"},
    {0x6139, "\x79\x20\xc7\x92\x6e\x67"},
    {0x613A, "\x63\x20\xc7\x8e\x6f"},
    {0x613B, "\x78\x20\xc3\xb9\x6e"},
    {0x613C, "\x73\x68\x20\xc3\xa8\x6e"},
    {0x613D, "\x62\x20\xc3\xb3"},
    {0x613E, "\x6b\x20\xc3\xa0\x69"},
    {0x613F, "\x79\x20\x75\xc3\xa0\x6e"},
    {0x6140, "\x78\x20\xc3\xac"},
    {0x6141, "\x68\x20\xc3\xb9\x6e"},
    {0x6142, "\x79\x20\xc7\x92\x6e\x67"},
    {0x6143, "\x79\x20\xc7\x8e\x6e\x67"},
    {0x6144, "\x6c\x20\xc3\xac"},
    {0x6145, "\x73\x20\xc4\x81\x6f"},
    {0x6146, "\x74\x20\xc4\x81\x6f"},
    {0x6147, "\x79\x20\xc4\xab\x6e"},
    {0x6148, "\x63\x20\xc3\xad"},
    {0x6149, "\x78\x20\xc3\xb9"},
    {0x614A, "\x71\x20\x69\xc3\xa0\x6e"},
    {0x614B, "\x74\x20\xc3\xa0\x69"},
    {0x614C, "\x68\x20\x75\xc4\x81\x6e\x67"},
    {0x614D, "\x79\x20\xc3\xb9\x6e"},
    {0x614E, "\x73\x68\x20\xc3\xa8\x6e"},
    {0x614F, "\x6d\x20\xc7\x90\x6e\x67"},
    {0x6150, "\x67\x20\x6f\x6e\x67"},
    {0x6151, "\x73\x68\x20\xc3\xa8"},
    {0x6152, "\x63\x20\xc3\xb3\x6e\x67"},
    {0x6153, "\x70\x20\x69\xc4\x81\x6f"},
    {0x6154, "\x6d\x20\xc3\xb9"},
    {0x6155, "\x6d\x20\xc3\xb9"},
    {0x6156, "\x67\x20\x75\xc3\xb3"},
    {0x6157, "\x63\x68\x20\xc3\xac"},
    {0x6158, "\x63\x20\xc7\x8e\x6e"},
    {0x6159, "\x63\x20\xc3\xa1\x6e"},
    {0x615A, "\x63\x20\xc3\xa1\x6e"},
    {0x615B, "\x63\x20\x75\xc4\xab"},
    {0x615C, "\x6d\x20\xc7\x90\x6e"},
    {0x615D, "\x74\x20\xc3\xa8"},
    {0x615E, "\x7a\x68\x20\xc4\x81\x6e\x67"},
    {0x615F, "\x74\x20\xc3\xb2\x6e\x67"},
    {0x6160, "\xc3\xa0\x6f"},
    {0x6161, "\x73\x68\x20\x75\xc7\x8e\x6e\x67"},
    {0x6162, "\x6d\x20\xc3\xa0\x6e"},
    {0x6163, "\x67\x20\x75\xc3\xa0\x6e"},
    {0x6164, "\x71\x20\x75\xc3\xa8"},
    {0x6165, "\x7a\x20\xc3\xa0\x6f"},
    {0x6166, "\x6a\x20\x69\xc3\xb9"},
    {0x6167, "\x68\x20\x75\xc3\xac"},
    {0x6168, "\x6b\x20\xc7\x8e\x69"},
    {0x6169, "\x6c\x20\x69\xc3\xa1\x6e"},
    {0x616A, "\xc3\xb2\x75"},
    {0x616B, "\x73\x20\xc7\x92\x6e\x67"},
    {0x616C, "\x71\x20\xc3\xad\x6e"},
    {0x616D, "\x79\x20\xc3\xac\x6e"},
    {0x616E, "\x6c\x20\xc7\x9c"},
    {0x616F, "\x73\x68\x20\xc4\x81\x6e\x67"},
    {0x6170, "\x77\x20\xc3\xa8\x69"},
    {0x6171, "\x74\x20\x75\xc3\xa1\x6e"},
    {0x6172, "\x6d\x20\xc3\xa1\x6e"},
    {0x6173, "\x71\x20\x69\xc4\x81\x6e"},
    {0x6174, "\x73\x68\x20\xc3\xa8"},
    {0x6175, "\x79\x20\xc5\x8d\x6e\x67"},
    {0x6176, "\x71\x20\xc3\xac\x6e\x67"},
    {0x6177, "\x6b\x20\xc4\x81\x6e\x67"},
    {0x6178, "\x64\x20\xc3\xac"},
    {0x6179, "\x7a\x68\x20\xc3\xad"},
    {0x617A, "\x6c\x20\xc3\xb3\x75"},
    {0x617B, "\x6a\x20\x75\xc3\xa0\x6e"},
    {0x617C, "\x71\x20\xc4\xab"},
    {0x617D, "\x71\x20\xc4\xab"},
    {0x617E, "\x79\x20\xc3\xb9"},
    {0x617F, "\x70\x20\xc3\xad\x6e\x67"},
    {0x6180, "\x6c\x20\x69\xc3\xa1\x6f"},
    {0x6181, "\x63\x20\xc3\xb2\x6e\x67"},
    {0x6182, "\x79\x20\xc5\x8d\x75"},
    {0x6183, "\x63\x68\x20\xc5\x8d\x6e\x67"},
    {0x6184, "\x7a\x68\x20\xc3\xac"},
    {0x6185, "\x74\x20\xc3\xb2\x6e\x67"},
    {0x6186, "\x63\x68\x20\xc4\x93\x6e\x67"},
    {0x6187, "\x71\x20\xc3\xac"},
    {0x6188, "\x71\x20\xc5\xab"},
    {0x6189, "\x70\x20\xc3\xa9\x6e\x67"},
    {0x618A, "\x62\x20\xc3\xa8\x69"},
    {0x618B, "\x62\x20\x69\xc4\x93"},
    {0x618C, "\x71\x20\x69\xc3\xb3\x6e\x67"},
    {0x618D, "\x6a\x20\x69\xc4\x81\x6f"},
    {0x618E, "\x7a\x20\xc4\x93\x6e\x67"},
    {0x618F, "\x63\x68\x20\xc3\xac"},
    {0x6190, "\x6c\x20\x69\xc3\xa1\x6e"},
    {0x6191, "\x70\x20\xc3\xad\x6e\x67"},
    {0x6192, "\x6b\x20\x75\xc3\xac"},
    {0x6193, "\x68\x20\x75\xc3\xac"},
    {0x6194, "\x71\x20\x69\xc3\xa1\x6f"},
    {0x6195, "\x63\x68\x20\xc3\xa9\x6e\x67"},
    {0x6196, "\x79\x20\xc3\xac\x6e"},
    {0x6197, "\x79\x20\xc3\xac\x6e"},
    {0x6198, "\x78\x20\xc7\x90"},
    {0x6199, "\x78\x20\xc4\xab"},
    {0x619A, "\x64\x20\xc3\xa0\x6e"},
    {0x619B, "\x74\x20\xc3\xa1\x6e"},
    {0x619C, "\x64\x20\x75\xc3\xb2"},
    {0x619D, "\x64\x20\x75\xc3\xac"},
    {0x619E, "\x64\x20\x75\xc3\xac"},
    {0x619F, "\x73\x20\xc3\xb9"},
    {0x61A0, "\x6a\x20\x75\xc3\xa9"},
    {0x61A1, "\x63\x20\xc3\xa8"},
    {0x61A2, "\x78\x20\x69\xc4\x81\x6f"},
    {0x61A3, "\x66\x20\xc4\x81\x6e"},
    {0x61A4, "\x66\x20\xc3\xa8\x6e"},
    {0x61A5, "\x6c\x20\xc3\xa1\x6f"},
    {0x61A6, "\x6c\x20\xc3\xa0\x6f"},
    {0x61A7, "\x63\x68\x20\xc5\x8d\x6e\x67"},
    {0x61A8, "\x68\x20\xc4\x81\x6e"},
    {0x61A9, "\x71\x20\xc3\xac"},
    {0x61AA, "\x78\x20\x69\xc3\xa1\x6e"},
    {0x61AB, "\x6d\x20\xc7\x90\x6e"},
    {0x61AC, "\x6a\x20\xc7\x90\x6e\x67"},
    {0x61AD, "\x6c\x20\x69\xc7\x8e\x6f"},
    {0x61AE, "\x77\x20\xc7\x94"},
    {0x61AF, "\x63\x20\xc7\x8e\x6e"},
    {0x61B0, "\x6a\x20\x75\xc3\xa9"},
    {0x61B1, "\x63\x20\xc3\xb9"},
    {0x61B2, "\x78\x20\x69\xc3\xa0\x6e"},
    {0x61B3, "\x74\x20\xc7\x8e\x6e"},
    {0x61B4, "\x73\x68\x20\xc3\xa9\x6e\x67"},
    {0x61B5, "\x70\x20\xc4\xab"},
    {0x61B6, "\x79\x20\xc3\xac"},
    {0x61B7, "\x63\x68\x20\xc3\xb9"},
    {0x61B8, "\x78\x20\x69\xc4\x81\x6e"},
    {0x61B9, "\x6e\x20\xc3\xa1\x6f"},
    {0x61BA, "\x64\x20\xc3\xa0\x6e"},
    {0x61BB, "\x74\x20\xc7\x8e\x6e"},
    {0x61BC, "\x6a\x20\xc7\x90\x6e\x67"},
    {0x61BD, "\x73\x20\xc5\x8d\x6e\x67"},
    {0x61BE, "\x68\x20\xc3\xa0\x6e"},
    {0x61BF, "\x6a\x20\x69\xc7\x8e\x6f"},
    {0x61C0, "\x77\x20\xc3\xa8\x69"},
    {0x61C1, "\x78\x20\x75\xc4\x81\x6e"},
    {0x61C2, "\x64\x20\xc7\x92\x6e\x67"},
    {0x61C3, "\x71\x20\xc3\xad\x6e"},
    {0x61C4, "\x71\x20\xc3\xad\x6e"},
    {0x61C5, "\x6a\x20\xc3\xb9"},
    {0x61C6, "\x63\x20\xc7\x8e\x6f"},
    {0x61C7, "\x6b\x20\xc4\x9b\x6e"},
    {0x61C8, "\x78\x20\x69\xc3\xa8"},
    {0x61C9, "\x79\x20\xc4\xab\x6e\x67"},
    {0x61CA, "\xc3\xa0\x6f"},
    {0x61CB, "\x6d\x20\xc3\xa0\x6f"},
    {0x61CC, "\x79\x20\xc3\xac"},
    {0x61CD, "\x6c\x20\xc7\x90\x6e"},
    {0x61CE, "\x73\x20\xc3\xa8"},
    {0x61CF, "\x6a\x20\xc3\xb9\x6e"},
    {0x61D0, "\x68\x20\x75\xc3\xa1\x69"},
    {0x61D1, "\x6d\x20\xc3\xa8\x6e"},
    {0x61D2, "\x6c\x20\xc7\x8e\x6e"},
    {0x61D3, "\xc3\xa0\x69"},
    {0x61D4, "\x6c\x20\xc7\x90\x6e"},
    {0x61D5, "\x79\x20\xc4\x81\x6e"},
    {0x61D6, "\x6b\x20\x75\xc3\xb2"},
    {0x61D7, "\x78\x20\x69\xc3\xa0"},
    {0x61D8, "\x63\x68\x20\xc3\xac"},
    {0x61D9, "\x79\x20\xc7\x94"},
    {0x61DA, "\x79\x20\xc3\xac\x6e"},
    {0x61DB, "\x64\x20\xc4\x81\x69"},
    {0x61DC, "\x6d\x20\xc4\x9b\x6e\x67"},
    {0x61DD, "\xc3\xa0\x69"},
    {0x61DE, "\x6d\x20\xc3\xa9\x6e\x67"},
    {0x61DF, "\x64\x20\x75\xc3\xac"},
    {0x61E0, "\x71\x20\xc3\xad"},
    {0x61E1, "\x6d\x20\xc7\x92"},
    {0x61E2, "\x6c\x20\xc3\xa1\x6e"},
    {0x61E3, "\x6d\x20\xc3\xa8\x6e"},
    {0x61E4, "\x63\x68\x20\xc3\xb3\x75"},
    {0x61E5, "\x7a\x68\x20\xc3\xac"},
    {0x61E6, "\x6e\x20\x75\xc3\xb2"},
    {0x61E7, "\x6e\x20\x75\xc3\xb2"},
    {0x61E8, "\x79\x20\xc4\x81\x6e"},
    {0x61E9, "\x79\x20\xc7\x8e\x6e\x67"},
    {0x61EA, "\x62\x20\xc3\xb3"},
    {0x61EB, "\x7a\x68\x20\xc3\xac"},
    {0x61EC, "\x6b\x20\x75\xc3\xa0\x6e\x67"},
    {0x61ED, "\x6b\x20\x75\xc7\x8e\x6e\x67"},
    {0x61EE, "\x79\x20\xc7\x92\x75"},
    {0x61EF, "\x66\x20\xc5\xab"},
    {0x61F0, "\x6c\x20\x69\xc3\xba"},
    {0x61F1, "\x6d\x20\x69\xc3\xa8"},
    {0x61F2, "\x63\x68\x20\xc3\xa9\x6e\x67"},
    {0x61F3, "\x68\x20\x75\x69"},
    {0x61F4, "\x63\x68\x20\xc3\xa0\x6e"},
    {0x61F5, "\x6d\x20\xc4\x9b\x6e\x67"},
    {0x61F6, "\x6c\x20\xc7\x8e\x6e"},
    {0x61F7, "\x68\x20\x75\xc3\xa1\x69"},
    {0x61F8, "\x78\x20\x75\xc3\xa1\x6e"},
    {0x61F9, "\x72\x20\xc3\xa0\x6e\x67"},
    {0x61FA, "\x63\x68\x20\xc3\xa0\x6e"},
    {0x61FB, "\x6a\x20\xc3\xac"},
    {0x61FC, "\x6a\x20\xc3\xb9"},
    {0x61FD, "\x68\x20\x75\xc4\x81\x6e"},
    {0x61FE, "\x73\x68\x20\xc3\xa8"},
    {0x61FF, "\x79\x20\xc3\xac"},
    {0x6200, "\x6c\x20\x69\xc3\xa0\x6e"},
    {0x6201, "\x6e\x20\xc7\x8e\x6e"},
    {0x6202, "\x6d\x20\xc3\xad"},
    {0x6203, "\x74\x20\xc7\x8e\x6e\x67"},
    {0x6204, "\x6a\x20\x75\xc3\xa9"},
    {0x6205, "\x67\x20\xc3\xa0\x6e\x67"},
    {0x6206, "\x67\x20\xc3\xa0\x6e\x67"},
    {0x6207, "\x7a\x68\x20\x75\xc3\xa0\x6e\x67"},
    {0x6208, "\x67\x20\xc4\x93"},
    {0x6209, "\x79\x20\x75\xc3\xa8"},
    {0x620A, "\x77\x20\xc3\xb9"},
    {0x620B, "\x6a\x20\x69\xc4\x81\x6e"},
    {0x620C, "\x78\x20\xc5\xab"},
    {0x620D, "\x73\x68\x20\xc3\xb9"},
    {0x620E, "\x72\x20\xc3\xb3\x6e\x67"},
    {0x620F, "\x78\x20\xc3\xac"},
    {0x6210, "\x63\x68\x20\xc3\xa9\x6e\x67"},
    {0x6211, "\x77\x20\xc7\x92"},
    {0x6212, "\x6a\x20\x69\xc3\xa8"},
    {0x6213, "\x67\x20\xc4\x93"},
    {0x6214, "\x6a\x20\x69\xc4\x81\x6e"},
    {0x6215, "\x71\x20\x69\xc4\x81\x6e\x67"},
    {0x6216, "\x68\x20\x75\xc3\xb2"},
    {0x6217, "\x71\x20\x69\xc4\x81\x6e\x67"},
    {0x6218, "\x7a\x68\x20\xc3\xa0\x6e"},
    {0x6219, "\x64\x20\xc3\xb2\x6e\x67"},
    {0x621A, "\x71\x20\xc4\xab"},
    {0x621B, "\x6a\x20\x69\xc3\xa1"},
    {0x621C, "\x64\x20\x69\xc3\xa9"},
    {0x621D, "\x7a\x20\xc3\xa9\x69"},
    {0x621E, "\x6a\x20\x69\xc3\xa1"},
    {0x621F, "\x6a\x20\xc7\x90"},
    {0x6220, "\x7a\x68\x20\xc4\xab"},
    {0x6221, "\x6b\x20\xc4\x81\x6e"},
    {0x6222, "\x6a\x20\xc3\xad"},
    {0x6223, "\x6b\x20\x75\xc3\xad"},
    {0x6224, "\x67\x20\xc3\xa0\x69"},
    {0x6225, "\x64\x20\xc4\x9b\x6e\x67"},
    {0x6226, "\x7a\x68\x20\xc3\xa0\x6e"},
    {0x6227, "\x71\x20\x69\xc4\x81\x6e\x67"},
    {0x6228, "\x67\x20\xc4\x93"},
    {0x6229, "\x6a\x20\x69\xc7\x8e\x6e"},
    {0x622A, "\x6a\x20\x69\xc3\xa9"},
    {0x622B, "\x79\x20\xc3\xb9"},
    {0x622C, "\x6a\x20\x69\xc7\x8e\x6e"},
    {0x622D, "\x79\x20\xc7\x8e\x6e"},
    {0x622E, "\x6c\x20\xc3\xb9"},
    {0x622F, "\x68\x20\xc5\xab"},
    {0x6230, "\x7a\x68\x20\xc3\xa0\x6e"},
    {0x6231, "\x78\x20\xc3\xac"},
    {0x6232, "\x78\x20\xc3\xac"},
    {0x6233, "\x63\x68\x20\x75\xc5\x8d"},
    {0x6234, "\x64\x20\xc3\xa0\x69"},
    {0x6235, "\x71\x20\xc3\xba"},
    {0x6236, "\x68\x20\xc3\xb9"},
    {0x6237, "\x68\x20\xc3\xb9"},
    {0x6238, "\x68\x20\xc3\xb9"},
    {0x6239, "\xc3\xa8"},
    {0x623A, "\x73\x68\x20\xc3\xac"},
    {0x623B, "\x74\x20\xc3\xac"},
    {0x623C, "\x6d\x20\xc7\x8e\x6f"},
    {0x623D, "\x68\x20\xc3\xb9"},
    {0x623E, "\x6c\x20\xc3\xac"},
    {0x623F, "\x66\x20\xc3\xa1\x6e\x67"},
    {0x6240, "\x73\x20\x75\xc7\x92"},
    {0x6241, "\x62\x20\x69\xc7\x8e\x6e"},
    {0x6242, "\x64\x20\x69\xc3\xa0\x6e"},
    {0x6243, "\x6a\x20\x69\xc5\x8d\x6e\x67"},
    {0x6244, "\x73\x68\x20\xc7\x8e\x6e\x67"},
    {0x6245, "\x79\x20\xc3\xad"},
    {0x6246, "\x79\x20\xc7\x90"},
    {0x6247, "\x73\x68\x20\xc3\xa0\x6e"},
    {0x6248, "\x68\x20\xc3\xb9"},
    {0x6249, "\x66\x20\xc4\x93\x69"},
    {0x624A, "\x79\x20\xc7\x8e\x6e"},
    {0x624B, "\x73\x68\x20\xc7\x92\x75"},
    {0x624C, "\x73\x68\x20\x6f\x75"},
    {0x624D, "\x63\x20\xc3\xa1\x69"},
    {0x624E, "\x7a\x68\x20\xc4\x81"},
    {0x624F, "\x71\x20\x69\xc3\xba"},
    {0x6250, "\x6c\x20\xc3\xa8"},
    {0x6251, "\x70\x20\xc5\xab"},
    {0x6252, "\x62\x20\xc4\x81"},
    {0x6253, "\x64\x20\xc7\x8e"},
    {0x6254, "\x72\x20\xc4\x93\x6e\x67"},
    {0x6255, "\x66\x20\xc7\x8e\x6e"},
    {0x6256, "\x72\x20\xc3\xb9"},
    {0x6257, "\x7a\x20\xc3\xa0\x69"},
    {0x6258, "\x74\x20\x75\xc5\x8d"},
    {0x6259, "\x7a\x68\x20\xc3\xa0\x6e\x67"},
    {0x625A, "\x64\x20\x69\xc7\x8e\x6f"},
    {0x625B, "\x6b\x20\xc3\xa1\x6e\x67"},
    {0x625C, "\x79\x20\xc5\xab"},
    {0x625D, "\x6b\x20\xc5\xab"},
    {0x625E, "\x67\x20\xc7\x8e\x6e"},
    {0x625F, "\x73\x68\x20\xc4\x93\x6e"},
    {0x6260, "\x63\x68\x20\xc4\x81"},
    {0x6261, "\x74\x20\x75\xc5\x8d"},
    {0x6262, "\x67\x20\xc7\x94"},
    {0x6263, "\x6b\x20\xc3\xb2\x75"},
    {0x6264, "\x77\x20\xc3\xb9"},
    {0x6265, "\x64\x20\xc3\xa8\x6e"},
    {0x6266, "\x71\x20\x69\xc4\x81\x6e"},
    {0x6267, "\x7a\x68\x20\xc3\xad"},
    {0x6268, "\x72\x20\xc3\xa8\x6e"},
    {0x6269, "\x6b\x20\x75\xc3\xb2"},
    {0x626A, "\x6d\x20\xc3\xa9\x6e"},
    {0x626B, "\x73\x20\xc7\x8e\x6f"},
    {0x626C, "\x79\x20\xc3\xa1\x6e\x67"},
    {0x626D, "\x6e\x20\x69\xc7\x94"},
    {0x626E, "\x62\x20\xc3\xa0\x6e"},
    {0x626F, "\x63\x68\x20\xc4\x9b"},
    {0x6270, "\x72\x20\xc7\x8e\x6f"},
    {0x6271, "\x78\x20\xc4\xab"},
    {0x6272, "\x71\x20\x69\xc3\xa1\x6e"},
    {0x6273, "\x62\x20\xc4\x81\x6e"},
    {0x6274, "\x6a\x20\x69\xc3\xa1"},
    {0x6275, "\x79\x20\xc3\xba"},
    {0x6276, "\x66\x20\xc3\xba"},
    {0x6277, "\xc3\xa0\x6f"},
    {0x6278, "\x78\x20\xc4\xab"},
    {0x6279, "\x70\x20\xc4\xab"},
    {0x627A, "\x7a\x68\x20\xc7\x90"},
    {0x627B, "\x7a\x68\x20\xc3\xac"},
    {0x627C, "\xc3\xa8"},
    {0x627D, "\x64\x20\xc3\xa8\x6e"},
    {0x627E, "\x7a\x68\x20\xc7\x8e\x6f"},
    {0x627F, "\x63\x68\x20\xc3\xa9\x6e\x67"},
    {0x6280, "\x6a\x20\xc3\xac"},
    {0x6281, "\x79\x20\xc7\x8e\x6e"},
    {0x6282, "\x6b\x20\x75\xc3\xa1\x6e\x67"},
    {0x6283, "\x62\x20\x69\xc3\xa0\x6e"},
    {0x6284, "\x63\x68\x20\xc4\x81\x6f"},
    {0x6285, "\x6a\x20\xc5\xab"},
    {0x6286, "\x77\x20\xc4\x9b\x6e"},
    {0x6287, "\x68\x20\xc3\xba"},
    {0x6288, "\x79\x20\x75\xc3\xa8"},
    {0x6289, "\x6a\x20\x75\xc3\xa9"},
    {0x628A, "\x62\x20\xc7\x8e"},
    {0x628B, "\x71\x20\xc3\xac\x6e"},
    {0x628C, "\x64\x20\xc7\x8e\x6e"},
    {0x628D, "\x7a\x68\x20\xc4\x9b\x6e\x67"},
    {0x628E, "\x79\x20\xc7\x94\x6e"},
    {0x628F, "\x77\x20\xc3\xa1\x6e"},
    {0x6290, "\x6e\x20\xc3\xa8"},
    {0x6291, "\x79\x20\xc3\xac"},
    {0x6292, "\x73\x68\x20\xc5\xab"},
    {0x6293, "\x7a\x68\x20\x75\xc4\x81"},
    {0x6294, "\x70\x20\xc3\xb3\x75"},
    {0x6295, "\x74\x20\xc3\xb3\x75"},
    {0x6296, "\x64\x20\xc7\x92\x75"},
    {0x6297, "\x6b\x20\xc3\xa0\x6e\x67"},
    {0x6298, "\x7a\x68\x20\xc3\xa9"},
    {0x6299, "\x70\x20\xc3\xb3\x75"},
    {0x629A, "\x66\x20\xc7\x94"},
    {0x629B, "\x70\x20\xc4\x81\x6f"},
    {0x629C, "\x62\x20\xc3\xa1"},
    {0x629D, "\xc7\x8e\x6f"},
    {0x629E, "\x7a\x20\xc3\xa9"},
    {0x629F, "\x74\x20\x75\xc3\xa1\x6e"},
    {0x62A0, "\x6b\x20\xc5\x8d\x75"},
    {0x62A1, "\x6c\x20\xc5\xab\x6e"},
    {0x62A2, "\x71\x20\x69\xc7\x8e\x6e\x67"},
    {0x62A3, "\x79\x20\x75\x6e"},
    {0x62A4, "\x68\x20\xc3\xb9"},
    {0x62A5, "\x62\x20\xc3\xa0\x6f"},
    {0x62A6, "\x62\x20\xc7\x90\x6e\x67"},
    {0x62A7, "\x7a\x68\x20\xc7\x90"},
    {0x62A8, "\x70\x20\xc4\x93\x6e\x67"},
    {0x62A9, "\x6e\x20\xc3\xa1\x6e"},
    {0x62AA, "\x62\x20\xc3\xb9"},
    {0x62AB, "\x70\x20\xc4\xab"},
    {0x62AC, "\x74\x20\xc3\xa1\x69"},
    {0x62AD, "\x79\x20\xc7\x8e\x6f"},
    {0x62AE, "\x7a\x68\x20\xc4\x9b\x6e"},
    {0x62AF, "\x7a\x68\x20\xc4\x81"},
    {0x62B0, "\x79\x20\xc4\x81\x6e\x67"},
    {0x62B1, "\x62\x20\xc3\xa0\x6f"},
    {0x62B2, "\x68\x20\xc4\x93"},
    {0x62B3, "\x6e\x20\xc7\x90"},
    {0x62B4, "\x79\x20\xc3\xa8"},
    {0x62B5, "\x64\x20\xc7\x90"},
    {0x62B6, "\x63\x68\x20\xc3\xac"},
    {0x62B7, "\x70\x20\xc4\xab"},
    {0x62B8, "\x6a\x20\x69\xc4\x81"},
    {0x62B9, "\x6d\x20\xc7\x92"},
    {0x62BA, "\x6d\x20\xc3\xa8\x69"},
    {0x62BB, "\x63\x68\x20\xc4\x93\x6e"},
    {0x62BC, "\x79\x20\xc4\x81"},
    {0x62BD, "\x63\x68\x20\xc5\x8d\x75"},
    {0x62BE, "\x71\x20\xc5\xab"},
    {0x62BF, "\x6d\x20\xc7\x90\x6e"},
    {0x62C0, "\x63\x68\x20\xc3\xb9"},
    {0x62C1, "\x6a\x20\x69\xc4\x81"},
    {0x62C2, "\x66\x20\xc3\xba"},
    {0x62C3, "\x7a\x68\x20\xc7\x8e"},
    {0x62C4, "\x7a\x68\x20\xc7\x94"},
    {0x62C5, "\x64\x20\xc4\x81\x6e"},
    {0x62C6, "\x63\x68\x20\xc4\x81\x69"},
    {0x62C7, "\x6d\x20\xc7\x94"},
    {0x62C8, "\x6e\x20\x69\xc4\x81\x6e"},
    {0x62C9, "\x6c\x20\xc4\x81"},
    {0x62CA, "\x66\x20\xc7\x94"},
    {0x62CB, "\x70\x20\xc4\x81\x6f"},
    {0x62CC, "\x62\x20\xc3\xa0\x6e"},
    {0x62CD, "\x70\x20\xc4\x81\x69"},
    {0x62CE, "\x6c\x20\xc4\xab\x6e"},
    {0x62CF, "\x6e\x20\xc3\xa1"},
    {0x62D0, "\x67\x20\x75\xc7\x8e\x69"},
    {0x62D1, "\x71\x20\x69\xc3\xa1\x6e"},
    {0x62D2, "\x6a\x20\xc3\xb9"},
    {0x62D3, "\x74\x20\x75\xc3\xb2"},
    {0x62D4, "\x62\x20\xc3\xa1"},
    {0x62D5, "\x74\x20\x75\xc5\x8d"},
    {0x62D6, "\x74\x20\x75\xc5\x8d"},
    {0x62D7, "\xc7\x8e\x6f"},
    {0x62D8, "\x6a\x20\xc5\xab"},
    {0x62D9, "\x7a\x68\x20\x75\xc5\x8d"},
    {0x62DA, "\x70\x20\xc3\xa0\x6e"},
    {0x62DB, "\x7a\x68\x20\xc4\x81\x6f"},
    {0x62DC, "\x62\x20\xc3\xa0\x69"},
    {0x62DD, "\x62\x20\xc3\xa0\x69"},
    {0x62DE, "\x64\x20\xc7\x90"},
    {0x62DF, "\x6e\x20\xc7\x90"},
    {0x62E0, "\x6a\x20\xc3\xb9"},
    {0x62E1, "\x6b\x20\x75\xc3\xb2"},
    {0x62E2, "\x6c\x20\xc7\x92\x6e\x67"},
    {0x62E3, "\x6a\x20\x69\xc7\x8e\x6e"},
    {0x62E4, "\x71\x20\x69\xc3\xa1"},
    {0x62E5, "\x79\x20\xc5\x8d\x6e\x67"},
    {0x62E6, "\x6c\x20\xc3\xa1\x6e"},
    {0x62E7, "\x6e\x20\xc3\xad\x6e\x67"},
    {0x62E8, "\x62\x20\xc5\x8d"},
    {0x62E9, "\x7a\x20\xc3\xa9"},
    {0x62EA, "\x71\x20\x69\xc4\x81\x6e"},
    {0x62EB, "\x68\x20\xc3\xa9\x6e"},
    {0x62EC, "\x6b\x20\x75\xc3\xb2"},
    {0x62ED, "\x73\x68\x20\xc3\xac"},
    {0x62EE, "\x6a\x20\x69\xc3\xa9"},
    {0x62EF, "\x7a\x68\x20\xc4\x9b\x6e\x67"},
    {0x62F0, "\x6e\x20\xc7\x90\x6e"},
    {0x62F1, "\x67\x20\xc7\x92\x6e\x67"},
    {0x62F2, "\x67\x20\xc7\x92\x6e\x67"},
    {0x62F3, "\x71\x20\x75\xc3\xa1\x6e"},
    {0x62F4, "\x73\x68\x20\x75\xc4\x81\x6e"},
    {0x62F5, "\x63\x20\xc3\xba\x6e"},
    {0x62F6, "\x7a\x20\xc4\x81"},
    {0x62F7, "\x6b\x20\xc7\x8e\x6f"},
    {0x62F8, "\x79\x20\xc3\xad"},
    {0x62F9, "\x78\x20\x69\xc3\xa9"},
    {0x62FA, "\x63\x20\xc3\xa8"},
    {0x62FB, "\x68\x20\x75\xc4\xab"},
    {0x62FC, "\x70\x20\xc4\xab\x6e"},
    {0x62FD, "\x7a\x68\x20\x75\xc4\x81\x69"},
    {0x62FE, "\x73\x68\x20\xc3\xad"},
    {0x62FF, "\x6e\x20\xc3\xa1"},
    {0x6300, "\x62\x20\xc4\x81\x69"},
    {0x6301, "\x63\x68\x20\xc3\xad"},
    {0x6302, "\x67\x20\x75\xc3\xa0"},
    {0x6303, "\x7a\x68\x20\xc3\xac"},
    {0x6304, "\x6b\x20\x75\xc3\xb2"},
    {0x6305, "\x64\x20\x75\xc7\x92"},
    {0x6306, "\x64\x20\x75\xc7\x92"},
    {0x6307, "\x7a\x68\x20\xc7\x90"},
    {0x6308, "\x71\x20\x69\xc3\xa8"},
    {0x6309, "\xc3\xa0\x6e"},
    {0x630A, "\x6e\x20\xc3\xb2\x6e\x67"},
    {0x630B, "\x7a\x68\x20\xc3\xa8\x6e"},
    {0x630C, "\x67\x20\xc3\xa9"},
    {0x630D, "\x6a\x20\x69\xc3\xa0\x6f"},
    {0x630E, "\x6b\x20\x75\xc3\xa0"},
    {0x630F, "\x64\x20\xc3\xb2\x6e\x67"},
    {0x6310, "\x6e\x20\xc3\xa1"},
    {0x6311, "\x74\x20\x69\xc4\x81\x6f"},
    {0x6312, "\x6c\x20\x69\xc3\xa8"},
    {0x6313, "\x7a\x68\x20\xc4\x81"},
    {0x6314, "\x6c\x20\xc7\x9a"},
    {0x6315, "\x64\x20\x69\xc3\xa9"},
    {0x6316, "\x77\x20\xc4\x81"},
    {0x6317, "\x6a\x20\x75\xc3\xa9"},
    {0x6318, "\x6c\x20\x69\xc4\x9b"},
    {0x6319, "\x6a\x20\xc7\x94"},
    {0x631A, "\x7a\x68\x20\xc3\xac"},
    {0x631B, "\x6c\x20\x75\xc3\xa1\x6e"},
    {0x631C, "\x79\x20\xc3\xa0"},
    {0x631D, "\x77\x20\xc5\x8d"},
    {0x631E, "\x74\x20\xc3\xa0"},
    {0x631F, "\x78\x20\x69\xc3\xa9"},
    {0x6320, "\x6e\x20\xc3\xa1\x6f"},
    {0x6321, "\x64\x20\xc7\x8e\x6e\x67"},
    {0x6322, "\x6a\x20\x69\xc7\x8e\x6f"},
    {0x6323, "\x7a\x68\x20\xc4\x93\x6e\x67"},
    {0x6324, "\x6a\x20\xc7\x90"},
    {0x6325, "\x68\x20\x75\xc4\xab"},
    {0x6326, "\x78\x20\x69\xc3\xa1\x6e"},
    {0x6327, "\x79\x20\xc7\x94"},
    {0x6328, "\xc4\x81\x69"},
    {0x6329, "\x74\x20\x75\xc5\x8d"},
    {0x632A, "\x6e\x20\x75\xc3\xb3"},
    {0x632B, "\x63\x20\x75\xc3\xb2"},
    {0x632C, "\x62\x20\xc3\xb3"},
    {0x632D, "\x67\x20\xc4\x9b\x6e\x67"},
    {0x632E, "\x74\x20\xc7\x90"},
    {0x632F, "\x7a\x68\x20\xc3\xa8\x6e"},
    {0x6330, "\x63\x68\x20\xc3\xa9\x6e\x67"},
    {0x6331, "\x73\x20\xc4\x81"},
    {0x6332, "\x73\x20\xc4\x81"},
    {0x6333, "\x6b\x20\xc4\x93\x6e\x67"},
    {0x6334, "\x6d\x20\xc4\x9b\x69"},
    {0x6335, "\x6e\x20\xc3\xb2\x6e\x67"},
    {0x6336, "\x6a\x20\xc5\xab"},
    {0x6337, "\x70\x20\xc3\xa9\x6e\x67"},
    {0x6338, "\x6a\x20\x69\xc7\x8e\x6e"},
    {0x6339, "\x79\x20\xc3\xac"},
    {0x633A, "\x74\x20\xc7\x90\x6e\x67"},
    {0x633B, "\x73\x68\x20\xc4\x81\x6e"},
    {0x633C, "\x72\x20\x75\xc3\xa1"},
    {0x633D, "\x77\x20\xc7\x8e\x6e"},
    {0x633E, "\x78\x20\x69\xc3\xa9"},
    {0x633F, "\x63\x68\x20\xc4\x81"},
    {0x6340, "\x66\x20\xc3\xa9\x6e\x67"},
    {0x6341, "\x6a\x20\x69\xc7\x8e\x6f"},
    {0x6342, "\x77\x20\xc7\x94"},
    {0x6343, "\x6a\x20\xc3\xb9\x6e"},
    {0x6344, "\x6a\x20\x69\xc3\xb9"},
    {0x6345, "\x74\x20\xc7\x92\x6e\x67"},
    {0x6346, "\x6b\x20\xc7\x94\x6e"},
    {0x6347, "\x68\x20\x75\xc3\xb2"},
    {0x6348, "\x74\x20\xc3\xba"},
    {0x6349, "\x7a\x68\x20\x75\xc5\x8d"},
    {0x634A, "\x70\x20\xc3\xb3\x75"},
    {0x634B, "\x6c\x20\xc7\x9a"},
    {0x634C, "\x62\x20\xc4\x81"},
    {0x634D, "\x68\x20\xc3\xa0\x6e"},
    {0x634E, "\x73\x68\x20\xc4\x81\x6f"},
    {0x634F, "\x6e\x20\x69\xc4\x93"},
    {0x6350, "\x6a\x20\x75\xc4\x81\x6e"},
    {0x6351, "\x7a\x20\xc3\xa8"},
    {0x6352, "\x73\x68\x20\xc3\xb9"},
    {0x6353, "\x79\x20\xc3\xa9"},
    {0x6354, "\x6a\x20\x75\xc3\xa9"},
    {0x6355, "\x62\x20\xc7\x94"},
    {0x6356, "\x77\x20\xc3\xa1\x6e"},
    {0x6357, "\x62\x20\xc3\xb9"},
    {0x6358, "\x7a\x20\xc3\xb9\x6e"},
    {0x6359, "\x79\x20\xc3\xa8"},
    {0x635A, "\x7a\x68\x20\xc4\x81\x69"},
    {0x635B, "\x6c\x20\xc7\x9a"},
    {0x635C, "\x73\x20\xc5\x8d\x75"},
    {0x635D, "\x74\x20\x75\xc5\x8d"},
    {0x635E, "\x6c\x20\xc4\x81\x6f"},
    {0x635F, "\x73\x20\xc7\x94\x6e"},
    {0x6360, "\x62\x20\xc4\x81\x6e\x67"},
    {0x6361, "\x6a\x20\x69\xc7\x8e\x6e"},
    {0x6362, "\x68\x20\x75\xc3\xa0\x6e"},
    {0x6363, "\x64\x20\xc7\x8e\x6f"},
    {0x6364, "\x77\x20\xc4\x9b\x69"},
    {0x6365, "\x77\x20\xc3\xa0\x6e"},
    {0x6366, "\x71\x20\xc3\xad\x6e"},
    {0x6367, "\x70\x20\xc4\x9b\x6e\x67"},
    {0x6368, "\x73\x68\x20\xc4\x9b"},
    {0x6369, "\x6c\x20\x69\xc3\xa8"},
    {0x636A, "\x6d\x20\xc3\xad\x6e"},
    {0x636B, "\x6d\x20\xc3\xa9\x6e"},
    {0x636C, "\x66\x20\xc7\x94"},
    {0x636D, "\x62\x20\xc7\x8e\x69"},
    {0x636E, "\x6a\x20\xc3\xb9"},
    {0x636F, "\x64\x20\xc3\xa1\x6f"},
    {0x6370, "\x77\x20\xc7\x92"},
    {0x6371, "\xc3\xa1\x69"},
    {0x6372, "\x6a\x20\x75\xc7\x8e\x6e"},
    {0x6373, "\x79\x20\x75\xc3\xa8"},
    {0x6374, "\x7a\x20\xc7\x92\x6e\x67"},
    {0x6375, "\x63\x68\x20\xc4\x93\x6e"},
    {0x6376, "\x63\x68\x20\x75\xc3\xad"},
    {0x6377, "\x6a\x20\x69\xc3\xa9"},
    {0x6378, "\x74\x20\xc5\xab"},
    {0x6379, "\x62\x20\xc3\xa8\x6e"},
    {0x637A, "\x6e\x20\xc3\xa0"},
    {0x637B, "\x6e\x20\x69\xc7\x8e\x6e"},
    {0x637C, "\x72\x20\x75\xc3\xb3"},
    {0x637D, "\x7a\x20\x75\xc3\xb3"},
    {0x637E, "\x77\x20\xc3\xb2"},
    {0x637F, "\x71\x20\xc4\xab"},
    {0x6380, "\x78\x20\x69\xc4\x81\x6e"},
    {0x6381, "\x63\x68\x20\xc3\xa9\x6e\x67"},
    {0x6382, "\x64\x20\x69\xc4\x81\x6e"},
    {0x6383, "\x73\x20\xc7\x8e\x6f"},
    {0x6384, "\x6c\x20\xc5\xab\x6e"},
    {0x6385, "\x71\x20\xc3\xac\x6e\x67"},
    {0x6386, "\x67\x20\xc4\x81\x6e\x67"},
    {0x6387, "\x64\x20\x75\xc5\x8d"},
    {0x6388, "\x73\x68\x20\xc3\xb2\x75"},
    {0x6389, "\x64\x20\x69\xc3\xa0\x6f"},
    {0x638A, "\x70\x20\xc3\xb3\x75"},
    {0x638B, "\x64\x20\xc7\x90"},
    {0x638C, "\x7a\x68\x20\xc7\x8e\x6e\x67"},
    {0x638D, "\x68\x20\xc3\xb9\x6e"},
    {0x638E, "\x6a\x20\xc7\x90"},
    {0x638F, "\x74\x20\xc4\x81\x6f"},
    {0x6390, "\x71\x20\x69\xc4\x81"},
    {0x6391, "\x71\x20\xc3\xad"},
    {0x6392, "\x70\x20\xc3\xa1\x69"},
    {0x6393, "\x73\x68\x20\xc5\xab"},
    {0x6394, "\x71\x20\x69\xc4\x81\x6e"},
    {0x6395, "\x6c\x20\xc3\xad\x6e\x67"},
    {0x6396, "\x79\x20\xc4\x93"},
    {0x6397, "\x79\x20\xc3\xa0"},
    {0x6398, "\x6a\x20\x75\xc3\xa9"},
    {0x6399, "\x7a\x68\x20\xc4\x93\x6e\x67"},
    {0x639A, "\x6c\x20\x69\xc7\x8e\x6e\x67"},
    {0x639B, "\x67\x20\x75\xc3\xa0"},
    {0x639C, "\x79\x20\xc3\xac"},
    {0x639D, "\x68\x20\x75\xc3\xb2"},
    {0x639E, "\x73\x68\x20\xc3\xa0\x6e"},
    {0x639F, "\x7a\x68\x20\xc4\x9b\x6e\x67"},
    {0x63A0, "\x6c\x20\xc3\xbc\xc3\xa8"},
    {0x63A1, "\x63\x20\xc7\x8e\x69"},
    {0x63A2, "\x74\x20\xc3\xa0\x6e"},
    {0x63A3, "\x63\x68\x20\xc3\xa8"},
    {0x63A4, "\x62\x20\xc4\xab\x6e\x67"},
    {0x63A5, "\x6a\x20\x69\xc4\x93"},
    {0x63A6, "\x74\x20\xc3\xac"},
    {0x63A7, "\x6b\x20\xc3\xb2\x6e\x67"},
    {0x63A8, "\x74\x20\x75\xc4\xab"},
    {0x63A9, "\x79\x20\xc7\x8e\x6e"},
    {0x63AA, "\x63\x20\x75\xc3\xb2"},
    {0x63AB, "\x7a\x68\x20\xc5\x8d\x75"},
    {0x63AC, "\x6a\x20\xc5\xab"},
    {0x63AD, "\x74\x20\x69\xc3\xa0\x6e"},
    {0x63AE, "\x71\x20\x69\xc3\xa1\x6e"},
    {0x63AF, "\x6b\x20\xc3\xa8\x6e"},
    {0x63B0, "\x62\x20\xc4\x81\x69"},
    {0x63B1, "\x70\x20\xc3\xa1"},
    {0x63B2, "\x6a\x20\x69\xc4\x93"},
    {0x63B3, "\x6c\x20\xc7\x94"},
    {0x63B4, "\x67\x20\x75\xc4\x81\x69"},
    {0x63B5, "\x6d\x20\x69\x6e\x67"},
    {0x63B6, "\x6a\x20\x69\xc3\xa9"},
    {0x63B7, "\x7a\x68\x20\xc3\xac"},
    {0x63B8, "\x64\x20\xc7\x8e\x6e"},
    {0x63B9, "\x6d\x20\x65\x6e\x67"},
    {0x63BA, "\x63\x20\xc3\xa0\x6e"},
    {0x63BB, "\x73\x20\xc4\x81\x6f"},
    {0x63BC, "\x67\x20\x75\xc3\xa0\x6e"},
    {0x63BD, "\x70\x20\xc3\xa8\x6e\x67"},
    {0x63BE, "\x79\x20\x75\xc3\xa0\x6e"},
    {0x63BF, "\x6e\x20\x75\xc3\xb2"},
    {0x63C0, "\x6a\x20\x69\xc7\x8e\x6e"},
    {0x63C1, "\x7a\x68\x20\xc4\x93\x6e\x67"},
    {0x63C2, "\x6a\x20\x69\xc5\xab"},
    {0x63C3, "\x6a\x20\x69\xc7\x8e\x6e"},
    {0x63C4, "\x79\x20\xc3\xba"},
    {0x63C5, "\x79\x20\xc3\xa1\x6e"},
    {0x63C6, "\x6b\x20\x75\xc3\xad"},
    {0x63C7, "\x6e\x20\xc7\x8e\x6e"},
    {0x63C8, "\x68\x20\xc5\x8d\x6e\x67"},
    {0x63C9, "\x72\x20\xc3\xb3\x75"},
    {0x63CA, "\x70\x20\xc3\xac"},
    {0x63CB, "\x77\x20\xc4\x93\x69"},
    {0x63CC, "\x73\x20\xc4\x81\x69"},
    {0x63CD, "\x7a\x20\xc3\xb2\x75"},
    {0x63CE, "\x78\x20\x75\xc4\x81\x6e"},
    {0x63CF, "\x6d\x20\x69\xc3\xa1\x6f"},
    {0x63D0, "\x74\x20\xc3\xad"},
    {0x63D1, "\x6e\x20\x69\xc4\x93"},
    {0x63D2, "\x63\x68\x20\xc4\x81"},
    {0x63D3, "\x73\x68\x20\xc3\xac"},
    {0x63D4, "\x7a\x20\xc7\x92\x6e\x67"},
    {0x63D5, "\x7a\x68\x20\xc3\xa8\x6e"},
    {0x63D6, "\x79\x20\xc4\xab"},
    {0x63D7, "\x78\x20\xc3\xba\x6e"},
    {0x63D8, "\x79\x20\xc3\xb3\x6e\x67"},
    {0x63D9, "\x62\x20\x69\xc4\x81\x6e"},
    {0x63DA, "\x79\x20\xc3\xa1\x6e\x67"},
    {0x63DB, "\x68\x20\x75\xc3\xa0\x6e"},
    {0x63DC, "\x79\x20\xc7\x8e\x6e"},
    {0x63DD, "\x7a\x20\xc7\x8e\x6e"},
    {0x63DE, "\xc7\x8e\x6e"},
    {0x63DF, "\x78\x20\xc5\xab"},
    {0x63E0, "\x79\x20\xc3\xa0"},
    {0x63E1, "\x77\x20\xc3\xb2"},
    {0x63E2, "\x6b\x20\xc3\xa9"},
    {0x63E3, "\x63\x68\x20\x75\xc4\x81\x69"},
    {0x63E4, "\x6a\x20\xc3\xad"},
    {0x63E5, "\x74\x20\xc3\xac"},
    {0x63E6, "\x6c\x20\xc3\xa1"},
    {0x63E7, "\x6c\x20\xc3\xa0"},
    {0x63E8, "\x63\x68\x20\xc3\xa9\x6e"},
    {0x63E9, "\x6b\x20\xc4\x81\x69"},
    {0x63EA, "\x6a\x20\x69\xc5\xab"},
    {0x63EB, "\x6a\x20\x69\xc5\xab"},
    {0x63EC, "\x74\x20\xc3\xba"},
    {0x63ED, "\x6a\x20\x69\xc4\x93"},
    {0x63EE, "\x68\x20\x75\xc4\xab"},
    {0x63EF, "\x67\x20\xc3\xa8\x6e"},
    {0x63F0, "\x63\x68\x20\xc3\xb2\x6e\x67"},
    {0x63F1, "\x78\x20\x69\xc4\x81\x6f"},
    {0x63F2, "\x64\x20\x69\xc3\xa9"},
    {0x63F3, "\x78\x20\x69\xc4\x93"},
    {0x63F4, "\x79\x20\x75\xc3\xa1\x6e"},
    {0x63F5, "\x71\x20\x69\xc3\xa1\x6e"},
    {0x63F6, "\x79\x20\xc3\xa9"},
    {0x63F7, "\x63\x68\x20\xc4\x81"},
    {0x63F8, "\x7a\x68\x20\xc4\x81"},
    {0x63F9, "\x62\x20\xc4\x93\x69"},
    {0x63FA, "\x79\x20\xc3\xa1\x6f"},
    {0x63FB, "\x77\x20\xc4\x93\x69"},
    {0x63FC, "\x62\x20\x65\x6e\x67"},
    {0x63FD, "\x6c\x20\xc7\x8e\x6e"},
    {0x63FE, "\x77\x20\xc3\xa8\x6e"},
    {0x63FF, "\x71\x20\xc3\xac\x6e"},
    {0x6400, "\x63\x68\x20\xc4\x81\x6e"},
    {0x6401, "\x67\x20\xc4\x93"},
    {0x6402, "\x6c\x20\xc7\x92\x75"},
    {0x6403, "\x7a\x20\xc7\x92\x6e\x67"},
    {0x6404, "\x67\x20\xc3\xa8\x6e"},
    {0x6405, "\x6a\x20\x69\xc7\x8e\x6f"},
    {0x6406, "\x67\x20\xc3\xb2\x75"},
    {0x6407, "\x71\x20\xc3\xac\x6e"},
    {0x6408, "\x72\x20\xc3\xb3\x6e\x67"},
    {0x6409, "\x71\x20\x75\xc3\xa8"},
    {0x640A, "\x63\x68\x20\xc5\x8d\x75"},
    {0x640B, "\x63\x68\x20\x75\xc4\x81\x69"},
    {0x640C, "\x7a\x68\x20\xc7\x8e\x6e"},
    {0x640D, "\x73\x20\xc7\x94\x6e"},
    {0x640E, "\x73\x20\xc5\xab\x6e"},
    {0x640F, "\x62\x20\xc3\xb3"},
    {0x6410, "\x63\x68\x20\xc3\xb9"},
    {0x6411, "\x72\x20\xc3\xb3\x6e\x67"},
    {0x6412, "\x62\x20\xc3\xa0\x6e\x67"},
    {0x6413, "\x63\x20\x75\xc5\x8d"},
    {0x6414, "\x73\x20\xc4\x81\x6f"},
    {0x6415, "\x6b\x20\xc4\x93"},
    {0x6416, "\x79\x20\xc3\xa1\x6f"},
    {0x6417, "\x64\x20\xc7\x8e\x6f"},
    {0x6418, "\x7a\x68\x20\xc4\xab"},
    {0x6419, "\x6e\x20\xc3\xb9"},
    {0x641A, "\x6c\x20\xc4\x81"},
    {0x641B, "\x6a\x20\x69\xc4\x81\x6e"},
    {0x641C, "\x73\x20\xc5\x8d\x75"},
    {0x641D, "\x71\x20\x69\xc7\x94"},
    {0x641E, "\x67\x20\xc7\x8e\x6f"},
    {0x641F, "\x78\x20\x69\xc7\x8e\x6e"},
    {0x6420, "\x73\x68\x20\x75\xc3\xb2"},
    {0x6421, "\x73\x20\xc7\x8e\x6e\x67"},
    {0x6422, "\x6a\x20\xc3\xac\x6e"},
    {0x6423, "\x6d\x20\x69\xc3\xa8"},
    {0x6424, "\xc3\xa8"},
    {0x6425, "\x63\x68\x20\x75\xc3\xad"},
    {0x6426, "\x6e\x20\x75\xc3\xb2"},
    {0x6427, "\x73\x68\x20\xc4\x81\x6e"},
    {0x6428, "\x74\x20\xc3\xa0"},
    {0x6429, "\x7a\x68\x20\xc7\x8e"},
    {0x642A, "\x74\x20\xc3\xa1\x6e\x67"},
    {0x642B, "\x70\x20\xc3\xa1\x6e"},
    {0x642C, "\x62\x20\xc4\x81\x6e"},
    {0x642D, "\x64\x20\xc4\x81"},
    {0x642E, "\x6c\x20\xc3\xac"},
    {0x642F, "\x74\x20\xc4\x81\x6f"},
    {0x6430, "\x68\x20\xc3\xba"},
    {0x6431, "\x7a\x68\x20\xc3\xac"},
    {0x6432, "\x77\x20\xc4\x81"},
    {0x6433, "\x68\x20\x75\xc3\xa1"},
    {0x6434, "\x71\x20\x69\xc4\x81\x6e"},
    {0x6435, "\x77\x20\xc3\xa8\x6e"},
    {0x6436, "\x71\x20\x69\xc7\x8e\x6e\x67"},
    {0x6437, "\x74\x20\x69\xc3\xa1\x6e"},
    {0x6438, "\x7a\x68\x20\xc4\x93\x6e"},
    {0x6439, "\xc3\xa8"},
    {0x643A, "\x78\x20\x69\xc3\xa9"},
    {0x643B, "\x6e\x20\x75\xc3\xb2"},
    {0x643C, "\x71\x20\x75\xc3\xa1\x6e"},
    {0x643D, "\x63\x68\x20\xc3\xa1"},
    {0x643E, "\x7a\x68\x20\xc3\xa0"},
    {0x643F, "\x67\x20\xc3\xa9"},
    {0x6440, "\x77\x20\xc7\x94"},
    {0x6441, "\xc3\xa8\x6e"},
    {0x6442, "\x73\x68\x20\xc3\xa8"},
    {0x6443, "\x6b\x20\xc3\xa1\x6e\x67"},
    {0x6444, "\x73\x68\x20\xc3\xa8"},
    {0x6445, "\x73\x68\x20\xc5\xab"},
    {0x6446, "\x62\x20\xc7\x8e\x69"},
    {0x6447, "\x79\x20\xc3\xa1\x6f"},
    {0x6448, "\x62\x20\xc3\xac\x6e"},
    {0x6449, "\x73\x20\xc5\x8d\x75"},
    {0x644A, "\x74\x20\xc4\x81\x6e"},
    {0x644B, "\x73\x20\xc3\xa0"},
    {0x644C, "\x63\x68\x20\xc7\x8e\x6e"},
    {0x644D, "\x73\x20\x75\xc5\x8d"},
    {0x644E, "\x6a\x20\x69\xc5\xab"},
    {0x644F, "\x63\x68\x20\xc5\x8d\x6e\x67"},
    {0x6450, "\x63\x68\x20\x75\xc4\x81\x6e\x67"},
    {0x6451, "\x67\x20\x75\xc4\x81\x69"},
    {0x6452, "\x62\x20\xc7\x90\x6e\x67"},
    {0x6453, "\x66\x20\xc3\xa9\x6e\x67"},
    {0x6454, "\x73\x68\x20\x75\xc4\x81\x69"},
    {0x6455, "\x64\x20\xc3\xac"},
    {0x6456, "\x71\x20\xc3\xac"},
    {0x6457, "\x73\x20\xc5\x8d\x75"},
    {0x6458, "\x7a\x68\x20\xc4\x81\x69"},
    {0x6459, "\x6c\x20\x69\xc7\x8e\x6e"},
    {0x645A, "\x63\x68\x20\xc4\x93\x6e\x67"},
    {0x645B, "\x63\x68\x20\xc4\xab"},
    {0x645C, "\x67\x20\x75\xc3\xa0\x6e"},
    {0x645D, "\x6c\x20\xc3\xb9"},
    {0x645E, "\x6c\x20\x75\xc3\xb2"},
    {0x645F, "\x6c\x20\xc7\x92\x75"},
    {0x6460, "\x7a\x20\xc7\x92\x6e\x67"},
    {0x6461, "\x67\x20\xc3\xa0\x69"},
    {0x6462, "\x68\x20\xc3\xb9"},
    {0x6463, "\x7a\x68\x20\xc4\x81"},
    {0x6464, "\x63\x68\x20\x75\xc7\x8e\x6e\x67"},
    {0x6465, "\x74\x20\xc3\xa0\x6e\x67"},
    {0x6466, "\x68\x20\x75\xc3\xa0"},
    {0x6467, "\x63\x20\x75\xc4\xab"},
    {0x6468, "\x6e\x20\xc3\xa1\x69"},
    {0x6469, "\x6d\x20\xc3\xb3"},
    {0x646A, "\x6a\x20\x69\xc4\x81\x6e\x67"},
    {0x646B, "\x67\x20\x75\xc4\xab"},
    {0x646C, "\x79\x20\xc7\x90\x6e\x67"},
    {0x646D, "\x7a\x68\x20\xc3\xad"},
    {0x646E, "\xc3\xa1\x6f"},
    {0x646F, "\x7a\x68\x20\xc3\xac"},
    {0x6470, "\x6e\x20\x69\xc3\xa8"},
    {0x6471, "\x6d\x20\xc3\xa0\x6e"},
    {0x6472, "\x63\x68\x20\xc3\xa0\x6e"},
    {0x6473, "\x6b\x20\xc5\x8d\x75"},
    {0x6474, "\x63\x68\x20\xc5\xab"},
    {0x6475, "\x73\x68\x20\xc3\xa8"},
    {0x6476, "\x74\x20\x75\xc3\xa1\x6e"},
    {0x6477, "\x6a\x20\x69\xc7\x8e\x6f"},
    {0x6478, "\x6d\x20\xc5\x8d"},
    {0x6479, "\x6d\x20\xc3\xb3"},
    {0x647A, "\x7a\x68\x20\xc3\xa9"},
    {0x647B, "\x63\x20\xc3\xa0\x6e"},
    {0x647C, "\x6b\x20\xc4\x93\x6e\x67"},
    {0x647D, "\x62\x20\x69\xc4\x81\x6f"},
    {0x647E, "\x6a\x20\x69\xc3\xa0\x6e\x67"},
    {0x647F, "\x79\x20\xc3\xa1\x6f"},
    {0x6480, "\x67\x20\xc3\xb2\x75"},
    {0x6481, "\x71\x20\x69\xc4\x81\x6e"},
    {0x6482, "\x6c\x20\x69\xc3\xa0\x6f"},
    {0x6483, "\x6a\x20\xc4\xab"},
    {0x6484, "\x79\x20\xc4\xab\x6e\x67"},
    {0x6485, "\x6a\x20\x75\xc4\x93"},
    {0x6486, "\x70\x20\x69\xc4\x93"},
    {0x6487, "\x70\x20\x69\xc4\x93"},
    {0x6488, "\x6c\x20\xc4\x81\x6f"},
    {0x6489, "\x64\x20\xc5\xab\x6e"},
    {0x648A, "\x78\x20\x69\xc3\xa0\x6e"},
    {0x648B, "\x72\x20\x75\xc3\xa1\x6e"},
    {0x648C, "\x67\x20\x75\xc3\xac"},
    {0x648D, "\x7a\x20\xc7\x8e\x6e"},
    {0x648E, "\x79\x20\xc3\xac"},
    {0x648F, "\x78\x20\x69\xc3\xa1\x6e"},
    {0x6490, "\x63\x68\x20\xc4\x93\x6e\x67"},
    {0x6491, "\x63\x68\x20\xc4\x93\x6e\x67"},
    {0x6492, "\x73\x20\xc4\x81"},
    {0x6493, "\x6e\x20\xc3\xa1\x6f"},
    {0x6494, "\x68\x20\xc3\xb2\x6e\x67"},
    {0x6495, "\x73\x20\xc4\xab"},
    {0x6496, "\x68\x20\xc3\xa0\x6e"},
    {0x6497, "\x67\x20\x75\xc3\xa0\x6e\x67"},
    {0x6498, "\x64\x20\xc4\x81"},
    {0x6499, "\x7a\x20\xc7\x94\x6e"},
    {0x649A, "\x6e\x20\x69\xc7\x8e\x6e"},
    {0x649B, "\x6c\x20\xc7\x90\x6e"},
    {0x649C, "\x7a\x68\x20\xc4\x9b\x6e\x67"},
    {0x649D, "\x68\x20\x75\xc4\xab"},
    {0x649E, "\x7a\x68\x20\x75\xc3\xa0\x6e\x67"},
    {0x649F, "\x6a\x20\x69\xc7\x8e\x6f"},
    {0x64A0, "\x6a\x20\xc7\x90"},
    {0x64A1, "\x63\x20\xc4\x81\x6f"},
    {0x64A2, "\x64\x20\xc7\x8e\x6e"},
    {0x64A3, "\x64\x20\xc7\x8e\x6e"},
    {0x64A4, "\x63\x68\x20\xc3\xa8"},
    {0x64A5, "\x62\x20\xc5\x8d"},
    {0x64A6, "\x63\x68\x20\xc4\x9b"},
    {0x64A7, "\x6a\x20\x75\xc4\x93"},
    {0x64A8, "\x66\x20\xc7\x94"},
    {0x64A9, "\x6c\x20\x69\xc4\x81\x6f"},
    {0x64AA, "\x62\x20\xc3\xa8\x6e"},
    {0x64AB, "\x66\x20\xc7\x94"},
    {0x64AC, "\x71\x20\x69\xc3\xa0\x6f"},
    {0x64AD, "\x62\x20\xc5\x8d"},
    {0x64AE, "\x63\x20\x75\xc5\x8d"},
    {0x64AF, "\x7a\x68\x20\x75\xc3\xb3"},
    {0x64B0, "\x7a\x68\x20\x75\xc3\xa0\x6e"},
    {0x64B1, "\x77\x20\xc4\x9b\x69"},
    {0x64B2, "\x70\x20\xc5\xab"},
    {0x64B3, "\x71\x20\xc3\xac\x6e"},
    {0x64B4, "\x64\x20\xc5\xab\x6e"},
    {0x64B5, "\x6e\x20\x69\xc7\x8e\x6e"},
    {0x64B6, "\x68\x20\x75\xc3\xa1"},
    {0x64B7, "\x78\x20\x69\xc3\xa9"},
    {0x64B8, "\x6c\x20\xc5\xab"},
    {0x64B9, "\x6a\x20\x69\xc7\x8e\x6f"},
    {0x64BA, "\x63\x20\x75\xc4\x81\x6e"},
    {0x64BB, "\x74\x20\xc3\xa0"},
    {0x64BC, "\x68\x20\xc3\xa0\x6e"},
    {0x64BD, "\x71\x20\x69\xc3\xa0\x6f"},
    {0x64BE, "\x77\x20\xc5\x8d"},
    {0x64BF, "\x6a\x20\x69\xc7\x8e\x6e"},
    {0x64C0, "\x67\x20\xc7\x8e\x6e"},
    {0x64C1, "\x79\x20\xc5\x8d\x6e\x67"},
    {0x64C2, "\x6c\x20\xc3\xa9\x69"},
    {0x64C3, "\x6e\x20\xc7\x8e\x6e\x67"},
    {0x64C4, "\x6c\x20\xc7\x94"},
    {0x64C5, "\x73\x68\x20\xc3\xa0\x6e"},
    {0x64C6, "\x7a\x68\x20\x75\xc3\xb3"},
    {0x64C7, "\x7a\x20\xc3\xa9"},
    {0x64C8, "\x70\x20\xc5\xab"},
    {0x64C9, "\x63\x68\x20\x75\xc3\xb2"},
    {0x64CA, "\x6a\x20\xc4\xab"},
    {0x64CB, "\x64\x20\xc7\x8e\x6e\x67"},
    {0x64CC, "\x73\x20\xc3\xa8"},
    {0x64CD, "\x63\x20\xc4\x81\x6f"},
    {0x64CE, "\x71\x20\xc3\xad\x6e\x67"},
    {0x64CF, "\x71\x20\xc3\xad\x6e\x67"},
    {0x64D0, "\x68\x20\x75\xc3\xa0\x6e"},
    {0x64D1, "\x6a\x20\x69\xc4\x93"},
    {0x64D2, "\x71\x20\xc3\xad\x6e"},
    {0x64D3, "\x6b\x20\x75\xc7\x8e\x69"},
    {0x64D4, "\x64\x20\xc4\x81\x6e"},
    {0x64D5, "\x78\x20\x69\xc3\xa9"},
    {0x64D6, "\x6b\x20\xc4\x81"},
    {0x64D7, "\x70\x20\xc7\x90"},
    {0x64D8, "\x62\x20\xc4\x81\x69"},
    {0x64D9, "\xc3\xa0\x6f"},
    {0x64DA, "\x6a\x20\xc3\xb9"},
    {0x64DB, "\x79\x20\xc3\xa8"},
    {0x64DC, "\xc3\xa8"},
    {0x64DD, "\x6d\x20\xc4\x93\x6e\x67"},
    {0x64DE, "\x73\x20\xc7\x92\x75"},
    {0x64DF, "\x6d\x20\xc3\xad"},
    {0x64E0, "\x6a\x20\xc7\x90"},
    {0x64E1, "\x74\x20\xc3\xa1\x69"},
    {0x64E2, "\x7a\x68\x20\x75\xc3\xb3"},
    {0x64E3, "\x64\x20\xc7\x8e\x6f"},
    {0x64E4, "\x78\x20\xc7\x90\x6e\x67"},
    {0x64E5, "\x6c\x20\xc7\x8e\x6e"},
    {0x64E6, "\x63\x20\xc4\x81"},
    {0x64E7, "\x6a\x20\xc7\x94"},
    {0x64E8, "\x79\x20\xc3\xa9"},
    {0x64E9, "\x72\x20\xc7\x94"},
    {0x64EA, "\x79\x20\xc3\xa8"},
    {0x64EB, "\x79\x20\xc3\xa8"},
    {0x64EC, "\x6e\x20\xc7\x90"},
    {0x64ED, "\x77\x20\xc3\xb2"},
    {0x64EE, "\x6a\x20\x69\xc3\xa9"},
    {0x64EF, "\x62\x20\xc3\xac\x6e"},
    {0x64F0, "\x6e\x20\xc3\xad\x6e\x67"},
    {0x64F1, "\x67\x20\xc4\x93"},
    {0x64F2, "\x7a\x68\x20\xc3\xac"},
    {0x64F3, "\x7a\x68\x20\xc3\xac"},
    {0x64F4, "\x6b\x20\x75\xc3\xb2"},
    {0x64F5, "\x6d\x20\xc3\xb3"},
    {0x64F6, "\x6a\x20\x69\xc3\xa0\x6e"},
    {0x64F7, "\x78\x20\x69\xc3\xa9"},
    {0x64F8, "\x6c\x20\x69\xc3\xa8"},
    {0x64F9, "\x74\x20\xc4\x81\x6e"},
    {0x64FA, "\x62\x20\xc7\x8e\x69"},
    {0x64FB, "\x73\x20\xc7\x92\x75"},
    {0x64FC, "\x6c\x20\xc7\x94"},
    {0x64FD, "\x6c\x20\xc3\xbc\xc3\xa8"},
    {0x64FE, "\x72\x20\xc7\x8e\x6f"},
    {0x64FF, "\x74\x20\xc4\xab"},
    {0x6500, "\x70\x20\xc4\x81\x6e"},
    {0x6501, "\x79\x20\xc7\x8e\x6e\x67"},
    {0x6502, "\x6c\x20\xc3\xa8\x69"},
    {0x6503, "\x63\x20\xc4\x81"},
    {0x6504, "\x73\x68\x20\xc5\xab"},
    {0x6505, "\x7a\x20\xc7\x8e\x6e"},
    {0x6506, "\x6e\x20\x69\xc7\x8e\x6e"},
    {0x6507, "\x78\x20\x69\xc7\x8e\x6e"},
    {0x6508, "\x6a\x20\xc3\xb9\x6e"},
    {0x6509, "\x68\x20\x75\xc5\x8d"},
    {0x650A, "\x6c\x20\xc3\xac"},
    {0x650B, "\x6c\x20\xc3\xa0"},
    {0x650C, "\x68\x20\x75\xc7\x8e\x6e"},
    {0x650D, "\x79\x20\xc3\xad\x6e\x67"},
    {0x650E, "\x6c\x20\xc3\xba"},
    {0x650F, "\x6c\x20\xc7\x92\x6e\x67"},
    {0x6510, "\x71\x20\x69\xc4\x81\x6e"},
    {0x6511, "\x71\x20\x69\xc4\x81\x6e"},
    {0x6512, "\x7a\x20\xc7\x8e\x6e"},
    {0x6513, "\x71\x20\x69\xc4\x81\x6e"},
    {0x6514, "\x6c\x20\xc3\xa1\x6e"},
    {0x6515, "\x78\x20\x69\xc4\x81\x6e"},
    {0x6516, "\x79\x20\xc4\xab\x6e\x67"},
    {0x6517, "\x6d\x20\xc3\xa9\x69"},
    {0x6518, "\x72\x20\xc7\x8e\x6e\x67"},
    {0x6519, "\x63\x68\x20\xc4\x81\x6e"},
    {0x651A, "\x77\x20\xc4\x9b\x6e\x67"},
    {0x651B, "\x63\x20\x75\xc4\x81\x6e"},
    {0x651C, "\x78\x20\x69\xc3\xa9"},
    {0x651D, "\x73\x68\x20\xc3\xa8"},
    {0x651E, "\x6c\x20\x75\xc3\xb3"},
    {0x651F, "\x6a\x20\xc3\xb9\x6e"},
    {0x6520, "\x6d\x20\xc3\xad"},
    {0x6521, "\x63\x68\x20\xc4\xab"},
    {0x6522, "\x7a\x20\xc7\x8e\x6e"},
    {0x6523, "\x6c\x20\x75\xc3\xa1\x6e"},
    {0x6524, "\x74\x20\xc4\x81\x6e"},
    {0x6525, "\x7a\x20\x75\xc3\xa0\x6e"},
    {0x6526, "\x6c\x20\xc3\xac"},
    {0x6527, "\x64\x20\x69\xc4\x81\x6e"},
    {0x6528, "\x77\x20\xc4\x81"},
    {0x6529, "\x64\x20\xc7\x8e\x6e\x67"},
    {0x652A, "\x6a\x20\x69\xc7\x8e\x6f"},
    {0x652B, "\x6a\x20\x75\xc3\xa9"},
    {0x652C, "\x6c\x20\xc7\x8e\x6e"},
    {0x652D, "\x6c\x20\xc3\xac"},
    {0x652E, "\x6e\x20\xc7\x8e\x6e\x67"},
    {0x652F, "\x7a\x68\x20\xc4\xab"},
    {0x6530, "\x67\x20\x75\xc3\xac"},
    {0x6531, "\x67\x20\x75\xc7\x90"},
    {0x6532, "\x71\x20\xc4\xab"},
    {0x6533, "\x78\x20\xc3\xba\x6e"},
    {0x6534, "\x70\x20\xc5\xab"},
    {0x6535, "\x70\x20\xc5\xab"},
    {0x6536, "\x73\x68\x20\xc5\x8d\x75"},
    {0x6537, "\x6b\x20\xc7\x8e\x6f"},
    {0x6538, "\x79\x20\xc5\x8d\x75"},
    {0x6539, "\x67\x20\xc7\x8e\x69"},
    {0x653A, "\x79\x20\xc7\x90"},
    {0x653B, "\x67\x20\xc5\x8d\x6e\x67"},
    {0x653C, "\x67\x20\xc4\x81\x6e"},
    {0x653D, "\x62\x20\xc4\x81\x6e"},
    {0x653E, "\x66\x20\xc3\xa0\x6e\x67"},
    {0x653F, "\x7a\x68\x20\xc3\xa8\x6e\x67"},
    {0x6540, "\x70\x20\xc3\xb2"},
    {0x6541, "\x64\x20\x69\xc4\x81\x6e"},
    {0x6542, "\x6b\x20\xc3\xb2\x75"},
    {0x6543, "\x6d\x20\xc7\x90\x6e"},
    {0x6544, "\x77\x20\xc3\xb9"},
    {0x6545, "\x67\x20\xc3\xb9"},
    {0x6546, "\x68\x20\xc3\xa9"},
    {0x6547, "\x63\x20\xc3\xa8"},
    {0x6548, "\x78\x20\x69\xc3\xa0\x6f"},
    {0x6549, "\x6d\x20\xc7\x90"},
    {0x654A, "\x63\x68\x20\xc3\xb9"},
    {0x654B, "\x67\x20\xc3\xa9"},
    {0x654C, "\x64\x20\xc3\xad"},
    {0x654D, "\x78\x20\xc3\xb9"},
    {0x654E, "\x6a\x20\x69\xc3\xa0\x6f"},
    {0x654F, "\x6d\x20\xc7\x90\x6e"},
    {0x6550, "\x63\x68\x20\xc3\xa9\x6e"},
    {0x6551, "\x6a\x20\x69\xc3\xb9"},
    {0x6552, "\x73\x68\x20\xc4\x93\x6e"},
    {0x6553, "\x64\x20\x75\xc3\xb3"},
    {0x6554, "\x79\x20\xc7\x94"},
    {0x6555, "\x63\x68\x20\xc3\xac"},
    {0x6556, "\xc3\xa1\x6f"},
    {0x6557, "\x62\x20\xc3\xa0\x69"},
    {0x6558, "\x78\x20\xc3\xb9"},
    {0x6559, "\x6a\x20\x69\xc3\xa0\x6f"},
    {0x655A, "\x64\x20\x75\xc3\xb3"},
    {0x655B, "\x6c\x20\x69\xc7\x8e\x6e"},
    {0x655C, "\x6e\x20\x69\xc3\xa8"},
    {0x655D, "\x62\x20\xc3\xac"},
    {0x655E, "\x63\x68\x20\xc7\x8e\x6e\x67"},
    {0x655F, "\x64\x20\x69\xc7\x8e\x6e"},
    {0x6560, "\x64\x20\x75\xc5\x8d"},
    {0x6561, "\x79\x20\xc3\xac"},
    {0x6562, "\x67\x20\xc7\x8e\x6e"},
    {0x6563, "\x73\x20\xc3\xa0\x6e"},
    {0x6564, "\x6b\x20\xc4\x9b"},
    {0x6565, "\x79\x20\xc3\xa0\x6e"},
    {0x6566, "\x64\x20\xc5\xab\x6e"},
    {0x6567, "\x6a\x20\xc4\xab"},
    {0x6568, "\x74\x20\xc7\x92\x75"},
    {0x6569, "\x78\x20\x69\xc3\xa0\x6f"},
    {0x656A, "\x64\x20\x75\xc5\x8d"},
    {0x656B, "\x6a\x20\x69\xc7\x8e\x6f"},
    {0x656C, "\x6a\x20\xc3\xac\x6e\x67"},
    {0x656D, "\x79\x20\xc3\xa1\x6e\x67"},
    {0x656E, "\x78\x20\x69\xc3\xa1"},
    {0x656F, "\x6d\x20\xc7\x90\x6e"},
    {0x6570, "\x73\x68\x20\xc3\xb9"},
    {0x6571, "\xc3\xa1\x69"},
    {0x6572, "\x71\x20\x69\xc4\x81\x6f"},
    {0x6573, "\xc3\xa1\x69"},
    {0x6574, "\x7a\x68\x20\xc4\x9b\x6e\x67"},
    {0x6575, "\x64\x20\xc3\xad"},
    {0x6576, "\x7a\x68\x20\xc3\xa8\x6e"},
    {0x6577, "\x66\x20\xc5\xab"},
    {0x6578, "\x73\x68\x20\xc3\xb9"},
    {0x6579, "\x6c\x20\x69\xc3\xa1\x6f"},
    {0x657A, "\x71\x20\xc5\xab"},
    {0x657B, "\x78\x20\x69\xc3\xb2\x6e\x67"},
    {0x657C, "\x79\x20\xc7\x90"},
    {0x657D, "\x6a\x20\x69\xc7\x8e\x6f"},
    {0x657E, "\x73\x68\x20\xc3\xa0\x6e"},
    {0x657F, "\x6a\x20\x69\xc7\x8e\x6f"},
    {0x6580, "\x7a\x68\x20\x75\xc3\xb3"},
    {0x6581, "\x79\x20\xc3\xac"},
    {0x6582, "\x6c\x20\x69\xc7\x8e\x6e"},
    {0x6583, "\x62\x20\xc3\xac"},
    {0x6584, "\x6c\x20\xc3\xad"},
    {0x6585, "\x78\x20\x69\xc3\xa0\x6f"},
    {0x6586, "\x78\x20\x69\xc3\xa0\x6f"},
    {0x6587, "\x77\x20\xc3\xa9\x6e"},
    {0x6588, "\x78\x20\x75\xc3\xa9"},
    {0x6589, "\x71\x20\xc3\xad"},
    {0x658A, "\x71\x20\xc3\xad"},
    {0x658B, "\x7a\x68\x20\xc4\x81\x69"},
    {0x658C, "\x62\x20\xc4\xab\x6e"},
    {0x658D, "\x6a\x20\x75\xc3\xa9"},
    {0x658E, "\x7a\x68\x20\xc4\x81\x69"},
    {0x658F, "\x6c\x20\xc3\xa1\x6e\x67"},
    {0x6590, "\x66\x20\xc4\x9b\x69"},
    {0x6591, "\x62\x20\xc4\x81\x6e"},
    {0x6592, "\x62\x20\xc4\x81\x6e"},
    {0x6593, "\x6c\x20\xc3\xa1\x6e"},
    {0x6594, "\x79\x20\xc7\x94"},
    {0x6595, "\x6c\x20\xc3\xa1\x6e"},
    {0x6596, "\x77\x20\xc4\x9b\x69"},
    {0x6597, "\x64\x20\xc3\xb2\x75"},
    {0x6598, "\x73\x68\x20\xc4\x93\x6e\x67"},
    {0x6599, "\x6c\x20\x69\xc3\xa0\x6f"},
    {0x659A, "\x6a\x20\x69\xc7\x8e"},
    {0x659B, "\x68\x20\xc3\xba"},
    {0x659C, "\x78\x20\x69\xc3\xa9"},
    {0x659D, "\x6a\x20\x69\xc7\x8e"},
    {0x659E, "\x79\x20\xc7\x94"},
    {0x659F, "\x7a\x68\x20\xc4\x93\x6e"},
    {0x65A0, "\x6a\x20\x69\xc3\xa0\x6f"},
    {0x65A1, "\x77\x20\xc3\xb2"},
    {0x65A2, "\x74\x20\x69\xc7\x8e\x6f"},
    {0x65A3, "\x64\x20\xc3\xb2\x75"},
    {0x65A4, "\x6a\x20\xc4\xab\x6e"},
    {0x65A5, "\x63\x68\x20\xc3\xac"},
    {0x65A6, "\x79\x20\xc3\xad\x6e"},
    {0x65A7, "\x66\x20\xc7\x94"},
    {0x65A8, "\x71\x20\x69\xc4\x81\x6e\x67"},
    {0x65A9, "\x7a\x68\x20\xc7\x8e\x6e"},
    {0x65AA, "\x71\x20\xc3\xba"},
    {0x65AB, "\x7a\x68\x20\x75\xc3\xb3"},
    {0x65AC, "\x7a\x68\x20\xc7\x8e\x6e"},
    {0x65AD, "\x64\x20\x75\xc3\xa0\x6e"},
    {0x65AE, "\x63\x20\x75\xc3\xb2"},
    {0x65AF, "\x73\x20\xc4\xab"},
    {0x65B0, "\x78\x20\xc4\xab\x6e"},
    {0x65B1, "\x7a\x68\x20\x75\xc3\xb3"},
    {0x65B2, "\x7a\x68\x20\x75\xc3\xb3"},
    {0x65B3, "\x71\x20\xc3\xad\x6e"},
    {0x65B4, "\x6c\x20\xc3\xad\x6e"},
    {0x65B5, "\x7a\x68\x20\x75\xc3\xb3"},
    {0x65B6, "\x63\x68\x20\xc3\xb9"},
    {0x65B7, "\x64\x20\x75\xc3\xa0\x6e"},
    {0x65B8, "\x7a\x68\x20\xc7\x94"},
    {0x65B9, "\x66\x20\xc4\x81\x6e\x67"},
    {0x65BA, "\x63\x68\x20\xc7\x8e\x6e"},
    {0x65BB, "\x68\x20\xc3\xa1\x6e\x67"},
    {0x65BC, "\x79\x20\xc3\xba"},
    {0x65BD, "\x73\x68\x20\xc4\xab"},
    {0x65BE, "\x70\x20\xc3\xa8\x69"},
    {0x65BF, "\x79\x20\xc3\xb3\x75"},
    {0x65C0, "\x6d\x20\xc3\xa8\x69"},
    {0x65C1, "\x70\x20\xc3\xa1\x6e\x67"},
    {0x65C2, "\x71\x20\xc3\xad"},
    {0x65C3, "\x7a\x68\x20\xc4\x81\x6e"},
    {0x65C4, "\x6d\x20\xc3\xa1\x6f"},
    {0x65C5, "\x6c\x20\xc7\x9a"},
    {0x65C6, "\x70\x20\xc3\xa8\x69"},
    {0x65C7, "\x70\x20\xc4\xab"},
    {0x65C8, "\x6c\x20\x69\xc3\xba"},
    {0x65C9, "\x66\x20\xc5\xab"},
    {0x65CA, "\x66\x20\xc7\x8e\x6e\x67"},
    {0x65CB, "\x78\x20\x75\xc3\xa1\x6e"},
    {0x65CC, "\x6a\x20\xc4\xab\x6e\x67"},
    {0x65CD, "\x6a\x20\xc4\xab\x6e\x67"},
    {0x65CE, "\x6e\x20\xc7\x90"},
    {0x65CF, "\x7a\x20\xc3\xba"},
    {0x65D0, "\x7a\x68\x20\xc3\xa0\x6f"},
    {0x65D1, "\x79\x20\xc7\x90"},
    {0x65D2, "\x6c\x20\x69\xc3\xba"},
    {0x65D3, "\x73\x68\x20\xc4\x81\x6f"},
    {0x65D4, "\x6a\x20\x69\xc3\xa0\x6e"},
    {0x65D5, "\x79\x20\xc3\xba"},
    {0x65D6, "\x79\x20\xc7\x90"},
    {0x65D7, "\x71\x20\xc3\xad"},
    {0x65D8, "\x7a\x68\x20\xc3\xac"},
    {0x65D9, "\x66\x20\xc4\x81\x6e"},
    {0x65DA, "\x70\x20\x69\xc4\x81\x6f"},
    {0x65DB, "\x66\x20\xc4\x81\x6e"},
    {0x65DC, "\x7a\x68\x20\xc4\x81\x6e"},
    {0x65DD, "\x6b\x20\x75\xc3\xa0\x69"},
    {0x65DE, "\x73\x20\x75\xc3\xac"},
    {0x65DF, "\x79\x20\xc3\xba"},
    {0x65E0, "\x77\x20\xc3\xba"},
    {0x65E1, "\x6a\x20\xc3\xac"},
    {0x65E2, "\x6a\x20\xc3\xac"},
    {0x65E3, "\x6a\x20\xc3\xac"},
    {0x65E4, "\x68\x20\x75\xc3\xb2"},
    {0x65E5, "\x72\x20\xc3\xac"},
    {0x65E6, "\x64\x20\xc3\xa0\x6e"},
    {0x65E7, "\x6a\x20\x69\xc3\xb9"},
    {0x65E8, "\x7a\x68\x20\xc7\x90"},
    {0x65E9, "\x7a\x20\xc7\x8e\x6f"},
    {0x65EA, "\x78\x20\x69\xc3\xa9"},
    {0x65EB, "\x74\x20\x69\xc4\x81\x6f"},
    {0x65EC, "\x78\x20\xc3\xba\x6e"},
    {0x65ED, "\x78\x20\xc3\xb9"},
    {0x65EE, "\x67\x20\xc4\x81"},
    {0x65EF, "\x6c\x20\xc3\xa1"},
    {0x65F0, "\x67\x20\xc3\xa0\x6e"},
    {0x65F1, "\x68\x20\xc3\xa0\x6e"},
    {0x65F2, "\x74\x20\xc3\xa1\x69"},
    {0x65F3, "\x64\x20\xc3\xac"},
    {0x65F4, "\x78\x20\xc5\xab"},
    {0x65F5, "\x63\x68\x20\xc7\x8e\x6e"},
    {0x65F6, "\x73\x68\x20\xc3\xad"},
    {0x65F7, "\x6b\x20\x75\xc3\xa0\x6e\x67"},
    {0x65F8, "\x79\x20\xc3\xa1\x6e\x67"},
    {0x65F9, "\x73\x68\x20\xc3\xad"},
    {0x65FA, "\x77\x20\xc3\xa0\x6e\x67"},
    {0x65FB, "\x6d\x20\xc3\xad\x6e"},
    {0x65FC, "\x6d\x20\xc3\xad\x6e"},
    {0x65FD, "\x74\x20\xc5\xab\x6e"},
    {0x65FE, "\x63\x68\x20\xc5\xab\x6e"},
    {0x65FF, "\x77\x20\xc7\x94"},
    {0x6600, "\x79\x20\xc3\xba\x6e"},
    {0x6601, "\x62\x20\xc3\xa8\x69"},
    {0x6602, "\xc3\xa1\x6e\x67"},
    {0x6603, "\x7a\x20\xc3\xa8"},
    {0x6604, "\x62\x20\xc7\x8e\x6e"},
    {0x6605, "\x6a\x20\x69\xc3\xa9"},
    {0x6606, "\x6b\x20\xc5\xab\x6e"},
    {0x6607, "\x73\x68\x20\xc4\x93\x6e\x67"},
    {0x6608, "\x68\x20\xc3\xb9"},
    {0x6609, "\x66\x20\xc7\x8e\x6e\x67"},
    {0x660A, "\x68\x20\xc3\xa0\x6f"},
    {0x660B, "\x67\x20\x75\xc3\xac"},
    {0x660C, "\x63\x68\x20\xc4\x81\x6e\x67"},
    {0x660D, "\x78\x20\x75\xc4\x81\x6e"},
    {0x660E, "\x6d\x20\xc3\xad\x6e\x67"},
    {0x660F, "\x68\x20\xc5\xab\x6e"},
    {0x6610, "\x66\x20\xc4\x93\x6e"},
    {0x6611, "\x71\x20\xc7\x90\x6e"},
    {0x6612, "\x68\x20\xc5\xab"},
    {0x6613, "\x79\x20\xc3\xac"},
    {0x6614, "\x78\x20\xc4\xab"},
    {0x6615, "\x78\x20\xc4\xab\x6e"},
    {0x6616, "\x79\x20\xc3\xa1\x6e"},
    {0x6617, "\x7a\x20\xc3\xa8"},
    {0x6618, "\x66\x20\xc7\x8e\x6e\x67"},
    {0x6619, "\x74\x20\xc3\xa1\x6e"},
    {0x661A, "\x73\x68\x20\xc3\xa8\x6e"},
    {0x661B, "\x6a\x20\xc3\xb9"},
    {0x661C, "\x79\x20\xc3\xa1\x6e\x67"},
    {0x661D, "\x7a\x20\xc7\x8e\x6e"},
    {0x661E, "\x62\x20\xc7\x90\x6e\x67"},
    {0x661F, "\x78\x20\xc4\xab\x6e\x67"},
    {0x6620, "\x79\x20\xc3\xac\x6e\x67"},
    {0x6621, "\x78\x20\x75\xc3\xa0\x6e"},
    {0x6622, "\x70\x20\xc3\xb2"},
    {0x6623, "\x7a\x68\x20\xc4\x9b\x6e"},
    {0x6624, "\x6c\x20\xc3\xad\x6e\x67"},
    {0x6625, "\x63\x68\x20\xc5\xab\x6e"},
    {0x6626, "\x68\x20\xc3\xa0\x6f"},
    {0x6627, "\x6d\x20\xc3\xa8\x69"},
    {0x6628, "\x7a\x20\x75\xc3\xb3"},
    {0x6629, "\x6d\x20\xc3\xb2"},
    {0x662A, "\x62\x20\x69\xc3\xa0\x6e"},
    {0x662B, "\x78\x20\xc3\xb9"},
    {0x662C, "\x68\x20\xc5\xab\x6e"},
    {0x662D, "\x7a\x68\x20\xc4\x81\x6f"},
    {0x662E, "\x7a\x20\xc3\xb2\x6e\x67"},
    {0x662F, "\x73\x68\x20\xc3\xac"},
    {0x6630, "\x73\x68\x20\xc3\xac"},
    {0x6631, "\x79\x20\xc3\xb9"},
    {0x6632, "\x66\x20\xc3\xa8\x69"},
    {0x6633, "\x64\x20\x69\xc3\xa9"},
    {0x6634, "\x6d\x20\xc7\x8e\x6f"},
    {0x6635, "\x6e\x20\xc3\xac"},
    {0x6636, "\x63\x68\x20\xc7\x8e\x6e\x67"},
    {0x6637, "\x77\x20\xc4\x93\x6e"},
    {0x6638, "\x64\x20\xc5\x8d\x6e\x67"},
    {0x6639, "\xc7\x8e\x69"},
    {0x663A, "\x62\x20\xc7\x90\x6e\x67"},
    {0x663B, "\xc3\xa1\x6e\x67"},
    {0x663C, "\x7a\x68\x20\xc3\xb2\x75"},
    {0x663D, "\x6c\x20\xc3\xb3\x6e\x67"},
    {0x663E, "\x78\x20\x69\xc7\x8e\x6e"},
    {0x663F, "\x6b\x20\x75\xc3\xa0\x6e\x67"},
    {0x6640, "\x74\x20\x69\xc7\x8e\x6f"},
    {0x6641, "\x63\x68\x20\xc3\xa1\x6f"},
    {0x6642, "\x73\x68\x20\xc3\xad"},
    {0x6643, "\x68\x20\x75\xc7\x8e\x6e\x67"},
    {0x6644, "\x68\x20\x75\xc7\x8e\x6e\x67"},
    {0x6645, "\x78\x20\x75\xc7\x8e\x6e"},
    {0x6646, "\x6b\x20\x75\xc3\xad"},
    {0x6647, "\x78\x20\xc5\xab"},
    {0x6648, "\x6a\x20\x69\xc7\x8e\x6f"},
    {0x6649, "\x6a\x20\xc3\xac\x6e"},
    {0x664A, "\x7a\x68\x20\xc3\xac"},
    {0x664B, "\x6a\x20\xc3\xac\x6e"},
    {0x664C, "\x73\x68\x20\xc7\x8e\x6e\x67"},
    {0x664D, "\x74\x20\xc3\xb3\x6e\x67"},
    {0x664E, "\x68\x20\xc7\x92\x6e\x67"},
    {0x664F, "\x79\x20\xc3\xa0\x6e"},
    {0x6650, "\x67\x20\xc4\x81\x69"},
    {0x6651, "\x78\x20\x69\xc7\x8e\x6e\x67"},
    {0x6652, "\x73\x68\x20\xc3\xa0\x69"},
    {0x6653, "\x78\x20\x69\xc7\x8e\x6f"},
    {0x6654, "\x79\x20\xc3\xa8"},
    {0x6655, "\x79\x20\xc5\xab\x6e"},
    {0x6656, "\x68\x20\x75\xc4\xab"},
    {0x6657, "\x68\x20\xc3\xa1\x6e"},
    {0x6658, "\x68\x20\xc3\xa0\x6e"},
    {0x6659, "\x6a\x20\xc3\xb9\x6e"},
    {0x665A, "\x77\x20\xc7\x8e\x6e"},
    {0x665B, "\x78\x20\x69\xc3\xa0\x6e"},
    {0x665C, "\x6b\x20\xc5\xab\x6e"},
    {0x665D, "\x7a\x68\x20\xc3\xb2\x75"},
    {0x665E, "\x78\x20\xc4\xab"},
    {0x665F, "\x63\x68\x20\xc3\xa9\x6e\x67"},
    {0x6660, "\x73\x68\x20\xc3\xa8\x6e\x67"},
    {0x6661, "\x62\x20\xc5\xab"},
    {0x6662, "\x7a\x68\x20\xc3\xa9"},
    {0x6663, "\x7a\x68\x20\xc3\xa9"},
    {0x6664, "\x77\x20\xc3\xb9"},
    {0x6665, "\x77\x20\xc7\x8e\x6e"},
    {0x6666, "\x68\x20\x75\xc3\xac"},
    {0x6667, "\x68\x20\xc3\xa0\x6f"},
    {0x6668, "\x63\x68\x20\xc3\xa9\x6e"},
    {0x6669, "\x77\x20\xc7\x8e\x6e"},
    {0x666A, "\x74\x20\x69\xc7\x8e\x6e"},
    {0x666B, "\x7a\x68\x20\x75\xc3\xb3"},
    {0x666C, "\x7a\x20\x75\xc3\xac"},
    {0x666D, "\x7a\x68\x20\xc7\x92\x75"},
    {0x666E, "\x70\x20\xc7\x94"},
    {0x666F, "\x6a\x20\xc7\x90\x6e\x67"},
    {0x6670, "\x78\x20\xc4\xab"},
    {0x6671, "\x73\x68\x20\xc7\x8e\x6e"},
    {0x6672, "\x6e\x20\xc7\x90"},
    {0x6673, "\x78\x20\xc4\xab"},
    {0x6674, "\x71\x20\xc3\xad\x6e\x67"},
    {0x6675, "\x71\x20\xc7\x90"},
    {0x6676, "\x6a\x20\xc4\xab\x6e\x67"},
    {0x6677, "\x67\x20\x75\xc7\x90"},
    {0x6678, "\x7a\x68\x20\xc4\x9b\x6e\x67"},
    {0x6679, "\x79\x20\xc3\xac"},
    {0x667A, "\x7a\x68\x20\xc3\xac"},
    {0x667B, "\xc3\xa0\x6e"},
    {0x667C, "\x77\x20\xc7\x8e\x6e"},
    {0x667D, "\x6c\x20\xc3\xad\x6e"},
    {0x667E, "\x6c\x20\x69\xc3\xa0\x6e\x67"},
    {0x667F, "\x63\x68\x20\xc4\x81\x6e\x67"},
    {0x6680, "\x77\x20\xc7\x8e\x6e\x67"},
    {0x6681, "\x78\x20\x69\xc7\x8e\x6f"},
    {0x6682, "\x7a\x20\xc3\xa0\x6e"},
    {0x6683, "\x66\x20\xc4\x93\x69"},
    {0x6684, "\x78\x20\x75\xc4\x81\x6e"},
    {0x6685, "\x67\x20\xc3\xa8\x6e\x67"},
    {0x6686, "\x79\x20\xc3\xad"},
    {0x6687, "\x78\x20\x69\xc3\xa1"},
    {0x6688, "\x79\x20\xc5\xab\x6e"},
    {0x6689, "\x68\x20\x75\xc4\xab"},
    {0x668A, "\x78\x20\xc7\x94"},
    {0x668B, "\x6d\x20\xc7\x90\x6e"},
    {0x668C, "\x6b\x20\x75\xc3\xad"},
    {0x668D, "\x79\x20\xc4\x93"},
    {0x668E, "\x79\x20\xc3\xac\x6e\x67"},
    {0x668F, "\x73\x68\x20\xc7\x94"},
    {0x6690, "\x77\x20\xc4\x9b\x69"},
    {0x6691, "\x73\x68\x20\xc7\x94"},
    {0x6692, "\x71\x20\xc3\xad\x6e\x67"},
    {0x6693, "\x6d\x20\xc3\xa0\x6f"},
    {0x6694, "\x6e\x20\xc3\xa1\x6e"},
    {0x6695, "\x6a\x20\x69\xc7\x8e\x6e"},
    {0x6696, "\x6e\x20\x75\xc7\x8e\x6e"},
    {0x6697, "\xc3\xa0\x6e"},
    {0x6698, "\x79\x20\xc3\xa1\x6e\x67"},
    {0x6699, "\x63\x68\x20\xc5\xab\x6e"},
    {0x669A, "\x79\x20\xc3\xa1\x6f"},
    {0x669B, "\x73\x20\x75\xc7\x92"},
    {0x669C, "\x70\x20\xc7\x94"},
    {0x669D, "\x6d\x20\xc3\xad\x6e\x67"},
    {0x669E, "\x6a\x20\x69\xc7\x8e\x6f"},
    {0x669F, "\x6b\x20\xc7\x8e\x69"},
    {0x66A0, "\x67\x20\xc7\x8e\x6f"},
    {0x66A1, "\x77\x20\xc4\x9b\x6e\x67"},
    {0x66A2, "\x63\x68\x20\xc3\xa0\x6e\x67"},
    {0x66A3, "\x71\x20\xc3\xac"},
    {0x66A4, "\x68\x20\xc3\xa0\x6f"},
    {0x66A5, "\x79\x20\xc3\xa0\x6e"},
    {0x66A6, "\x6c\x20\xc3\xac"},
    {0x66A7, "\xc3\xa0\x69"},
    {0x66A8, "\x6a\x20\xc3\xac"},
    {0x66A9, "\x6a\x20\xc3\xac"},
    {0x66AA, "\x6d\x20\xc3\xa8\x6e"},
    {0x66AB, "\x7a\x20\xc3\xa0\x6e"},
    {0x66AC, "\x78\x20\x69\xc3\xa8"},
    {0x66AD, "\x68\x20\xc3\xa0\x6f"},
    {0x66AE, "\x6d\x20\xc3\xb9"},
    {0x66AF, "\x6d\x20\xc3\xb2"},
    {0x66B0, "\x63\x20\xc5\x8d\x6e\x67"},
    {0x66B1, "\x6e\x20\xc3\xac"},
    {0x66B2, "\x7a\x68\x20\xc4\x81\x6e\x67"},
    {0x66B3, "\x68\x20\x75\xc3\xac"},
    {0x66B4, "\x62\x20\xc3\xa0\x6f"},
    {0x66B5, "\x68\x20\xc3\xa0\x6e"},
    {0x66B6, "\x78\x20\x75\xc3\xa1\x6e"},
    {0x66B7, "\x63\x68\x20\x75\xc3\xa1\x6e"},
    {0x66B8, "\x6c\x20\x69\xc3\xa1\x6f"},
    {0x66B9, "\x78\x20\x69\xc4\x81\x6e"},
    {0x66BA, "\x74\x20\xc7\x8e\x6e"},
    {0x66BB, "\x6a\x20\xc7\x90\x6e\x67"},
    {0x66BC, "\x70\x20\x69\xc4\x93"},
    {0x66BD, "\x6c\x20\xc3\xad\x6e"},
    {0x66BE, "\x74\x20\xc5\xab\x6e"},
    {0x66BF, "\x78\x20\xc7\x90"},
    {0x66C0, "\x79\x20\xc3\xac"},
    {0x66C1, "\x6a\x20\xc3\xac"},
    {0x66C2, "\x68\x20\x75\xc3\xa0\x6e\x67"},
    {0x66C3, "\x64\x20\xc3\xa0\x69"},
    {0x66C4, "\x79\x20\xc3\xa8"},
    {0x66C5, "\x79\x20\xc3\xa8"},
    {0x66C6, "\x6c\x20\xc3\xac"},
    {0x66C7, "\x74\x20\xc3\xa1\x6e"},
    {0x66C8, "\x74\x20\xc3\xb3\x6e\x67"},
    {0x66C9, "\x78\x20\x69\xc7\x8e\x6f"},
    {0x66CA, "\x66\x20\xc3\xa8\x69"},
    {0x66CB, "\x73\x68\x20\xc4\x9b\x6e"},
    {0x66CC, "\x7a\x68\x20\xc3\xa0\x6f"},
    {0x66CD, "\x68\x20\xc3\xa0\x6f"},
    {0x66CE, "\x79\x20\xc3\xac"},
    {0x66CF, "\x78\x20\x69\xc7\x8e\x6e\x67"},
    {0x66D0, "\x78\x20\xc4\xab\x6e\x67"},
    {0x66D1, "\x73\x68\x20\xc4\x93\x6e"},
    {0x66D2, "\x6a\x20\x69\xc7\x8e\x6f"},
    {0x66D3, "\x62\x20\xc3\xa0\x6f"},
    {0x66D4, "\x6a\x20\xc3\xac\x6e\x67"},
    {0x66D5, "\x79\x20\xc3\xa0\x6e"},
    {0x66D6, "\xc3\xa0\x69"},
    {0x66D7, "\x79\x20\xc3\xa8"},
    {0x66D8, "\x72\x20\xc3\xba"},
    {0x66D9, "\x73\x68\x20\xc7\x94"},
    {0x66DA, "\x6d\x20\xc3\xa9\x6e\x67"},
    {0x66DB, "\x78\x20\xc5\xab\x6e"},
    {0x66DC, "\x79\x20\xc3\xa0\x6f"},
    {0x66DD, "\x70\x20\xc3\xb9"},
    {0x66DE, "\x6c\x20\xc3\xac"},
    {0x66DF, "\x63\x68\x20\xc3\xa9\x6e"},
    {0x66E0, "\x6b\x20\x75\xc3\xa0\x6e\x67"},
    {0x66E1, "\x64\x20\x69\xc3\xa9"},
    {0x66E2, "\x6c\x20\x69\xc7\x8e\x6f"},
    {0x66E3, "\x79\x20\xc3\xa0\x6e"},
    {0x66E4, "\x68\x20\x75\xc3\xb2"},
    {0x66E5, "\x6c\x20\xc3\xba"},
    {0x66E6, "\x78\x20\xc4\xab"},
    {0x66E7, "\x72\x20\xc3\xb3\x6e\x67"},
    {0x66E8, "\x6c\x20\xc3\xb3\x6e\x67"},
    {0x66E9, "\x6e\x20\xc7\x8e\x6e\x67"},
    {0x66EA, "\x6c\x20\x75\xc7\x92"},
    {0x66EB, "\x6c\x20\x75\xc3\xa1\x6e"},
    {0x66EC, "\x73\x68\x20\xc3\xa0\x69"},
    {0x66ED, "\x74\x20\xc7\x8e\x6e\x67"},
    {0x66EE, "\x79\x20\xc7\x8e\x6e"},
    {0x66EF, "\x7a\x68\x20\xc3\xba"},
    {0x66F0, "\x79\x20\x75\xc4\x93"},
    {0x66F1, "\x79\x20\x75\xc4\x93"},
    {0x66F2, "\x71\x20\xc5\xab"},
    {0x66F3, "\x79\x20\xc3\xa8"},
    {0x66F4, "\x67\x20\xc3\xa8\x6e\x67"},
    {0x66F5, "\x79\x20\xc3\xa8"},
    {0x66F6, "\x68\x20\xc5\xab"},
    {0x66F7, "\x68\x20\xc3\xa9"},
    {0x66F8, "\x73\x68\x20\xc5\xab"},
    {0x66F9, "\x63\x20\xc3\xa1\x6f"},
    {0x66FA, "\x63\x20\xc3\xa1\x6f"},
    {0x66FB, "\x73\x68\x20\xc4\x93\x6e\x67"},
    {0x66FC, "\x6d\x20\xc3\xa0\x6e"},
    {0x66FD, "\x63\x20\xc4\x93\x6e\x67"},
    {0x66FE, "\x63\x20\xc3\xa9\x6e\x67"},
    {0x66FF, "\x74\x20\xc3\xac"},
    {0x6700, "\x7a\x20\x75\xc3\xac"},
    {0x6701, "\x63\x20\xc7\x8e\x6e"},
    {0x6702, "\x78\x20\xc3\xb9"},
    {0x6703, "\x68\x20\x75\xc3\xac"},
    {0x6704, "\x79\x20\xc7\x90\x6e"},
    {0x6705, "\x71\x20\x69\xc3\xa8"},
    {0x6706, "\x66\x20\xc4\x93\x6e"},
    {0x6707, "\x70\x20\xc3\xad"},
    {0x6708, "\x79\x20\x75\xc3\xa8"},
    {0x6709, "\x79\x20\xc7\x92\x75"},
    {0x670A, "\x72\x20\x75\xc7\x8e\x6e"},
    {0x670B, "\x70\x20\xc3\xa9\x6e\x67"},
    {0x670C, "\x66\x20\xc3\xa9\x6e"},
    {0x670D, "\x66\x20\xc3\xba"},
    {0x670E, "\x6c\x20\xc3\xad\x6e\x67"},
    {0x670F, "\x66\x20\xc4\x9b\x69"},
    {0x6710, "\x71\x20\xc3\xba"},
    {0x6711, "\x74\x20\xc3\xac"},
    {0x6712, "\x6e\x20\xc7\x9c"},
    {0x6713, "\x74\x20\x69\xc7\x8e\x6f"},
    {0x6714, "\x73\x68\x20\x75\xc3\xb2"},
    {0x6715, "\x7a\x68\x20\xc3\xa8\x6e"},
    {0x6716, "\x6c\x20\xc7\x8e\x6e\x67"},
    {0x6717, "\x6c\x20\xc7\x8e\x6e\x67"},
    {0x6718, "\x7a\x20\x75\xc4\xab"},
    {0x6719, "\x6d\x20\xc3\xad\x6e\x67"},
    {0x671A, "\x68\x20\x75\xc4\x81\x6e\x67"},
    {0x671B, "\x77\x20\xc3\xa0\x6e\x67"},
    {0x671C, "\x74\x20\xc5\xab\x6e"},
    {0x671D, "\x63\x68\x20\xc3\xa1\x6f"},
    {0x671E, "\x6a\x20\xc4\xab"},
    {0x671F, "\x71\x20\xc4\xab"},
    {0x6720, "\x79\x20\xc4\xab\x6e\x67"},
    {0x6721, "\x7a\x20\xc5\x8d\x6e\x67"},
    {0x6722, "\x77\x20\xc3\xa0\x6e\x67"},
    {0x6723, "\x74\x20\xc3\xb3\x6e\x67"},
    {0x6724, "\x6c\x20\xc7\x8e\x6e\x67"},
    {0x6725, "\x6c\x20\xc3\xa1\x6f"},
    {0x6726, "\x6d\x20\xc3\xa9\x6e\x67"},
    {0x6727, "\x6c\x20\xc3\xb3\x6e\x67"},
    {0x6728, "\x6d\x20\xc3\xb9"},
    {0x6729, "\x64\x20\xc4\x9b\x6e\x67"},
    {0x672A, "\x77\x20\xc3\xa8\x69"},
    {0x672B, "\x6d\x20\xc3\xb2"},
    {0x672C, "\x62\x20\xc4\x9b\x6e"},
    {0x672D, "\x7a\x68\x20\xc3\xa1"},
    {0x672E, "\x73\x68\x20\xc3\xb9"},
    {0x672F, "\x73\x68\x20\xc3\xb9"},
    {0x6730, "\x6d\x20\xc3\xb9"},
    {0x6731, "\x7a\x68\x20\xc5\xab"},
    {0x6732, "\x72\x20\xc3\xa9\x6e"},
    {0x6733, "\x62\x20\xc4\x81"},
    {0x6734, "\x70\x20\xc7\x94"},
    {0x6735, "\x64\x20\x75\xc7\x92"},
    {0x6736, "\x64\x20\x75\xc7\x92"},
    {0x6737, "\x64\x20\xc4\x81\x6f"},
    {0x6738, "\x6c\x20\xc3\xac"},
    {0x6739, "\x67\x20\x75\xc7\x90"},
    {0x673A, "\x6a\x20\xc4\xab"},
    {0x673B, "\x6a\x20\x69\xc5\xab"},
    {0x673C, "\x62\x20\xc7\x90"},
    {0x673D, "\x78\x20\x69\xc7\x94"},
    {0x673E, "\x63\x68\x20\xc3\xa9\x6e\x67"},
    {0x673F, "\x63\x20\xc3\xac"},
    {0x6740, "\x73\x68\x20\xc4\x81"},
    {0x6741, "\x72\x20\xc3\xb9"},
    {0x6742, "\x7a\x20\xc3\xa1"},
    {0x6743, "\x71\x20\x75\xc3\xa1\x6e"},
    {0x6744, "\x71\x20\x69\xc4\x81\x6e"},
    {0x6745, "\x79\x20\xc3\xba"},
    {0x6746, "\x67\x20\xc4\x81\x6e"},
    {0x6747, "\x77\x20\xc5\xab"},
    {0x6748, "\x63\x68\x20\xc4\x81"},
    {0x6749, "\x73\x68\x20\xc4\x81\x6e"},
    {0x674A, "\x78\x20\xc3\xba\x6e"},
    {0x674B, "\x66\x20\xc3\xa1\x6e"},
    {0x674C, "\x77\x20\xc3\xb9"},
    {0x674D, "\x7a\x20\xc7\x90"},
    {0x674E, "\x6c\x20\xc7\x90"},
    {0x674F, "\x78\x20\xc3\xac\x6e\x67"},
    {0x6750, "\x63\x20\xc3\xa1\x69"},
    {0x6751, "\x63\x20\xc5\xab\x6e"},
    {0x6752, "\x72\x20\xc3\xa8\x6e"},
    {0x6753, "\x62\x20\x69\xc4\x81\x6f"},
    {0x6754, "\x74\x20\x75\xc5\x8d"},
    {0x6755, "\x64\x20\xc3\xac"},
    {0x6756, "\x7a\x68\x20\xc3\xa0\x6e\x67"},
    {0x6757, "\x6d\x20\xc3\xa1\x6e\x67"},
    {0x6758, "\x63\x68\x20\xc3\xac"},
    {0x6759, "\x79\x20\xc3\xac"},
    {0x675A, "\x67\x20\xc3\xa0\x69"},
    {0x675B, "\x67\x20\xc5\x8d\x6e\x67"},
    {0x675C, "\x64\x20\xc3\xb9"},
    {0x675D, "\x6c\x20\xc3\xad"},
    {0x675E, "\x71\x20\xc7\x90"},
    {0x675F, "\x73\x68\x20\xc3\xb9"},
    {0x6760, "\x67\x20\xc4\x81\x6e\x67"},
    {0x6761, "\x74\x20\x69\xc3\xa1\x6f"},
    {0x6762, "\x6a\x20\x69\xc3\xa9"},
    {0x6763, "\x6d\x20\x69\xc3\xa1\x6e"},
    {0x6764, "\x77\x20\xc3\xa0\x6e"},
    {0x6765, "\x6c\x20\xc3\xa1\x69"},
    {0x6766, "\x6a\x20\x69\xc7\x94"},
    {0x6767, "\x6d\x20\xc3\xa1\x6e\x67"},
    {0x6768, "\x79\x20\xc3\xa1\x6e\x67"},
    {0x6769, "\x6d\x20\xc3\xa0"},
    {0x676A, "\x6d\x20\x69\xc7\x8e\x6f"},
    {0x676B, "\x73\x20\xc3\xac"},
    {0x676C, "\x79\x20\x75\xc3\xa1\x6e"},
    {0x676D, "\x68\x20\xc3\xa1\x6e\x67"},
    {0x676E, "\x66\x20\xc3\xa8\x69"},
    {0x676F, "\x62\x20\xc4\x93\x69"},
    {0x6770, "\x6a\x20\x69\xc3\xa9"},
    {0x6771, "\x64\x20\xc5\x8d\x6e\x67"},
    {0x6772, "\x67\x20\xc7\x8e\x6f"},
    {0x6773, "\x79\x20\xc7\x8e\x6f"},
    {0x6774, "\x78\x20\x69\xc4\x81\x6e"},
    {0x6775, "\x63\x68\x20\xc7\x94"},
    {0x6776, "\x63\x68\x20\xc5\xab\x6e"},
    {0x6777, "\x70\x20\xc3\xa1"},
    {0x6778, "\x73\x68\x20\xc5\xab"},
    {0x6779, "\x68\x20\x75\xc3\xa0"},
    {0x677A, "\x78\x20\xc4\xab\x6e"},
    {0x677B, "\x63\x68\x20\xc7\x92\x75"},
    {0x677C, "\x7a\x68\x20\xc3\xb9"},
    {0x677D, "\x63\x68\x20\xc7\x92\x75"},
    {0x677E, "\x73\x20\xc5\x8d\x6e\x67"},
    {0x677F, "\x62\x20\xc7\x8e\x6e"},
    {0x6780, "\x73\x20\xc5\x8d\x6e\x67"},
    {0x6781, "\x6a\x20\xc3\xad"},
    {0x6782, "\x77\x20\xc3\xb2"},
    {0x6783, "\x6a\x20\xc3\xac\x6e"},
    {0x6784, "\x67\x20\xc3\xb2\x75"},
    {0x6785, "\x6a\x20\xc4\xab"},
    {0x6786, "\x6d\x20\xc3\xa1\x6f"},
    {0x6787, "\x70\x20\xc3\xad"},
    {0x6788, "\x62\x20\xc3\xac"},
    {0x6789, "\x77\x20\xc7\x8e\x6e\x67"},
    {0x678A, "\xc3\xa0\x6e\x67"},
    {0x678B, "\x66\x20\xc4\x81\x6e\x67"},
    {0x678C, "\x66\x20\xc3\xa9\x6e"},
    {0x678D, "\x79\x20\xc3\xac"},
    {0x678E, "\x66\x20\xc3\xba"},
    {0x678F, "\x6e\x20\xc3\xa1\x6e"},
    {0x6790, "\x78\x20\xc4\xab"},
    {0x6791, "\x68\x20\xc3\xb9"},
    {0x6792, "\x79\x20\xc4\x81"},
    {0x6793, "\x64\x20\xc7\x92\x75"},
    {0x6794, "\x78\x20\xc3\xad\x6e"},
    {0x6795, "\x7a\x68\x20\xc4\x9b\x6e"},
    {0x6796, "\x79\x20\xc4\x81\x6f"},
    {0x6797, "\x6c\x20\xc3\xad\x6e"},
    {0x6798, "\x72\x20\x75\xc3\xac"},
    {0x6799, "\xc4\x9b"},
    {0x679A, "\x6d\x20\xc3\xa9\x69"},
    {0x679B, "\x7a\x68\x20\xc3\xa0\x6f"},
    {0x679C, "\x67\x20\x75\xc7\x92"},
    {0x679D, "\x7a\x68\x20\xc4\xab"},
    {0x679E, "\x63\x20\xc5\x8d\x6e\x67"},
    {0x679F, "\x79\x20\xc3\xb9\x6e"},
    {0x67A0, "\x68\x20\x75\xc3\xa0"},
    {0x67A1, "\x73\x68\x20\xc4\x93\x6e\x67"},
    {0x67A2, "\x73\x68\x20\xc5\xab"},
    {0x67A3, "\x7a\x20\xc7\x8e\x6f"},
    {0x67A4, "\x64\x20\xc3\xac"},
    {0x67A5, "\x6c\x20\xc3\xac"},
    {0x67A6, "\x6c\x20\xc3\xba"},
    {0x67A7, "\x6a\x20\x69\xc7\x8e\x6e"},
    {0x67A8, "\x63\x68\x20\xc3\xa9\x6e\x67"},
    {0x67A9, "\x73\x20\xc5\x8d\x6e\x67"},
    {0x67AA, "\x71\x20\x69\xc4\x81\x6e\x67"},
    {0x67AB, "\x66\x20\xc4\x93\x6e\x67"},
    {0x67AC, "\x7a\x68\x20\xc4\x81\x6e"},
    {0x67AD, "\x78\x20\x69\xc4\x81\x6f"},
    {0x67AE, "\x78\x20\x69\xc4\x81\x6e"},
    {0x67AF, "\x6b\x20\xc5\xab"},
    {0x67B0, "\x70\x20\xc3\xad\x6e\x67"},
    {0x67B1, "\x74\x20\xc3\xa1\x69"},
    {0x67B2, "\x78\x20\xc7\x90"},
    {0x67B3, "\x7a\x68\x20\xc7\x90"},
    {0x67B4, "\x67\x20\x75\xc7\x8e\x69"},
    {0x67B5, "\x78\x20\x69\xc4\x81\x6f"},
    {0x67B6, "\x6a\x20\x69\xc3\xa0"},
    {0x67B7, "\x6a\x20\x69\xc4\x81"},
    {0x67B8, "\x67\x20\xc7\x92\x75"},
    {0x67B9, "\x62\x20\xc4\x81\x6f"},
    {0x67BA, "\x6d\x20\xc3\xb2"},
    {0x67BB, "\x79\x20\xc3\xac"},
    {0x67BC, "\x79\x20\xc3\xa8"},
    {0x67BD, "\x79\x20\xc3\xa8"},
    {0x67BE, "\x73\x68\x20\xc3\xac"},
    {0x67BF, "\x6e\x20\x69\xc3\xa8"},
    {0x67C0, "\x62\x20\xc7\x90"},
    {0x67C1, "\x64\x20\x75\xc3\xb2"},
    {0x67C2, "\x79\x20\xc3\xad"},
    {0x67C3, "\x6c\x20\xc3\xad\x6e\x67"},
    {0x67C4, "\x62\x20\xc7\x90\x6e\x67"},
    {0x67C5, "\x6e\x20\xc7\x90"},
    {0x67C6, "\x6c\x20\xc4\x81"},
    {0x67C7, "\x68\x20\xc3\xa9"},
    {0x67C8, "\x62\x20\xc3\xa0\x6e"},
    {0x67C9, "\x66\x20\xc3\xa1\x6e"},
    {0x67CA, "\x7a\x68\x20\xc5\x8d\x6e\x67"},
    {0x67CB, "\x64\x20\xc3\xa0\x69"},
    {0x67CC, "\x63\x20\xc3\xad"},
    {0x67CD, "\x79\x20\xc7\x8e\x6e\x67"},
    {0x67CE, "\x66\x20\xc5\xab"},
    {0x67CF, "\x62\x20\xc7\x8e\x69"},
    {0x67D0, "\x6d\x20\xc7\x92\x75"},
    {0x67D1, "\x67\x20\xc4\x81\x6e"},
    {0x67D2, "\x71\x20\xc4\xab"},
    {0x67D3, "\x72\x20\xc7\x8e\x6e"},
    {0x67D4, "\x72\x20\xc3\xb3\x75"},
    {0x67D5, "\x6d\x20\xc3\xa0\x6f"},
    {0x67D6, "\x73\x68\x20\xc3\xa1\x6f"},
    {0x67D7, "\x73\x20\xc5\x8d\x6e\x67"},
    {0x67D8, "\x7a\x68\x20\xc3\xa8"},
    {0x67D9, "\x78\x20\x69\xc3\xa1"},
    {0x67DA, "\x79\x20\xc3\xb2\x75"},
    {0x67DB, "\x73\x68\x20\xc4\x93\x6e"},
    {0x67DC, "\x67\x20\x75\xc3\xac"},
    {0x67DD, "\x74\x20\x75\xc3\xb2"},
    {0x67DE, "\x7a\x68\x20\xc3\xa0"},
    {0x67DF, "\x6e\x20\xc3\xa1\x6e"},
    {0x67E0, "\x6e\x20\xc3\xad\x6e\x67"},
    {0x67E1, "\x79\x20\xc7\x92\x6e\x67"},
    {0x67E2, "\x64\x20\xc7\x90"},
    {0x67E3, "\x7a\x68\x20\xc3\xac"},
    {0x67E4, "\x7a\x68\x20\xc4\x81"},
    {0x67E5, "\x63\x68\x20\xc3\xa1"},
    {0x67E6, "\x64\x20\xc3\xa0\x6e"},
    {0x67E7, "\x67\x20\xc5\xab"},
    {0x67E8, "\x62\x20\xc3\xb9"},
    {0x67E9, "\x6a\x20\x69\xc3\xb9"},
    {0x67EA, "\xc4\x81\x6f"},
    {0x67EB, "\x66\x20\xc3\xba"},
    {0x67EC, "\x6a\x20\x69\xc7\x8e\x6e"},
    {0x67ED, "\x62\x20\xc4\x81"},
    {0x67EE, "\x64\x20\x75\xc3\xb2"},
    {0x67EF, "\x6b\x20\xc4\x93"},
    {0x67F0, "\x6e\x20\xc3\xa0\x69"},
    {0x67F1, "\x7a\x68\x20\xc3\xb9"},
    {0x67F2, "\x62\x20\xc3\xac"},
    {0x67F3, "\x6c\x20\x69\xc7\x94"},
    {0x67F4, "\x63\x68\x20\xc3\xa1\x69"},
    {0x67F5, "\x73\x68\x20\xc4\x81\x6e"},
    {0x67F6, "\x73\x20\xc3\xac"},
    {0x67F7, "\x63\x68\x20\xc3\xb9"},
    {0x67F8, "\x70\x20\xc4\x93\x69"},
    {0x67F9, "\x73\x68\x20\xc3\xac"},
    {0x67FA, "\x67\x20\x75\xc7\x8e\x69"},
    {0x67FB, "\x7a\x68\x20\xc4\x81"},
    {0x67FC, "\x79\x20\xc7\x8e\x6f"},
    {0x67FD, "\x63\x68\x20\xc4\x93\x6e\x67"},
    {0x67FE, "\x6a\x20\x69\xc3\xb9"},
    {0x67FF, "\x73\x68\x20\xc3\xac"},
    {0x6800, "\x7a\x68\x20\xc4\xab"},
    {0x6801, "\x6c\x20\x69\xc7\x94"},
    {0x6802, "\x6d\x20\xc3\xa9\x69"},
    {0x6803, "\x6c\x20\xc3\xac"},
    {0x6804, "\x72\x20\xc3\xb3\x6e\x67"},
    {0x6805, "\x7a\x68\x20\xc3\xa0"},
    {0x6806, "\x7a\x20\xc7\x8e\x6f"},
    {0x6807, "\x62\x20\x69\xc4\x81\x6f"},
    {0x6808, "\x7a\x68\x20\xc3\xa0\x6e"},
    {0x6809, "\x7a\x68\x20\xc3\xac"},
    {0x680A, "\x6c\x20\xc3\xb3\x6e\x67"},
    {0x680B, "\x64\x20\xc3\xb2\x6e\x67"},
    {0x680C, "\x6c\x20\xc3\xba"},
    {0x680D, "\x73\x68\x20\xc4\x93\x6e\x67"},
    {0x680E, "\x6c\x20\xc3\xac"},
    {0x680F, "\x6c\x20\xc3\xa1\x6e"},
    {0x6810, "\x79\x20\xc7\x92\x6e\x67"},
    {0x6811, "\x73\x68\x20\xc3\xb9"},
    {0x6812, "\x78\x20\xc3\xba\x6e"},
    {0x6813, "\x73\x68\x20\x75\xc4\x81\x6e"},
    {0x6814, "\x71\x20\xc3\xac"},
    {0x6815, "\x7a\x68\x20\xc4\x93\x6e"},
    {0x6816, "\x71\x20\xc4\xab"},
    {0x6817, "\x6c\x20\xc3\xac"},
    {0x6818, "\x79\x20\xc3\xad"},
    {0x6819, "\x78\x20\x69\xc3\xa1\x6e\x67"},
    {0x681A, "\x7a\x68\x20\xc3\xa8\x6e"},
    {0x681B, "\x6c\x20\xc3\xac"},
    {0x681C, "\x73\x20\xc3\xa8"},
    {0x681D, "\x67\x20\x75\xc4\x81"},
    {0x681E, "\x6b\x20\xc4\x81\x6e"},
    {0x681F, "\x62\x20\xc4\x93\x6e"},
    {0x6820, "\x72\x20\xc4\x9b\x6e"},
    {0x6821, "\x78\x20\x69\xc3\xa0\x6f"},
    {0x6822, "\x62\x20\xc7\x8e\x69"},
    {0x6823, "\x72\x20\xc4\x9b\x6e"},
    {0x6824, "\x62\x20\xc3\xac\x6e\x67"},
    {0x6825, "\x7a\x20\xc4\xab"},
    {0x6826, "\x63\x68\x20\xc3\xb3\x75"},
    {0x6827, "\x79\x20\xc3\xac"},
    {0x6828, "\x63\x20\xc3\xac"},
    {0x6829, "\x78\x20\xc7\x94"},
    {0x682A, "\x7a\x68\x20\xc5\xab"},
    {0x682B, "\x6a\x20\x69\xc3\xa0\x6e"},
    {0x682C, "\x7a\x20\x75\xc3\xac"},
    {0x682D, "\xc3\xa9\x72"},
    {0x682E, "\xc4\x9b\x72"},
    {0x682F, "\x79\x20\xc7\x92\x75"},
    {0x6830, "\x66\x20\xc3\xa1"},
    {0x6831, "\x67\x20\xc7\x92\x6e\x67"},
    {0x6832, "\x6b\x20\xc7\x8e\x6f"},
    {0x6833, "\x6c\x20\xc7\x8e\x6f"},
    {0x6834, "\x7a\x68\x20\xc4\x81\x6e"},
    {0x6835, "\x6c\x20\x69\xc3\xa8"},
    {0x6836, "\x79\x20\xc4\xab\x6e"},
    {0x6837, "\x79\x20\xc3\xa0\x6e\x67"},
    {0x6838, "\x68\x20\xc3\xa9"},
    {0x6839, "\x67\x20\xc4\x93\x6e"},
    {0x683A, "\x79\x20\xc3\xac"},
    {0x683B, "\x73\x68\x20\xc3\xac"},
    {0x683C, "\x67\x20\xc3\xa9"},
    {0x683D, "\x7a\x20\xc4\x81\x69"},
    {0x683E, "\x6c\x20\x75\xc3\xa1\x6e"},
    {0x683F, "\x66\x20\xc3\xba"},
    {0x6840, "\x6a\x20\x69\xc3\xa9"},
    {0x6841, "\x68\x20\xc3\xa9\x6e\x67"},
    {0x6842, "\x67\x20\x75\xc3\xac"},
    {0x6843, "\x74\x20\xc3\xa1\x6f"},
    {0x6844, "\x67\x20\x75\xc4\x81\x6e\x67"},
    {0x6845, "\x77\x20\xc3\xa9\x69"},
    {0x6846, "\x6b\x20\x75\xc4\x81\x6e\x67"},
    {0x6847, "\x72\x20\xc3\xba"},
    {0x6848, "\xc3\xa0\x6e"},
    {0x6849, "\xc4\x81\x6e"},
    {0x684A, "\x6a\x20\x75\xc3\xa0\x6e"},
    {0x684B, "\x79\x20\xc3\xad"},
    {0x684C, "\x7a\x68\x20\x75\xc5\x8d"},
    {0x684D, "\x6b\x20\xc5\xab"},
    {0x684E, "\x7a\x68\x20\xc3\xac"},
    {0x684F, "\x71\x20\x69\xc3\xb3\x6e\x67"},
    {0x6850, "\x74\x20\xc3\xb3\x6e\x67"},
    {0x6851, "\x73\x20\xc4\x81\x6e\x67"},
    {0x6852, "\x73\x20\xc4\x81\x6e\x67"},
    {0x6853, "\x68\x20\x75\xc3\xa1\x6e"},
    {0x6854, "\x6a\x20\xc3\xba"},
    {0x6855, "\x6a\x20\x69\xc3\xb9"},
    {0x6856, "\x78\x20\x75\xc3\xa8"},
    {0x6857, "\x64\x20\x75\xc3\xb2"},
    {0x6858, "\x7a\x68\x20\x75\xc3\xac"},
    {0x6859, "\x79\x20\xc3\xba"},
    {0x685A, "\x7a\x20\xc7\x8e\x6e"},
    {0x685C, "\x79\x20\xc4\xab\x6e\x67"},
    {0x685D, "\x6a\x20\x69\xc3\xa9"},
    {0x685E, "\x6c\x20\x69\xc7\x94"},
    {0x685F, "\x7a\x68\x20\xc3\xa0\x6e"},
    {0x6860, "\x79\x20\xc4\x81"},
    {0x6861, "\x72\x20\xc3\xa1\x6f"},
    {0x6862, "\x7a\x68\x20\xc4\x93\x6e"},
    {0x6863, "\x64\x20\xc3\xa0\x6e\x67"},
    {0x6864, "\x71\x20\xc4\xab"},
    {0x6865, "\x71\x20\x69\xc3\xa1\x6f"},
    {0x6866, "\x68\x20\x75\xc3\xa0"},
    {0x6867, "\x67\x20\x75\xc3\xac"},
    {0x6868, "\x6a\x20\x69\xc7\x8e\x6e\x67"},
    {0x6869, "\x7a\x68\x20\x75\xc4\x81\x6e\x67"},
    {0x686A, "\x78\x20\xc3\xba\x6e"},
    {0x686B, "\x73\x20\x75\xc5\x8d"},
    {0x686C, "\x73\x68\x20\xc4\x81"},
    {0x686D, "\x7a\x68\x20\xc4\x93\x6e"},
    {0x686E, "\x62\x20\xc4\x93\x69"},
    {0x686F, "\x74\x20\xc4\xab\x6e\x67"},
    {0x6870, "\x6b\x20\x75\xc3\xb2"},
    {0x6871, "\x6a\x20\xc3\xac\x6e\x67"},
    {0x6872, "\x70\x20\x6f"},
    {0x6873, "\x62\x20\xc3\xa8\x6e"},
    {0x6874, "\x66\x20\xc3\xba"},
    {0x6875, "\x72\x20\x75\xc3\xad"},
    {0x6876, "\x74\x20\xc7\x92\x6e\x67"},
    {0x6877, "\x6a\x20\x75\xc3\xa9"},
    {0x6878, "\x78\x20\xc4\xab"},
    {0x6879, "\x6c\x20\xc3\xa1\x6e\x67"},
    {0x687A, "\x6c\x20\x69\xc7\x94"},
    {0x687B, "\x66\x20\xc4\x93\x6e\x67"},
    {0x687C, "\x71\x20\xc4\xab"},
    {0x687D, "\x77\x20\xc4\x9b\x6e"},
    {0x687E, "\x6a\x20\xc5\xab\x6e"},
    {0x687F, "\x67\x20\xc7\x8e\x6e"},
    {0x6880, "\x73\x20\xc3\xb9"},
    {0x6881, "\x6c\x20\x69\xc3\xa1\x6e\x67"},
    {0x6882, "\x71\x20\x69\xc3\xba"},
    {0x6883, "\x74\x20\xc7\x90\x6e\x67"},
    {0x6884, "\x79\x20\xc7\x92\x75"},
    {0x6885, "\x6d\x20\xc3\xa9\x69"},
    {0x6886, "\x62\x20\xc4\x81\x6e\x67"},
    {0x6887, "\x6c\x20\xc3\xb2\x6e\x67"},
    {0x6888, "\x70\x20\xc4\x93\x6e\x67"},
    {0x6889, "\x7a\x68\x20\x75\xc4\x81\x6e\x67"},
    {0x688A, "\x64\x20\xc3\xac"},
    {0x688B, "\x78\x20\x75\xc4\x81\x6e"},
    {0x688C, "\x74\x20\xc3\xba"},
    {0x688D, "\x7a\x20\xc3\xa0\x6f"},
    {0x688E, "\xc4\x81\x6f"},
    {0x688F, "\x67\x20\xc3\xb9"},
    {0x6890, "\x62\x20\xc3\xac"},
    {0x6891, "\x64\x20\xc3\xad"},
    {0x6892, "\x68\x20\xc3\xa1\x6e"},
    {0x6893, "\x7a\x20\xc7\x90"},
    {0x6894, "\x7a\x68\x20\xc4\xab"},
    {0x6895, "\x72\x20\xc3\xa8\x6e"},
    {0x6896, "\x62\x20\xc3\xa8\x69"},
    {0x6897, "\x67\x20\xc4\x9b\x6e\x67"},
    {0x6898, "\x6a\x20\x69\xc7\x8e\x6e"},
    {0x6899, "\x68\x20\x75\xc3\xa0\x6e"},
    {0x689A, "\x77\x20\xc7\x8e\x6e"},
    {0x689B, "\x6e\x20\x75\xc3\xb3"},
    {0x689C, "\x6a\x20\x69\xc4\x81"},
    {0x689D, "\x74\x20\x69\xc3\xa1\x6f"},
    {0x689E, "\x6a\x20\xc3\xac"},
    {0x689F, "\x78\x20\x69\xc4\x81\x6f"},
    {0x68A0, "\x6c\x20\xc7\x9a"},
    {0x68A1, "\x68\x20\xc3\xba\x6e"},
    {0x68A2, "\x73\x68\x20\xc4\x81\x6f"},
    {0x68A3, "\x63\x20\xc3\xa9\x6e"},
    {0x68A4, "\x66\x20\xc3\xa9\x6e"},
    {0x68A5, "\x73\x20\xc5\x8d\x6e\x67"},
    {0x68A6, "\x6d\x20\xc3\xa8\x6e\x67"},
    {0x68A7, "\x77\x20\xc3\xba"},
    {0x68A8, "\x6c\x20\xc3\xad"},
    {0x68A9, "\x6c\x20\xc3\xad"},
    {0x68AA, "\x64\x20\xc3\xb2\x75"},
    {0x68AB, "\x71\x20\xc7\x90\x6e"},
    {0x68AC, "\x79\x20\xc7\x90\x6e\x67"},
    {0x68AD, "\x73\x20\x75\xc5\x8d"},
    {0x68AE, "\x6a\x20\xc5\xab"},
    {0x68AF, "\x74\x20\xc4\xab"},
    {0x68B0, "\x78\x20\x69\xc3\xa8"},
    {0x68B1, "\x6b\x20\xc7\x94\x6e"},
    {0x68B2, "\x7a\x68\x20\x75\xc3\xb3"},
    {0x68B3, "\x73\x68\x20\xc5\xab"},
    {0x68B4, "\x63\x68\x20\xc4\x81\x6e"},
    {0x68B5, "\x66\x20\xc3\xa0\x6e"},
    {0x68B6, "\x77\x20\xc4\x9b\x69"},
    {0x68B7, "\x6a\x20\xc3\xac\x6e\x67"},
    {0x68B8, "\x6c\x20\xc3\xad"},
    {0x68B9, "\x62\x20\xc4\xab\x6e"},
    {0x68BA, "\x78\x20\x69\xc3\xa0"},
    {0x68BB, "\x66\x20\xc3\xb3"},
    {0x68BC, "\x74\x20\xc3\xa1\x6f"},
    {0x68BD, "\x7a\x68\x20\xc3\xac"},
    {0x68BE, "\x6c\x20\xc3\xa1\x69"},
    {0x68BF, "\x6c\x20\x69\xc3\xa1\x6e"},
    {0x68C0, "\x6a\x20\x69\xc7\x8e\x6e"},
    {0x68C1, "\x7a\x68\x20\x75\xc5\x8d"},
    {0x68C2, "\x6c\x20\xc3\xad\x6e\x67"},
    {0x68C3, "\x6c\x20\xc3\xad"},
    {0x68C4, "\x71\x20\xc3\xac"},
    {0x68C5, "\x62\x20\xc7\x90\x6e\x67"},
    {0x68C6, "\x6c\x20\xc3\xba\x6e"},
    {0x68C7, "\x63\x20\xc5\x8d\x6e\x67"},
    {0x68C8, "\x71\x20\x69\xc3\xa0\x6e"},
    {0x68C9, "\x6d\x20\x69\xc3\xa1\x6e"},
    {0x68CA, "\x71\x20\xc3\xad"},
    {0x68CB, "\x71\x20\xc3\xad"},
    {0x68CC, "\x63\x20\xc3\xa0\x69"},
    {0x68CD, "\x67\x20\xc3\xb9\x6e"},
    {0x68CE, "\x63\x68\x20\xc3\xa1\x6e"},
    {0x68CF, "\x64\x20\xc3\xa9"},
    {0x68D0, "\x66\x20\xc4\x9b\x69"},
    {0x68D1, "\x70\x20\xc3\xa1\x69"},
    {0x68D2, "\x62\x20\xc3\xa0\x6e\x67"},
    {0x68D3, "\x62\x20\xc3\xa0\x6e\x67"},
    {0x68D4, "\x68\x20\xc5\xab\x6e"},
    {0x68D5, "\x7a\x20\xc5\x8d\x6e\x67"},
    {0x68D6, "\x63\x68\x20\xc3\xa9\x6e\x67"},
    {0x68D7, "\x7a\x20\xc7\x8e\x6f"},
    {0x68D8, "\x6a\x20\xc3\xad"},
    {0x68D9, "\x6c\x20\xc3\xac"},
    {0x68DA, "\x70\x20\xc3\xa9\x6e\x67"},
    {0x68DB, "\x79\x20\xc3\xb9"},
    {0x68DC, "\x79\x20\xc3\xb9"},
    {0x68DD, "\x67\x20\xc3\xb9"},
    {0x68DE, "\x6a\x20\xc3\xb9\x6e"},
    {0x68DF, "\x64\x20\xc3\xb2\x6e\x67"},
    {0x68E0, "\x74\x20\xc3\xa1\x6e\x67"},
    {0x68E1, "\x67\x20\xc4\x81\x6e\x67"},
    {0x68E2, "\x77\x20\xc7\x8e\x6e\x67"},
    {0x68E3, "\x64\x20\xc3\xac"},
    {0x68E4, "\x63\x20\x75\xc3\xb2"},
    {0x68E5, "\x66\x20\xc3\xa1\x6e"},
    {0x68E6, "\x63\x68\x20\xc4\x93\x6e\x67"},
    {0x68E7, "\x7a\x68\x20\xc3\xa0\x6e"},
    {0x68E8, "\x71\x20\xc7\x90"},
    {0x68E9, "\x79\x20\x75\xc4\x81\x6e"},
    {0x68EA, "\x79\x20\xc7\x8e\x6e"},
    {0x68EB, "\x79\x20\xc3\xb9"},
    {0x68EC, "\x71\x20\x75\xc4\x81\x6e"},
    {0x68ED, "\x79\x20\xc3\xac"},
    {0x68EE, "\x73\x20\xc4\x93\x6e"},
    {0x68EF, "\x72\x20\xc4\x9b\x6e"},
    {0x68F0, "\x63\x68\x20\x75\xc3\xad"},
    {0x68F1, "\x6c\x20\xc3\xa9\x6e\x67"},
    {0x68F2, "\x71\x20\xc4\xab"},
    {0x68F3, "\x7a\x68\x20\x75\xc5\x8d"},
    {0x68F4, "\x66\x20\xc3\xba"},
    {0x68F5, "\x6b\x20\xc4\x93"},
    {0x68F6, "\x6c\x20\xc3\xa1\x69"},
    {0x68F7, "\x7a\x20\xc5\x8d\x75"},
    {0x68F8, "\x7a\x20\xc5\x8d\x75"},
    {0x68F9, "\x7a\x68\x20\xc3\xa0\x6f"},
    {0x68FA, "\x67\x20\x75\xc4\x81\x6e"},
    {0x68FB, "\x66\x20\xc4\x93\x6e"},
    {0x68FC, "\x66\x20\xc3\xa9\x6e"},
    {0x68FD, "\x73\x68\x20\xc4\x93\x6e"},
    {0x68FE, "\x71\x20\xc3\xad\x6e\x67"},
    {0x68FF, "\x6e\x20\xc3\xad"},
    {0x6900, "\x77\x20\xc7\x8e\x6e"},
    {0x6901, "\x67\x20\x75\xc7\x92"},
    {0x6902, "\x6c\x20\xc3\xb9"},
    {0x6903, "\x68\x20\xc3\xa1\x6f"},
    {0x6904, "\x6a\x20\x69\xc4\x93"},
    {0x6905, "\x79\x20\xc7\x90"},
    {0x6906, "\x63\x68\x20\xc3\xb3\x75"},
    {0x6907, "\x6a\x20\xc7\x94"},
    {0x6908, "\x6a\x20\xc3\xba"},
    {0x6909, "\x63\x68\x20\xc3\xa9\x6e\x67"},
    {0x690A, "\x7a\x20\x75\xc3\xb3"},
    {0x690B, "\x6c\x20\x69\xc3\xa1\x6e\x67"},
    {0x690C, "\x71\x20\x69\xc4\x81\x6e\x67"},
    {0x690D, "\x7a\x68\x20\xc3\xad"},
    {0x690E, "\x63\x68\x20\x75\xc3\xad"},
    {0x690F, "\x79\x20\xc4\x81"},
    {0x6910, "\x6a\x20\xc5\xab"},
    {0x6911, "\x62\x20\xc4\x93\x69"},
    {0x6912, "\x6a\x20\x69\xc4\x81\x6f"},
    {0x6913, "\x7a\x68\x20\x75\xc3\xb3"},
    {0x6914, "\x7a\x20\xc4\xab"},
    {0x6915, "\x62\x20\xc4\xab\x6e"},
    {0x6916, "\x70\x20\xc3\xa9\x6e\x67"},
    {0x6917, "\x64\x20\xc3\xac\x6e\x67"},
    {0x6918, "\x63\x68\x20\xc7\x94"},
    {0x6919, "\x63\x68\x20\xc4\x81\x6e\x67"},
    {0x691A, "\x6d\x20\xc4\x93\x6e"},
    {0x691B, "\x68\x20\x75\xc4\x81"},
    {0x691C, "\x6a\x20\x69\xc7\x8e\x6e"},
    {0x691D, "\x67\x20\x75\xc4\xab"},
    {0x691E, "\x78\x20\xc3\xac"},
    {0x691F, "\x64\x20\xc3\xba"},
    {0x6920, "\x71\x20\x69\xc3\xa0\x6e"},
    {0x6921, "\x64\x20\xc3\xa0\x6f"},
    {0x6922, "\x67\x20\x75\xc3\xac"},
    {0x6923, "\x64\x20\x69\xc7\x8e\x6e"},
    {0x6924, "\x6c\x20\x75\xc3\xb3"},
    {0x6925, "\x7a\x68\x20\xc4\xab"},
    {0x6926, "\x71\x20\x75\x61\x6e"},
    {0x6927, "\x6d\x20\xc3\xac\x6e\x67"},
    {0x6928, "\x66\x20\xc7\x94"},
    {0x6929, "\x67\x20\xc4\x93\x6e\x67"},
    {0x692A, "\x70\x20\xc3\xa8\x6e\x67"},
    {0x692B, "\x73\x68\x20\xc3\xa0\x6e"},
    {0x692C, "\x79\x20\xc3\xad"},
    {0x692D, "\x74\x20\x75\xc7\x92"},
    {0x692E, "\x73\x20\xc4\x93\x6e"},
    {0x692F, "\x64\x20\x75\xc7\x92"},
    {0x6930, "\x79\x20\xc4\x93"},
    {0x6931, "\x66\x20\xc3\xb9"},
    {0x6932, "\x77\x20\xc4\x9b\x69"},
    {0x6933, "\x77\x20\xc4\x93\x69"},
    {0x6934, "\x64\x20\x75\xc3\xa0\x6e"},
    {0x6935, "\x6a\x20\x69\xc7\x8e"},
    {0x6936, "\x7a\x20\xc5\x8d\x6e\x67"},
    {0x6937, "\x6a\x20\x69\xc4\x81\x6e"},
    {0x6938, "\x79\x20\xc3\xad"},
    {0x6939, "\x73\x68\x20\xc3\xa8\x6e"},
    {0x693A, "\x78\x20\xc3\xad"},
    {0x693B, "\x79\x20\xc3\xa0\x6e"},
    {0x693C, "\x79\x20\xc7\x8e\x6e"},
    {0x693D, "\x63\x68\x20\x75\xc3\xa1\x6e"},
    {0x693E, "\x6a\x20\x69\xc4\x81\x6e"},
    {0x693F, "\x63\x68\x20\xc5\xab\x6e"},
    {0x6940, "\x79\x20\xc7\x94"},
    {0x6941, "\x68\x20\xc3\xa9"},
    {0x6942, "\x7a\x68\x20\xc4\x81"},
    {0x6943, "\x77\x20\xc3\xb2"},
    {0x6944, "\x70\x20\x69\xc3\xa1\x6e"},
    {0x6945, "\x62\x20\xc4\xab"},
    {0x6946, "\x79\x20\xc4\x81\x6f"},
    {0x6947, "\x68\x20\x75\xc3\xb2"},
    {0x6948, "\x78\x20\xc5\xab"},
    {0x6949, "\x72\x20\x75\xc3\xb2"},
    {0x694A, "\x79\x20\xc3\xa1\x6e\x67"},
    {0x694B, "\x6c\x20\xc3\xa0"},
    {0x694C, "\x79\x20\xc3\xa1\x6e"},
    {0x694D, "\x62\x20\xc4\x9b\x6e"},
    {0x694E, "\x68\x20\x75\xc4\xab"},
    {0x694F, "\x6b\x20\x75\xc3\xad"},
    {0x6950, "\x6a\x20\x69\xc3\xa8"},
    {0x6951, "\x6b\x20\x75\xc3\xad"},
    {0x6952, "\x73\x20\xc4\xab"},
    {0x6953, "\x66\x20\xc4\x93\x6e\x67"},
    {0x6954, "\x78\x20\x69\xc4\x93"},
    {0x6955, "\x74\x20\x75\xc7\x92"},
    {0x6956, "\x7a\x68\x20\xc3\xac"},
    {0x6957, "\x6a\x20\x69\xc3\xa0\x6e"},
    {0x6958, "\x6d\x20\xc3\xb9"},
    {0x6959, "\x6d\x20\xc3\xa0\x6f"},
    {0x695A, "\x63\x68\x20\xc7\x94"},
    {0x695B, "\x68\x20\xc3\xb9"},
    {0x695C, "\x68\x20\xc3\xba"},
    {0x695D, "\x6c\x20\x69\xc3\xa0\x6e"},
    {0x695E, "\x6c\x20\xc3\xa9\x6e\x67"},
    {0x695F, "\x74\x20\xc3\xad\x6e\x67"},
    {0x6960, "\x6e\x20\xc3\xa1\x6e"},
    {0x6961, "\x79\x20\xc3\xba"},
    {0x6962, "\x79\x20\xc3\xb3\x75"},
    {0x6963, "\x6d\x20\xc3\xa9\x69"},
    {0x6964, "\x73\x20\xc7\x92\x6e\x67"},
    {0x6965, "\x78\x20\x75\xc3\xa0\x6e"},
    {0x6966, "\x78\x20\x75\xc3\xa0\x6e"},
    {0x6967, "\x79\x20\xc7\x8e\x6e\x67"},
    {0x6968, "\x7a\x68\x20\xc4\x93\x6e"},
    {0x6969, "\x70\x20\x69\xc3\xa1\x6e"},
    {0x696A, "\x79\x20\xc3\xa8"},
    {0x696B, "\x6a\x20\xc3\xad"},
    {0x696C, "\x6a\x20\x69\xc3\xa9"},
    {0x696D, "\x79\x20\xc3\xa8"},
    {0x696E, "\x63\x68\x20\xc7\x94"},
    {0x696F, "\x64\x20\xc3\xb9\x6e"},
    {0x6970, "\x79\x20\xc3\xba"},
    {0x6971, "\x7a\x20\xc3\xb2\x75"},
    {0x6972, "\x77\x20\xc4\x93\x69"},
    {0x6973, "\x6d\x20\xc3\xa9\x69"},
    {0x6974, "\x74\x20\xc3\xac"},
    {0x6975, "\x6a\x20\xc3\xad"},
    {0x6976, "\x6a\x20\x69\xc3\xa9"},
    {0x6977, "\x6b\x20\xc7\x8e\x69"},
    {0x6978, "\x71\x20\x69\xc5\xab"},
    {0x6979, "\x79\x20\xc3\xad\x6e\x67"},
    {0x697A, "\x72\x20\xc7\x92\x75"},
    {0x697B, "\x68\x20\x75\xc3\xa1\x6e\x67"},
    {0x697C, "\x6c\x20\xc3\xb3\x75"},
    {0x697D, "\x6c\x20\xc3\xa8"},
    {0x697E, "\x71\x20\x75\xc3\xa1\x6e"},
    {0x697F, "\x78\x20\x69\xc4\x81\x6e\x67"},
    {0x6980, "\x70\x20\xc7\x90\x6e"},
    {0x6981, "\x73\x68\x20\xc7\x90"},
    {0x6982, "\x67\x20\xc3\xa0\x69"},
    {0x6983, "\x74\x20\xc3\xa1\x6e"},
    {0x6984, "\x6c\x20\xc7\x8e\x6e"},
    {0x6985, "\x77\x20\xc4\x93\x6e"},
    {0x6986, "\x79\x20\xc3\xba"},
    {0x6987, "\x63\x68\x20\xc3\xa8\x6e"},
    {0x6988, "\x6c\x20\xc7\x98"},
    {0x6989, "\x6a\x20\xc7\x94"},
    {0x698A, "\x73\x68\x20\xc3\xa9\x6e"},
    {0x698B, "\x63\x68\x20\x75"},
    {0x698C, "\x62\x20\xc4\xab"},
    {0x698D, "\x78\x20\x69\xc3\xa8"},
    {0x698E, "\x6a\x20\x69\xc7\x8e"},
    {0x698F, "\x79\x20\xc3\xac"},
    {0x6990, "\x7a\x68\x20\xc7\x8e\x6e"},
    {0x6991, "\x66\x20\xc3\xba"},
    {0x6992, "\x6e\x20\x75\xc3\xb2"},
    {0x6993, "\x6d\x20\xc3\xac"},
    {0x6994, "\x6c\x20\xc3\xa1\x6e\x67"},
    {0x6995, "\x72\x20\xc3\xb3\x6e\x67"},
    {0x6996, "\x67\x20\xc7\x94"},
    {0x6997, "\x6a\x20\x69\xc3\xa0\x6e"},
    {0x6998, "\x6a\x20\xc7\x94"},
    {0x6999, "\x74\x20\xc4\x81"},
    {0x699A, "\x79\x20\xc7\x8e\x6f"},
    {0x699B, "\x7a\x68\x20\xc4\x93\x6e"},
    {0x699C, "\x62\x20\xc7\x8e\x6e\x67"},
    {0x699D, "\x73\x68\x20\xc4\x81"},
    {0x699E, "\x79\x20\x75\xc3\xa1\x6e"},
    {0x699F, "\x7a\x20\xc7\x90"},
    {0x69A0, "\x6d\x20\xc3\xad\x6e\x67"},
    {0x69A1, "\x73\x20\xc3\xb9"},
    {0x69A2, "\x6a\x20\x69\xc3\xa0"},
    {0x69A3, "\x79\x20\xc3\xa1\x6f"},
    {0x69A4, "\x6a\x20\x69\xc3\xa9"},
    {0x69A5, "\x68\x20\x75\xc3\xa0\x6e\x67"},
    {0x69A6, "\x67\x20\xc3\xa0\x6e"},
    {0x69A7, "\x66\x20\xc4\x9b\x69"},
    {0x69A8, "\x7a\x68\x20\xc3\xa0"},
    {0x69A9, "\x71\x20\x69\xc3\xa1\x6e"},
    {0x69AA, "\x6d\x20\xc3\xa0"},
    {0x69AB, "\x73\x20\xc7\x94\x6e"},
    {0x69AC, "\x79\x20\x75\xc3\xa1\x6e"},
    {0x69AD, "\x78\x20\x69\xc3\xa8"},
    {0x69AE, "\x72\x20\xc3\xb3\x6e\x67"},
    {0x69AF, "\x73\x68\x20\xc3\xad"},
    {0x69B0, "\x7a\x68\x20\xc4\xab"},
    {0x69B1, "\x63\x20\x75\xc4\xab"},
    {0x69B2, "\x77\x20\xc4\x93\x6e"},
    {0x69B3, "\x74\x20\xc3\xad\x6e\x67"},
    {0x69B4, "\x6c\x20\x69\xc3\xba"},
    {0x69B5, "\x72\x20\xc3\xb3\x6e\x67"},
    {0x69B6, "\x74\x20\xc3\xa1\x6e\x67"},
    {0x69B7, "\x71\x20\x75\xc3\xa8"},
    {0x69B8, "\x7a\x68\x20\xc4\x81\x69"},
    {0x69B9, "\x73\x20\xc4\xab"},
    {0x69BA, "\x73\x68\x20\xc3\xa8\x6e\x67"},
    {0x69BB, "\x74\x20\xc3\xa0"},
    {0x69BC, "\x6b\x20\xc4\x93"},
    {0x69BD, "\x78\x20\xc4\xab"},
    {0x69BE, "\x67\x20\xc7\x94"},
    {0x69BF, "\x71\x20\xc4\xab"},
    {0x69C0, "\x67\x20\xc7\x8e\x6f"},
    {0x69C1, "\x67\x20\xc7\x8e\x6f"},
    {0x69C2, "\x73\x20\xc5\xab\x6e"},
    {0x69C3, "\x70\x20\xc3\xa1\x6e"},
    {0x69C4, "\x74\x20\xc4\x81\x6f"},
    {0x69C5, "\x67\x20\xc3\xa9"},
    {0x69C6, "\x63\x68\x20\xc5\xab\x6e"},
    {0x69C7, "\x64\x20\x69\xc4\x81\x6e"},
    {0x69C8, "\x6e\x20\xc3\xb2\x75"},
    {0x69C9, "\x6a\x20\xc3\xad"},
    {0x69CA, "\x73\x68\x20\x75\xc3\xb2"},
    {0x69CB, "\x67\x20\xc3\xb2\x75"},
    {0x69CC, "\x63\x68\x20\x75\xc3\xad"},
    {0x69CD, "\x71\x20\x69\xc4\x81\x6e\x67"},
    {0x69CE, "\x63\x68\x20\xc3\xa1"},
    {0x69CF, "\x71\x20\x69\xc7\x8e\x6e"},
    {0x69D0, "\x68\x20\x75\xc3\xa1\x69"},
    {0x69D1, "\x6d\x20\xc3\xa9\x69"},
    {0x69D2, "\x78\x20\xc3\xb9"},
    {0x69D3, "\x67\x20\xc3\xa0\x6e\x67"},
    {0x69D4, "\x67\x20\xc4\x81\x6f"},
    {0x69D5, "\x7a\x68\x20\x75\xc5\x8d"},
    {0x69D6, "\x74\x20\x75\xc3\xb3"},
    {0x69D7, "\x71\x20\x69\xc3\xa1\x6f"},
    {0x69D8, "\x79\x20\xc3\xa0\x6e\x67"},
    {0x69D9, "\x64\x20\x69\xc4\x81\x6e"},
    {0x69DA, "\x6a\x20\x69\xc7\x8e"},
    {0x69DB, "\x6b\x20\xc7\x8e\x6e"},
    {0x69DC, "\x7a\x20\x75\xc3\xac"},
    {0x69DD, "\x64\x20\xc7\x8e\x6f"},
    {0x69DE, "\x6c\x20\xc3\xb3\x6e\x67"},
    {0x69DF, "\x62\x20\xc4\xab\x6e"},
    {0x69E0, "\x7a\x68\x20\xc5\xab"},
    {0x69E1, "\x73\x20\xc4\x81\x6e\x67"},
    {0x69E2, "\x78\x20\xc3\xad"},
    {0x69E3, "\x6a\x20\xc4\xab"},
    {0x69E4, "\x6c\x20\x69\xc3\xa1\x6e"},
    {0x69E5, "\x68\x20\x75\xc3\xac"},
    {0x69E6, "\x79\x20\xc5\x8d\x6e\x67"},
    {0x69E7, "\x71\x20\x69\xc3\xa0\x6e"},
    {0x69E8, "\x67\x20\x75\xc7\x92"},
    {0x69E9, "\x67\x20\xc3\xa0\x69"},
    {0x69EA, "\x67\x20\xc3\xa0\x69"},
    {0x69EB, "\x74\x20\x75\xc3\xa1\x6e"},
    {0x69EC, "\x68\x20\x75\xc3\xa0"},
    {0x69ED, "\x71\x20\xc4\xab"},
    {0x69EE, "\x73\x20\xc4\x93\x6e"},
    {0x69EF, "\x63\x20\x75\xc4\xab"},
    {0x69F0, "\x70\x20\xc3\xa9\x6e\x67"},
    {0x69F1, "\x79\x20\xc7\x92\x75"},
    {0x69F2, "\x68\x20\xc3\xba"},
    {0x69F3, "\x6a\x20\x69\xc7\x8e\x6e\x67"},
    {0x69F4, "\x68\x20\xc3\xb9"},
    {0x69F5, "\x68\x20\x75\xc3\xa0\x6e"},
    {0x69F6, "\x67\x20\x75\xc3\xac"},
    {0x69F7, "\x6e\x20\x69\xc3\xa8"},
    {0x69F8, "\x79\x20\xc3\xac"},
    {0x69F9, "\x67\x20\xc4\x81\x6f"},
    {0x69FA, "\x6b\x20\xc4\x81\x6e\x67"},
    {0x69FB, "\x67\x20\x75\xc4\xab"},
    {0x69FC, "\x67\x20\x75\xc4\xab"},
    {0x69FD, "\x63\x20\xc3\xa1\x6f"},
    {0x69FE, "\x6d\x20\xc3\xa0\x6e"},
    {0x69FF, "\x6a\x20\xc7\x90\x6e"},
    {0x6A00, "\x64\x20\xc3\xad"},
    {0x6A01, "\x7a\x68\x20\x75\xc4\x81\x6e\x67"},
    {0x6A02, "\x6c\x20\xc3\xa8"},
    {0x6A03, "\x6c\x20\xc7\x8e\x6e\x67"},
    {0x6A04, "\x63\x68\x20\xc3\xa9\x6e"},
    {0x6A05, "\x63\x20\xc5\x8d\x6e\x67"},
    {0x6A06, "\x6c\x20\xc3\xad"},
    {0x6A07, "\x78\x20\x69\xc5\xab"},
    {0x6A08, "\x71\x20\xc3\xad\x6e\x67"},
    {0x6A09, "\x73\x68\x20\x75\xc7\x8e\x6e\x67"},
    {0x6A0A, "\x66\x20\xc3\xa1\x6e"},
    {0x6A0B, "\x74\x20\xc5\x8d\x6e\x67"},
    {0x6A0C, "\x67\x20\x75\xc3\xa0\x6e"},
    {0x6A0D, "\x7a\x20\xc3\xa9"},
    {0x6A0E, "\x73\x20\xc3\xb9"},
    {0x6A0F, "\x6c\x20\xc4\x9b\x69"},
    {0x6A10, "\x6c\x20\xc7\x94"},
    {0x6A11, "\x6c\x20\x69\xc3\xa1\x6e\x67"},
    {0x6A12, "\x6d\x20\xc3\xac"},
    {0x6A13, "\x6c\x20\xc3\xb3\x75"},
    {0x6A14, "\x63\x68\x20\xc3\xa1\x6f"},
    {0x6A15, "\x73\x20\xc3\xb9"},
    {0x6A16, "\x6b\x20\xc4\x93"},
    {0x6A17, "\x63\x68\x20\xc5\xab"},
    {0x6A18, "\x74\x20\xc3\xa1\x6e\x67"},
    {0x6A19, "\x62\x20\x69\xc4\x81\x6f"},
    {0x6A1A, "\x6c\x20\xc3\xb9"},
    {0x6A1B, "\x6a\x20\x69\xc5\xab"},
    {0x6A1C, "\x7a\x68\x20\xc3\xa8"},
    {0x6A1D, "\x7a\x68\x20\xc4\x81"},
    {0x6A1E, "\x73\x68\x20\xc5\xab"},
    {0x6A1F, "\x7a\x68\x20\xc4\x81\x6e\x67"},
    {0x6A20, "\x6d\x20\xc3\xa1\x6e"},
    {0x6A21, "\x6d\x20\xc3\xb3"},
    {0x6A22, "\x6e\x20\x69\xc7\x8e\x6f"},
    {0x6A23, "\x79\x20\xc3\xa0\x6e\x67"},
    {0x6A24, "\x74\x20\x69\xc3\xa1\x6f"},
    {0x6A25, "\x70\x20\xc3\xa9\x6e\x67"},
    {0x6A26, "\x7a\x68\x20\xc3\xb9"},
    {0x6A27, "\x73\x68\x20\xc4\x81"},
    {0x6A28, "\x78\x20\xc4\xab"},
    {0x6A29, "\x71\x20\x75\xc3\xa1\x6e"},
    {0x6A2A, "\x68\x20\xc3\xa9\x6e\x67"},
    {0x6A2B, "\x6a\x20\x69\xc4\x81\x6e"},
    {0x6A2C, "\x63\x20\xc5\x8d\x6e\x67"},
    {0x6A2D, "\x6a\x20\xc4\xab"},
    {0x6A2E, "\x79\x20\xc4\x81\x6e"},
    {0x6A2F, "\x71\x20\x69\xc3\xa1\x6e\x67"},
    {0x6A30, "\x78\x20\x75\xc4\x9b"},
    {0x6A31, "\x79\x20\xc4\xab\x6e\x67"},
    {0x6A32, "\xc3\xa8\x72"},
    {0x6A33, "\x78\x20\xc3\xba\x6e"},
    {0x6A34, "\x7a\x68\x20\xc3\xad"},
    {0x6A35, "\x71\x20\x69\xc3\xa1\x6f"},
    {0x6A36, "\x7a\x20\x75\xc4\xab"},
    {0x6A37, "\x63\x20\xc3\xb3\x6e\x67"},
    {0x6A38, "\x70\x20\xc7\x94"},
    {0x6A39, "\x73\x68\x20\xc3\xb9"},
    {0x6A3A, "\x68\x20\x75\xc3\xa0"},
    {0x6A3B, "\x6b\x20\x75\xc3\xac"},
    {0x6A3C, "\x7a\x68\x20\xc4\x93\x6e"},
    {0x6A3D, "\x7a\x20\xc5\xab\x6e"},
    {0x6A3E, "\x79\x20\x75\xc3\xa8"},
    {0x6A3F, "\x73\x68\x20\xc3\xa0\x6e"},
    {0x6A40, "\x78\x20\xc4\xab"},
    {0x6A41, "\x63\x68\x20\xc5\xab\x6e"},
    {0x6A42, "\x64\x20\x69\xc3\xa0\x6e"},
    {0x6A43, "\x66\x20\xc3\xa1"},
    {0x6A44, "\x67\x20\xc7\x8e\x6e"},
    {0x6A45, "\x6d\x20\xc3\xb3"},
    {0x6A46, "\x77\x20\xc7\x94"},
    {0x6A47, "\x71\x20\x69\xc4\x81\x6f"},
    {0x6A48, "\x72\x20\xc3\xa1\x6f"},
    {0x6A49, "\x6c\x20\xc3\xac\x6e"},
    {0x6A4A, "\x6c\x20\x69\xc3\xba"},
    {0x6A4B, "\x71\x20\x69\xc3\xa1\x6f"},
    {0x6A4C, "\x78\x20\x69\xc3\xa0\x6e"},
    {0x6A4D, "\x72\x20\xc3\xb9\x6e"},
    {0x6A4E, "\x66\x20\xc3\xa1\x6e"},
    {0x6A4F, "\x7a\x68\x20\xc7\x8e\x6e"},
    {0x6A50, "\x74\x20\x75\xc3\xb3"},
    {0x6A51, "\x6c\x20\xc7\x8e\x6f"},
    {0x6A52, "\x79\x20\xc3\xba\x6e"},
    {0x6A53, "\x73\x68\x20\xc3\xb9\x6e"},
    {0x6A54, "\x64\x20\xc5\xab\x6e"},
    {0x6A55, "\x63\x68\x20\xc4\x93\x6e\x67"},
    {0x6A56, "\x74\x20\xc3\xa1\x6e\x67"},
    {0x6A57, "\x6d\x20\xc3\xa9\x6e\x67"},
    {0x6A58, "\x6a\x20\xc3\xba"},
    {0x6A59, "\x63\x68\x20\xc3\xa9\x6e\x67"},
    {0x6A5A, "\x73\x20\xc3\xb9"},
    {0x6A5B, "\x6a\x20\x75\xc3\xa9"},
    {0x6A5C, "\x6a\x20\x75\xc3\xa9"},
    {0x6A5D, "\x64\x20\x69\xc3\xa0\x6e"},
    {0x6A5E, "\x68\x20\x75\xc3\xac"},
    {0x6A5F, "\x6a\x20\xc4\xab"},
    {0x6A60, "\x6e\x20\x75\xc7\x92"},
    {0x6A61, "\x78\x20\x69\xc3\xa0\x6e\x67"},
    {0x6A62, "\x74\x20\x75\xc7\x92"},
    {0x6A63, "\x6e\x20\xc7\x90\x6e\x67"},
    {0x6A64, "\x72\x20\x75\xc7\x90"},
    {0x6A65, "\x7a\x68\x20\xc5\xab"},
    {0x6A66, "\x74\x20\xc3\xb3\x6e\x67"},
    {0x6A67, "\x7a\x20\xc4\x93\x6e\x67"},
    {0x6A68, "\x66\x20\xc3\xa9\x6e"},
    {0x6A69, "\x71\x20\x69\xc3\xb3\x6e\x67"},
    {0x6A6A, "\x72\x20\xc7\x8e\x6e"},
    {0x6A6B, "\x68\x20\xc3\xa9\x6e\x67"},
    {0x6A6C, "\x71\x20\x69\xc3\xa1\x6e"},
    {0x6A6D, "\x67\x20\xc5\xab"},
    {0x6A6E, "\x6c\x20\x69\xc7\x94"},
    {0x6A6F, "\x6c\x20\xc3\xa0\x6f"},
    {0x6A70, "\x67\x20\xc4\x81\x6f"},
    {0x6A71, "\x63\x68\x20\xc3\xba"},
    {0x6A72, "\x78\x20\xc7\x90"},
    {0x6A73, "\x73\x68\x20\xc3\xa8\x6e\x67"},
    {0x6A74, "\x7a\x20\xc7\x90"},
    {0x6A75, "\x73\x20\x61\x6e"},
    {0x6A76, "\x6a\x20\xc3\xad"},
    {0x6A77, "\x64\x20\xc5\x8d\x75"},
    {0x6A78, "\x6a\x20\xc4\xab\x6e\x67"},
    {0x6A79, "\x6c\x20\xc7\x94"},
    {0x6A7A, "\x6a\x20\x69\x61\x6e"},
    {0x6A7B, "\x63\x68\x20\x75"},
    {0x6A7C, "\x79\x20\x75\xc3\xa1\x6e"},
    {0x6A7D, "\x74\x20\xc3\xa0"},
    {0x6A7E, "\x73\x68\x20\xc5\xab"},
    {0x6A7F, "\x6a\x20\x69\xc4\x81\x6e\x67"},
    {0x6A80, "\x74\x20\xc3\xa1\x6e"},
    {0x6A81, "\x6c\x20\xc7\x90\x6e"},
    {0x6A82, "\x6e\x20\xc3\xb3\x6e\x67"},
    {0x6A83, "\x79\x20\xc7\x90\x6e"},
    {0x6A84, "\x78\x20\xc3\xad"},
    {0x6A85, "\x68\x20\x75\xc3\xac"},
    {0x6A86, "\x73\x68\x20\xc4\x81\x6e"},
    {0x6A87, "\x7a\x20\x75\xc3\xac"},
    {0x6A88, "\x78\x20\x75\xc3\xa1\x6e"},
    {0x6A89, "\x63\x68\x20\xc4\x93\x6e\x67"},
    {0x6A8A, "\x67\x20\xc3\xa0\x6e"},
    {0x6A8B, "\x6a\x20\xc3\xba"},
    {0x6A8C, "\x7a\x20\x75\xc3\xac"},
    {0x6A8D, "\x79\x20\xc3\xac"},
    {0x6A8E, "\x71\x20\xc3\xad\x6e"},
    {0x6A8F, "\x70\x20\xc7\x94"},
    {0x6A90, "\x79\x20\xc3\xa1\x6e"},
    {0x6A91, "\x6c\x20\xc3\xa9\x69"},
    {0x6A92, "\x66\x20\xc4\x93\x6e\x67"},
    {0x6A93, "\x68\x20\x75\xc7\x90"},
    {0x6A94, "\x64\x20\xc3\xa0\x6e\x67"},
    {0x6A95, "\x6a\x20\xc3\xac"},
    {0x6A96, "\x73\x20\x75\xc3\xac"},
    {0x6A97, "\x62\x20\xc3\xb2"},
    {0x6A98, "\x70\x20\xc3\xad\x6e\x67"},
    {0x6A99, "\x63\x68\x20\xc3\xa9\x6e\x67"},
    {0x6A9A, "\x63\x68\x20\xc7\x94"},
    {0x6A9B, "\x7a\x68\x20\x75\xc4\x81"},
    {0x6A9C, "\x67\x20\x75\xc3\xac"},
    {0x6A9D, "\x6a\x20\xc3\xad"},
    {0x6A9E, "\x6a\x20\x69\xc4\x9b"},
    {0x6A9F, "\x6a\x20\x69\xc7\x8e"},
    {0x6AA0, "\x71\x20\xc3\xad\x6e\x67"},
    {0x6AA1, "\x7a\x68\x20\xc3\xa1\x69"},
    {0x6AA2, "\x6a\x20\x69\xc7\x8e\x6e"},
    {0x6AA3, "\x71\x20\x69\xc3\xa1\x6e\x67"},
    {0x6AA4, "\x64\x20\xc3\xa0\x6f"},
    {0x6AA5, "\x79\x20\xc7\x90"},
    {0x6AA6, "\x62\x20\x69\xc7\x8e\x6f"},
    {0x6AA7, "\x73\x20\xc5\x8d\x6e\x67"},
    {0x6AA8, "\x73\x68\x20\xc4\x93"},
    {0x6AA9, "\x6c\x20\xc7\x90\x6e"},
    {0x6AAA, "\x6c\x20\xc3\xac"},
    {0x6AAB, "\x63\x68\x20\xc3\xa1"},
    {0x6AAC, "\x6d\x20\xc3\xa9\x6e\x67"},
    {0x6AAD, "\x79\x20\xc3\xad\x6e"},
    {0x6AAE, "\x74\x20\xc3\xa1\x6f"},
    {0x6AAF, "\x74\x20\xc3\xa1\x69"},
    {0x6AB0, "\x6d\x20\x69\xc3\xa1\x6e"},
    {0x6AB1, "\x71\x20\xc3\xad"},
    {0x6AB2, "\x74\x20\x75\xc3\xa1\x6e"},
    {0x6AB3, "\x62\x20\xc4\xab\x6e"},
    {0x6AB4, "\x68\x20\x75\xc3\xb2"},
    {0x6AB5, "\x6a\x20\xc3\xac"},
    {0x6AB6, "\x71\x20\x69\xc4\x81\x6e"},
    {0x6AB7, "\x6e\x20\xc7\x90"},
    {0x6AB8, "\x6e\x20\xc3\xad\x6e\x67"},
    {0x6AB9, "\x79\x20\xc4\xab"},
    {0x6ABA, "\x67\x20\xc7\x8e\x6f"},
    {0x6ABB, "\x6b\x20\xc7\x8e\x6e"},
    {0x6ABC, "\x79\x20\xc3\xac\x6e"},
    {0x6ABD, "\x6e\x20\xc3\xb2\x75"},
    {0x6ABE, "\x71\x20\xc7\x90\x6e\x67"},
    {0x6ABF, "\x79\x20\xc7\x8e\x6e"},
    {0x6AC0, "\x71\x20\xc3\xad"},
    {0x6AC1, "\x6d\x20\xc3\xac"},
    {0x6AC2, "\x7a\x68\x20\xc3\xa0\x6f"},
    {0x6AC3, "\x67\x20\x75\xc3\xac"},
    {0x6AC4, "\x63\x68\x20\xc5\xab\x6e"},
    {0x6AC5, "\x6a\x20\xc4\xab"},
    {0x6AC6, "\x6b\x20\x75\xc3\xad"},
    {0x6AC7, "\x70\x20\xc3\xb3"},
    {0x6AC8, "\x64\x20\xc3\xa8\x6e\x67"},
    {0x6AC9, "\x63\x68\x20\xc3\xba"},
    {0x6ACA, "\x67\x20\xc3\xa9"},
    {0x6ACB, "\x6d\x20\x69\xc3\xa1\x6e"},
    {0x6ACC, "\x79\x20\xc5\x8d\x75"},
    {0x6ACD, "\x7a\x68\x20\xc3\xac"},
    {0x6ACE, "\x68\x20\x75\xc7\x8e\x6e\x67"},
    {0x6ACF, "\x71\x20\x69\xc4\x81\x6e"},
    {0x6AD0, "\x6c\x20\xc4\x9b\x69"},
    {0x6AD1, "\x6c\x20\xc3\xa9\x69"},
    {0x6AD2, "\x73\x20\xc3\xa0"},
    {0x6AD3, "\x6c\x20\xc7\x94"},
    {0x6AD4, "\x6c\x20\xc3\xac"},
    {0x6AD5, "\x63\x20\x75\xc3\xa1\x6e"},
    {0x6AD6, "\x6c\x20\xc7\x9c"},
    {0x6AD7, "\x6d\x20\x69\xc3\xa8"},
    {0x6AD8, "\x68\x20\x75\xc3\xac"},
    {0x6AD9, "\xc5\x8d\x75"},
    {0x6ADA, "\x6c\x20\xc7\x98"},
    {0x6ADB, "\x7a\x68\x20\xc3\xac"},
    {0x6ADC, "\x67\x20\xc4\x81\x6f"},
    {0x6ADD, "\x64\x20\xc3\xba"},
    {0x6ADE, "\x79\x20\x75\xc3\xa1\x6e"},
    {0x6ADF, "\x6c\x20\xc3\xac"},
    {0x6AE0, "\x66\x20\xc3\xa8\x69"},
    {0x6AE1, "\x7a\x68\x20\x75\xc3\xb3"},
    {0x6AE2, "\x73\x20\xc7\x92\x75"},
    {0x6AE3, "\x6c\x20\x69\xc3\xa1\x6e"},
    {0x6AE4, "\x6a\x20\x69\xc3\xa0\x6e\x67"},
    {0x6AE5, "\x63\x68\x20\xc3\xba"},
    {0x6AE6, "\x71\x20\xc3\xac\x6e\x67"},
    {0x6AE7, "\x7a\x68\x20\xc5\xab"},
    {0x6AE8, "\x6c\x20\xc3\xba"},
    {0x6AE9, "\x79\x20\xc3\xa1\x6e"},
    {0x6AEA, "\x6c\x20\xc3\xac"},
    {0x6AEB, "\x7a\x68\x20\xc5\xab"},
    {0x6AEC, "\x63\x68\x20\xc3\xa8\x6e"},
    {0x6AED, "\x6a\x20\x69\xc3\xa9"},
    {0x6AEE, "\xc3\xa8"},
    {0x6AEF, "\x73\x20\xc5\xab"},
    {0x6AF0, "\x68\x20\x75\xc3\xa1\x69"},
    {0x6AF1, "\x6e\x20\x69\xc3\xa8"},
    {0x6AF2, "\x79\x20\xc3\xb9"},
    {0x6AF3, "\x6c\x20\xc3\xb3\x6e\x67"},
    {0x6AF4, "\x6c\x20\xc3\xa0\x69"},
    {0x6AF5, "\x6a\x20\x69\x61\x6f"},
    {0x6AF6, "\x78\x20\x69\xc7\x8e\x6e"},
    {0x6AF7, "\x67\x20\x75\xc4\xab"},
    {0x6AF8, "\x6a\x20\xc7\x94"},
    {0x6AF9, "\x78\x20\x69\xc4\x81\x6f"},
    {0x6AFA, "\x6c\x20\xc3\xad\x6e\x67"},
    {0x6AFB, "\x79\x20\xc4\xab\x6e\x67"},
    {0x6AFC, "\x6a\x20\x69\xc4\x81\x6e"},
    {0x6AFD, "\x79\x20\xc7\x90\x6e"},
    {0x6AFE, "\x79\x20\xc3\xb3\x75"},
    {0x6AFF, "\x79\x20\xc3\xad\x6e\x67"},
    {0x6B00, "\x78\x20\x69\xc4\x81\x6e\x67"},
    {0x6B01, "\x6e\x20\xc3\xb3\x6e\x67"},
    {0x6B02, "\x62\x20\xc3\xb3"},
    {0x6B03, "\x63\x68\x20\xc3\xa1\x6e"},
    {0x6B04, "\x6c\x20\xc3\xa1\x6e"},
    {0x6B05, "\x6a\x20\xc7\x94"},
    {0x6B06, "\x73\x68\x20\x75\xc4\x81\x6e\x67"},
    {0x6B07, "\x73\x68\x20\xc3\xa8"},
    {0x6B08, "\x77\x20\xc3\xa9\x69"},
    {0x6B09, "\x63\x20\xc3\xb3\x6e\x67"},
    {0x6B0A, "\x71\x20\x75\xc3\xa1\x6e"},
    {0x6B0B, "\x71\x20\xc3\xba"},
    {0x6B0C, "\x63\x20\xc3\xa1\x6e\x67"},
    {0x6B0D, "\x6a\x20\x69\xc3\xb9"},
    {0x6B0E, "\x79\x20\xc3\xb9"},
    {0x6B0F, "\x6c\x20\x75\xc3\xb3"},
    {0x6B10, "\x6c\x20\xc3\xac"},
    {0x6B11, "\x63\x20\x75\xc3\xa1\x6e"},
    {0x6B12, "\x6c\x20\x75\xc3\xa1\x6e"},
    {0x6B13, "\x64\x20\xc7\x8e\x6e\x67"},
    {0x6B14, "\x6a\x20\x75\xc3\xa9"},
    {0x6B15, "\x79\x20\xc3\xa1\x6e"},
    {0x6B16, "\x6c\x20\xc7\x8e\x6e"},
    {0x6B17, "\x6c\x20\xc3\xa1\x6e"},
    {0x6B18, "\x7a\x68\x20\xc3\xba"},
    {0x6B19, "\x6c\x20\xc3\xa9\x69"},
    {0x6B1A, "\x6c\x20\xc7\x90"},
    {0x6B1B, "\x62\x20\xc3\xa0"},
    {0x6B1C, "\x6e\x20\xc3\xa1\x6e\x67"},
    {0x6B1D, "\x79\x20\xc3\xb9"},
    {0x6B1E, "\x6c\x20\xc3\xad\x6e\x67"},
    {0x6B1F, "\x67\x20\x75\x61\x6e\x67"},
    {0x6B20, "\x71\x20\x69\xc3\xa0\x6e"},
    {0x6B21, "\x63\x20\xc3\xac"},
    {0x6B22, "\x68\x20\x75\xc4\x81\x6e"},
    {0x6B23, "\x78\x20\xc4\xab\x6e"},
    {0x6B24, "\x79\x20\xc3\xba"},
    {0x6B25, "\x79\x20\xc3\xac"},
    {0x6B26, "\x71\x20\x69\xc4\x81\x6e"},
    {0x6B27, "\xc5\x8d\x75"},
    {0x6B28, "\x78\x20\xc5\xab"},
    {0x6B29, "\x63\x68\x20\xc4\x81\x6f"},
    {0x6B2A, "\x63\x68\x20\xc3\xb9"},
    {0x6B2B, "\x71\x20\xc3\xac"},
    {0x6B2C, "\x6b\x20\xc3\xa0\x69"},
    {0x6B2D, "\x79\x20\xc3\xac"},
    {0x6B2E, "\x6a\x20\x75\xc3\xa9"},
    {0x6B2F, "\x78\x20\xc3\xac"},
    {0x6B30, "\x78\x20\xc3\xb9"},
    {0x6B31, "\x68\x20\xc4\x93"},
    {0x6B32, "\x79\x20\xc3\xb9"},
    {0x6B33, "\x6b\x20\x75\xc3\xac"},
    {0x6B34, "\x6c\x20\xc3\xa1\x6e\x67"},
    {0x6B35, "\x6b\x20\x75\xc7\x8e\x6e"},
    {0x6B36, "\x73\x68\x20\x75\xc3\xb2"},
    {0x6B37, "\x78\x20\xc4\xab"},
    {0x6B38, "\xc4\x81\x69"},
    {0x6B39, "\x79\x20\xc4\xab"},
    {0x6B3A, "\x71\x20\xc4\xab"},
    {0x6B3B, "\x63\x68\x20\x75\xc4\x81"},
    {0x6B3C, "\x63\x68\x20\xc7\x90"},
    {0x6B3D, "\x71\x20\xc4\xab\x6e"},
    {0x6B3E, "\x6b\x20\x75\xc7\x8e\x6e"},
    {0x6B3F, "\x6b\x20\xc7\x8e\x6e"},
    {0x6B40, "\x6b\x20\x75\xc7\x8e\x6e"},
    {0x6B41, "\x6b\x20\xc7\x8e\x6e"},
    {0x6B42, "\x63\x68\x20\x75\xc7\x8e\x6e"},
    {0x6B43, "\x73\x68\x20\xc3\xa0"},
    {0x6B44, "\x67\x20\x75\xc4\x81"},
    {0x6B45, "\x79\x20\xc4\xab\x6e"},
    {0x6B46, "\x78\x20\xc4\xab\x6e"},
    {0x6B47, "\x78\x20\x69\xc4\x93"},
    {0x6B48, "\x79\x20\xc3\xba"},
    {0x6B49, "\x71\x20\x69\xc3\xa0\x6e"},
    {0x6B4A, "\x78\x20\x69\xc4\x81\x6f"},
    {0x6B4B, "\x79\x20\xc3\xa8"},
    {0x6B4C, "\x67\x20\xc4\x93"},
    {0x6B4D, "\x77\x20\xc5\xab"},
    {0x6B4E, "\x74\x20\xc3\xa0\x6e"},
    {0x6B4F, "\x6a\x20\xc3\xac\x6e"},
    {0x6B50, "\xc5\x8d\x75"},
    {0x6B51, "\x68\x20\xc5\xab"},
    {0x6B52, "\x74\x20\xc3\xac"},
    {0x6B53, "\x68\x20\x75\xc4\x81\x6e"},
    {0x6B54, "\x78\x20\xc5\xab"},
    {0x6B55, "\x70\x20\xc4\x93\x6e"},
    {0x6B56, "\x78\x20\xc7\x90"},
    {0x6B57, "\x78\x20\x69\xc3\xa0\x6f"},
    {0x6B58, "\x63\x68\x20\x75\xc4\x81"},
    {0x6B59, "\x73\x68\x20\xc3\xa8"},
    {0x6B5A, "\x73\x68\x20\xc3\xa0\x6e"},
    {0x6B5B, "\x68\x20\xc4\x81\x6e"},
    {0x6B5C, "\x63\x68\x20\xc3\xb9"},
    {0x6B5D, "\x79\x20\xc3\xac"},
    {0x6B5E, "\xc3\xa8"},
    {0x6B5F, "\x79\x20\xc3\xba"},
    {0x6B60, "\x63\x68\x20\x75\xc3\xb2"},
    {0x6B61, "\x68\x20\x75\xc4\x81\x6e"},
    {0x6B62, "\x7a\x68\x20\xc7\x90"},
    {0x6B63, "\x7a\x68\x20\xc3\xa8\x6e\x67"},
    {0x6B64, "\x63\x20\xc7\x90"},
    {0x6B65, "\x62\x20\xc3\xb9"},
    {0x6B66, "\x77\x20\xc7\x94"},
    {0x6B67, "\x71\x20\xc3\xad"},
    {0x6B68, "\x62\x20\xc3\xb9"},
    {0x6B69, "\x62\x20\xc3\xb9"},
    {0x6B6A, "\x77\x20\xc4\x81\x69"},
    {0x6B6B, "\x6a\x20\xc3\xb9"},
    {0x6B6C, "\x71\x20\x69\xc3\xa1\x6e"},
    {0x6B6D, "\x63\x68\x20\xc3\xad"},
    {0x6B6E, "\x73\x20\xc3\xa8"},
    {0x6B6F, "\x63\x68\x20\xc7\x90"},
    {0x6B70, "\x73\x20\xc3\xa8"},
    {0x6B71, "\x7a\x68\x20\xc7\x92\x6e\x67"},
    {0x6B72, "\x73\x20\x75\xc3\xac"},
    {0x6B73, "\x73\x20\x75\xc3\xac"},
    {0x6B74, "\x6c\x20\xc3\xac"},
    {0x6B75, "\x7a\x20\xc3\xa9"},
    {0x6B76, "\x79\x20\xc3\xba"},
    {0x6B77, "\x6c\x20\xc3\xac"},
    {0x6B78, "\x67\x20\x75\xc4\xab"},
    {0x6B79, "\x64\x20\xc7\x8e\x69"},
    {0x6B7A, "\xc3\xa8"},
    {0x6B7B, "\x73\x20\xc7\x90"},
    {0x6B7C, "\x6a\x20\x69\xc4\x81\x6e"},
    {0x6B7D, "\x7a\x68\x20\xc3\xa9"},
    {0x6B7E, "\x6d\x20\xc3\xb2"},
    {0x6B7F, "\x6d\x20\xc3\xb2"},
    {0x6B80, "\x79\x20\xc4\x81\x6f"},
    {0x6B81, "\x6d\x20\xc3\xb2"},
    {0x6B82, "\x63\x20\xc3\xba"},
    {0x6B83, "\x79\x20\xc4\x81\x6e\x67"},
    {0x6B84, "\x74\x20\x69\xc7\x8e\x6e"},
    {0x6B85, "\x73\x68\x20\xc4\x93\x6e\x67"},
    {0x6B86, "\x64\x20\xc3\xa0\x69"},
    {0x6B87, "\x73\x68\x20\xc4\x81\x6e\x67"},
    {0x6B88, "\x78\x20\xc3\xb9"},
    {0x6B89, "\x78\x20\xc3\xb9\x6e"},
    {0x6B8A, "\x73\x68\x20\xc5\xab"},
    {0x6B8B, "\x63\x20\xc3\xa1\x6e"},
    {0x6B8C, "\x6a\x20\x75\xc3\xa9"},
    {0x6B8D, "\x70\x20\x69\xc7\x8e\x6f"},
    {0x6B8E, "\x71\x20\x69\xc3\xa0"},
    {0x6B8F, "\x71\x20\x69\xc3\xba"},
    {0x6B90, "\x73\x20\xc3\xb9"},
    {0x6B91, "\x71\x20\xc3\xad\x6e\x67"},
    {0x6B92, "\x79\x20\xc7\x94\x6e"},
    {0x6B93, "\x6c\x20\x69\xc3\xa0\x6e"},
    {0x6B94, "\x79\x20\xc3\xac"},
    {0x6B95, "\x66\x20\xc7\x92\x75"},
    {0x6B96, "\x7a\x68\x20\xc3\xad"},
    {0x6B97, "\x79\x20\xc3\xa8"},
    {0x6B98, "\x63\x20\xc3\xa1\x6e"},
    {0x6B99, "\x68\x20\xc5\xab\x6e"},
    {0x6B9A, "\x64\x20\xc4\x81\x6e"},
    {0x6B9B, "\x6a\x20\xc3\xad"},
    {0x6B9C, "\x64\x20\x69\xc3\xa9"},
    {0x6B9D, "\x7a\x68\x20\xc4\x93\x6e"},
    {0x6B9E, "\x79\x20\xc7\x94\x6e"},
    {0x6B9F, "\x77\x20\xc4\x93\x6e"},
    {0x6BA0, "\x63\x68\x20\xc3\xb2\x75"},
    {0x6BA1, "\x62\x20\xc3\xac\x6e"},
    {0x6BA2, "\x74\x20\xc3\xac"},
    {0x6BA3, "\x6a\x20\xc3\xac\x6e"},
    {0x6BA4, "\x73\x68\x20\xc4\x81\x6e\x67"},
    {0x6BA5, "\x79\x20\xc3\xad\x6e"},
    {0x6BA6, "\x64\x20\x69\xc4\x81\x6f"},
    {0x6BA7, "\x6a\x20\x69\xc3\xb9"},
    {0x6BA8, "\x68\x20\x75\xc3\xac"},
    {0x6BA9, "\x63\x20\x75\xc3\xa0\x6e"},
    {0x6BAA, "\x79\x20\xc3\xac"},
    {0x6BAB, "\x64\x20\xc4\x81\x6e"},
    {0x6BAC, "\x64\x20\xc3\xb9"},
    {0x6BAD, "\x6a\x20\x69\xc4\x81\x6e\x67"},
    {0x6BAE, "\x6c\x20\x69\xc3\xa0\x6e"},
    {0x6BAF, "\x62\x20\xc3\xac\x6e"},
    {0x6BB0, "\x64\x20\xc3\xba"},
    {0x6BB1, "\x6a\x20\x69\xc4\x81\x6e"},
    {0x6BB2, "\x6a\x20\x69\xc4\x81\x6e"},
    {0x6BB3, "\x73\x68\x20\xc5\xab"},
    {0x6BB4, "\xc5\x8d\x75"},
    {0x6BB5, "\x64\x20\x75\xc3\xa0\x6e"},
    {0x6BB6, "\x7a\x68\x20\xc3\xb9"},
    {0x6BB7, "\x79\x20\xc4\xab\x6e"},
    {0x6BB8, "\x71\x20\xc3\xac\x6e\x67"},
    {0x6BB9, "\x79\x20\xc3\xac"},
    {0x6BBA, "\x73\x68\x20\xc4\x81"},
    {0x6BBB, "\x71\x20\x69\xc3\xa0\x6f"},
    {0x6BBC, "\x6b\x20\xc3\xa9"},
    {0x6BBD, "\x78\x20\x69\xc3\xa1\x6f"},
    {0x6BBE, "\x78\x20\xc3\xb9\x6e"},
    {0x6BBF, "\x64\x20\x69\xc3\xa0\x6e"},
    {0x6BC0, "\x68\x20\x75\xc7\x90"},
    {0x6BC1, "\x68\x20\x75\xc7\x90"},
    {0x6BC2, "\x67\x20\xc7\x94"},
    {0x6BC3, "\x71\x20\x69\xc4\x81\x6f"},
    {0x6BC4, "\x6a\x20\xc4\xab"},
    {0x6BC5, "\x79\x20\xc3\xac"},
    {0x6BC6, "\xc5\x8d\x75"},
    {0x6BC7, "\x68\x20\x75\xc7\x90"},
    {0x6BC8, "\x64\x20\x75\xc3\xa0\x6e"},
    {0x6BC9, "\x79\x20\xc4\xab"},
    {0x6BCA, "\x78\x20\x69\xc4\x81\x6f"},
    {0x6BCB, "\x77\x20\xc3\xba"},
    {0x6BCC, "\x67\x20\x75\xc3\xa0\x6e"},
    {0x6BCD, "\x6d\x20\xc7\x94"},
    {0x6BCE, "\x6d\x20\xc4\x9b\x69"},
    {0x6BCF, "\x6d\x20\xc4\x9b\x69"},
    {0x6BD0, "\xc7\x8e\x69"},
    {0x6BD1, "\x6a\x20\x69\xc4\x9b"},
    {0x6BD2, "\x64\x20\xc3\xba"},
    {0x6BD3, "\x79\x20\xc3\xb9"},
    {0x6BD4, "\x62\x20\xc7\x90"},
    {0x6BD5, "\x62\x20\xc3\xac"},
    {0x6BD6, "\x62\x20\xc3\xac"},
    {0x6BD7, "\x70\x20\xc3\xad"},
    {0x6BD8, "\x70\x20\xc3\xad"},
    {0x6BD9, "\x62\x20\xc3\xac"},
    {0x6BDA, "\x63\x68\x20\xc3\xa1\x6e"},
    {0x6BDB, "\x6d\x20\xc3\xa1\x6f"},
    {0x6BDC, "\x68\x20\xc3\xa1\x6f"},
    {0x6BDD, "\x63\x20\xc7\x8e\x69"},
    {0x6BDE, "\x70\x20\xc3\xad"},
    {0x6BDF, "\x6c\x20\x69\xc4\x9b"},
    {0x6BE0, "\x6a\x20\x69\xc4\x81"},
    {0x6BE1, "\x7a\x68\x20\xc4\x81\x6e"},
    {0x6BE2, "\x73\x20\xc4\x81\x69"},
    {0x6BE3, "\x6d\x20\xc3\xb9"},
    {0x6BE4, "\x74\x20\x75\xc3\xb2"},
    {0x6BE5, "\x78\x20\xc3\xba\x6e"},
    {0x6BE6, "\xc4\x9b\x72"},
    {0x6BE7, "\x72\x20\xc3\xb3\x6e\x67"},
    {0x6BE8, "\x78\x20\x69\xc7\x8e\x6e"},
    {0x6BE9, "\x6a\x20\xc3\xba"},
    {0x6BEA, "\x6d\x20\xc3\xba"},
    {0x6BEB, "\x68\x20\xc3\xa1\x6f"},
    {0x6BEC, "\x71\x20\x69\xc3\xba"},
    {0x6BED, "\x64\x20\xc3\xb2\x75"},
    {0x6BEE, "\x73\x68\x20\xc4\x81"},
    {0x6BEF, "\x74\x20\xc7\x8e\x6e"},
    {0x6BF0, "\x70\x20\xc3\xa9\x69"},
    {0x6BF1, "\x6a\x20\xc3\xba"},
    {0x6BF2, "\x64\x20\x75\xc5\x8d"},
    {0x6BF3, "\x63\x20\x75\xc3\xac"},
    {0x6BF4, "\x62\x20\xc4\xab"},
    {0x6BF5, "\x73\x20\xc4\x81\x6e"},
    {0x6BF6, "\x73\x20\xc4\x81\x6e"},
    {0x6BF7, "\x6d\x20\xc3\xa0\x6f"},
    {0x6BF8, "\x73\x20\xc4\x81\x69"},
    {0x6BF9, "\x73\x68\x20\xc5\xab"},
    {0x6BFA, "\x73\x68\x20\xc5\xab"},
    {0x6BFB, "\x74\x20\x75\xc3\xb2"},
    {0x6BFC, "\x68\x20\xc3\xa9"},
    {0x6BFD, "\x6a\x20\x69\xc3\xa0\x6e"},
    {0x6BFE, "\x74\x20\xc3\xa0"},
    {0x6BFF, "\x73\x20\xc4\x81\x6e"},
    {0x6C00, "\x6c\x20\xc7\x98"},
    {0x6C01, "\x6d\x20\xc3\xba"},
    {0x6C02, "\x6d\x20\xc3\xa1\x6f"},
    {0x6C03, "\x74\x20\xc3\xb3\x6e\x67"},
    {0x6C04, "\x72\x20\xc7\x92\x6e\x67"},
    {0x6C05, "\x63\x68\x20\xc7\x8e\x6e\x67"},
    {0x6C06, "\x70\x20\xc7\x94"},
    {0x6C07, "\x6c\x20\x75"},
    {0x6C08, "\x7a\x68\x20\xc4\x81\x6e"},
    {0x6C09, "\x73\x20\xc3\xa0\x6f"},
    {0x6C0A, "\x7a\x68\x20\xc4\x81\x6e"},
    {0x6C0B, "\x6d\x20\xc3\xa9\x6e\x67"},
    {0x6C0C, "\x6c\x20\xc7\x94"},
    {0x6C0D, "\x71\x20\xc3\xba"},
    {0x6C0E, "\x64\x20\x69\xc3\xa9"},
    {0x6C0F, "\x73\x68\x20\xc3\xac"},
    {0x6C10, "\x64\x20\xc4\xab"},
    {0x6C11, "\x6d\x20\xc3\xad\x6e"},
    {0x6C12, "\x6a\x20\x75\xc3\xa9"},
    {0x6C13, "\x6d\x20\xc3\xa1\x6e\x67"},
    {0x6C14, "\x71\x20\xc3\xac"},
    {0x6C15, "\x70\x20\x69\xc4\x93"},
    {0x6C16, "\x6e\x20\xc7\x8e\x69"},
    {0x6C17, "\x71\x20\xc3\xac"},
    {0x6C18, "\x64\x20\xc4\x81\x6f"},
    {0x6C19, "\x78\x20\x69\xc4\x81\x6e"},
    {0x6C1A, "\x63\x68\x20\x75\xc4\x81\x6e"},
    {0x6C1B, "\x66\x20\xc4\x93\x6e"},
    {0x6C1C, "\x79\x20\xc3\xa1\x6e\x67"},
    {0x6C1D, "\x6e\x20\xc3\xa8\x69"},
    {0x6C1E, "\x62\x20\x69\x6e"},
    {0x6C1F, "\x66\x20\xc3\xba"},
    {0x6C20, "\x73\x68\x20\xc4\x93\x6e"},
    {0x6C21, "\x64\x20\xc5\x8d\x6e\x67"},
    {0x6C22, "\x71\x20\xc4\xab\x6e\x67"},
    {0x6C23, "\x71\x20\xc3\xac"},
    {0x6C24, "\x79\x20\xc4\xab\x6e"},
    {0x6C25, "\x78\x20\xc4\xab"},
    {0x6C26, "\x68\x20\xc3\xa0\x69"},
    {0x6C27, "\x79\x20\xc7\x8e\x6e\x67"},
    {0x6C28, "\xc4\x81\x6e"},
    {0x6C29, "\x79\x20\xc3\xa0"},
    {0x6C2A, "\x6b\x20\xc3\xa8"},
    {0x6C2B, "\x71\x20\xc4\xab\x6e\x67"},
    {0x6C2C, "\x79\x20\xc3\xa0"},
    {0x6C2D, "\x64\x20\xc5\x8d\x6e\x67"},
    {0x6C2E, "\x64\x20\xc3\xa0\x6e"},
    {0x6C2F, "\x6c\x20\xc7\x9c"},
    {0x6C30, "\x71\x20\xc3\xad\x6e\x67"},
    {0x6C31, "\x79\x20\xc7\x8e\x6e\x67"},
    {0x6C32, "\x79\x20\xc5\xab\x6e"},
    {0x6C33, "\x79\x20\xc5\xab\x6e"},
    {0x6C34, "\x73\x68\x20\x75\xc7\x90"},
    {0x6C35, "\x73\x68\x20\x75\x69"},
    {0x6C36, "\x7a\x68\x20\xc4\x9b\x6e\x67"},
    {0x6C37, "\x62\x20\xc4\xab\x6e\x67"},
    {0x6C38, "\x79\x20\xc7\x92\x6e\x67"},
    {0x6C39, "\x64\x20\xc3\xa0\x6e\x67"},
    {0x6C3A, "\x73\x68\x20\x75\xc7\x90"},
    {0x6C3B, "\x6c\x20\xc3\xa8"},
    {0x6C3C, "\x6e\x20\xc3\xac"},
    {0x6C3D, "\x74\x20\xc7\x94\x6e"},
    {0x6C3E, "\x66\x20\xc3\xa0\x6e"},
    {0x6C3F, "\x67\x20\x75\xc7\x90"},
    {0x6C40, "\x74\x20\xc4\xab\x6e\x67"},
    {0x6C41, "\x7a\x68\x20\xc4\xab"},
    {0x6C42, "\x71\x20\x69\xc3\xba"},
    {0x6C43, "\x62\x20\xc4\xab\x6e"},
    {0x6C44, "\x7a\x20\xc3\xa8"},
    {0x6C45, "\x6d\x20\x69\xc7\x8e\x6e"},
    {0x6C46, "\x63\x20\x75\xc4\x81\x6e"},
    {0x6C47, "\x68\x20\x75\xc3\xac"},
    {0x6C48, "\x64\x20\x69\xc4\x81\x6f"},
    {0x6C49, "\x68\x20\xc3\xa0\x6e"},
    {0x6C4A, "\x63\x68\x20\xc3\xa0"},
    {0x6C4B, "\x7a\x68\x20\x75\xc3\xb3"},
    {0x6C4C, "\x63\x68\x20\x75\xc3\xa0\x6e"},
    {0x6C4D, "\x77\x20\xc3\xa1\x6e"},
    {0x6C4E, "\x66\x20\xc3\xa0\x6e"},
    {0x6C4F, "\x64\x20\xc3\xa0"},
    {0x6C50, "\x78\x20\xc4\xab"},
    {0x6C51, "\x74\x20\x75\xc5\x8d"},
    {0x6C52, "\x6d\x20\xc3\xa1\x6e\x67"},
    {0x6C53, "\x71\x20\x69\xc3\xba"},
    {0x6C54, "\x71\x20\xc3\xac"},
    {0x6C55, "\x73\x68\x20\xc3\xa0\x6e"},
    {0x6C56, "\x70\x20\xc3\xac\x6e"},
    {0x6C57, "\x68\x20\xc3\xa0\x6e"},
    {0x6C58, "\x71\x20\x69\xc4\x81\x6e"},
    {0x6C59, "\x77\x20\xc5\xab"},
    {0x6C5A, "\x77\x20\xc5\xab"},
    {0x6C5B, "\x78\x20\xc3\xb9\x6e"},
    {0x6C5C, "\x73\x20\xc3\xac"},
    {0x6C5D, "\x72\x20\xc7\x94"},
    {0x6C5E, "\x67\x20\xc7\x92\x6e\x67"},
    {0x6C5F, "\x6a\x20\x69\xc4\x81\x6e\x67"},
    {0x6C60, "\x63\x68\x20\xc3\xad"},
    {0x6C61, "\x77\x20\xc5\xab"},
    {0x6C62, "\x74\x20\x75"},
    {0x6C63, "\x6a\x20\x69\xc7\x94"},
    {0x6C64, "\x74\x20\xc4\x81\x6e\x67"},
    {0x6C65, "\x7a\x68\x20\xc4\xab"},
    {0x6C66, "\x7a\x68\x20\xc7\x90"},
    {0x6C67, "\x71\x20\x69\xc4\x81\x6e"},
    {0x6C68, "\x6d\x20\xc3\xac"},
    {0x6C69, "\x67\x20\xc7\x94"},
    {0x6C6A, "\x77\x20\xc4\x81\x6e\x67"},
    {0x6C6B, "\x6a\x20\xc7\x90\x6e\x67"},
    {0x6C6C, "\x6a\x20\xc7\x90\x6e\x67"},
    {0x6C6D, "\x72\x20\x75\xc3\xac"},
    {0x6C6E, "\x6a\x20\xc5\xab\x6e"},
    {0x6C6F, "\x68\x20\xc3\xb3\x6e\x67"},
    {0x6C70, "\x74\x20\xc3\xa0\x69"},
    {0x6C71, "\x71\x20\x75\xc7\x8e\x6e"},
    {0x6C72, "\x6a\x20\xc3\xad"},
    {0x6C73, "\x62\x20\x69\xc3\xa0\x6e"},
    {0x6C74, "\x62\x20\x69\xc3\xa0\x6e"},
    {0x6C75, "\x67\x20\xc3\xa0\x6e"},
    {0x6C76, "\x77\x20\xc3\xa8\x6e"},
    {0x6C77, "\x7a\x68\x20\xc5\x8d\x6e\x67"},
    {0x6C78, "\x66\x20\xc4\x81\x6e\x67"},
    {0x6C79, "\x78\x20\x69\xc5\x8d\x6e\x67"},
    {0x6C7A, "\x6a\x20\x75\xc3\xa9"},
    {0x6C7B, "\x68\x20\xc7\x94"},
    {0x6C7C, "\x6e\x20\x69\xc3\xba"},
    {0x6C7D, "\x71\x20\xc3\xac"},
    {0x6C7E, "\x66\x20\xc3\xa9\x6e"},
    {0x6C7F, "\x78\x20\xc3\xb9"},
    {0x6C80, "\x78\x20\xc3\xb9"},
    {0x6C81, "\x71\x20\xc3\xac\x6e"},
    {0x6C82, "\x79\x20\xc3\xad"},
    {0x6C83, "\x77\x20\xc3\xb2"},
    {0x6C84, "\x79\x20\xc3\xba\x6e"},
    {0x6C85, "\x79\x20\x75\xc3\xa1\x6e"},
    {0x6C86, "\x68\x20\xc3\xa0\x6e\x67"},
    {0x6C87, "\x79\x20\xc7\x8e\x6e"},
    {0x6C88, "\x73\x68\x20\xc4\x9b\x6e"},
    {0x6C89, "\x63\x68\x20\xc3\xa9\x6e"},
    {0x6C8A, "\x64\x20\xc3\xa0\x6e"},
    {0x6C8B, "\x79\x20\xc3\xb3\x75"},
    {0x6C8C, "\x64\x20\xc3\xb9\x6e"},
    {0x6C8D, "\x68\x20\xc3\xb9"},
    {0x6C8E, "\x68\x20\x75\xc3\xb2"},
    {0x6C8F, "\x71\x20\xc4\xab"},
    {0x6C90, "\x6d\x20\xc3\xb9"},
    {0x6C91, "\x6e\x20\xc7\x9c"},
    {0x6C92, "\x6d\x20\xc3\xa9\x69"},
    {0x6C93, "\x64\x20\xc3\xa1"},
    {0x6C94, "\x6d\x20\x69\xc7\x8e\x6e"},
    {0x6C95, "\x6d\x20\xc3\xac"},
    {0x6C96, "\x63\x68\x20\xc5\x8d\x6e\x67"},
    {0x6C97, "\x70\x20\xc4\x81\x6e\x67"},
    {0x6C98, "\x62\x20\xc7\x90"},
    {0x6C99, "\x73\x68\x20\xc4\x81"},
    {0x6C9A, "\x7a\x68\x20\xc7\x90"},
    {0x6C9B, "\x70\x20\xc3\xa8\x69"},
    {0x6C9C, "\x70\x20\xc3\xa0\x6e"},
    {0x6C9D, "\x7a\x68\x20\x75\xc7\x90"},
    {0x6C9E, "\x7a\x20\xc4\x81"},
    {0x6C9F, "\x67\x20\xc5\x8d\x75"},
    {0x6CA0, "\x6c\x20\x69\xc3\xba"},
    {0x6CA1, "\x6d\x20\xc3\xa9\x69"},
    {0x6CA2, "\x7a\x20\xc3\xa9"},
    {0x6CA3, "\x66\x20\xc4\x93\x6e\x67"},
    {0x6CA4, "\xc5\x8d\x75"},
    {0x6CA5, "\x6c\x20\xc3\xac"},
    {0x6CA6, "\x6c\x20\xc3\xba\x6e"},
    {0x6CA7, "\x63\x20\xc4\x81\x6e\x67"},
    {0x6CA8, "\x66\x20\xc4\x93\x6e\x67"},
    {0x6CA9, "\x77\x20\xc3\xa9\x69"},
    {0x6CAA, "\x68\x20\xc3\xb9"},
    {0x6CAB, "\x6d\x20\xc3\xb2"},
    {0x6CAC, "\x6d\x20\xc3\xa8\x69"},
    {0x6CAD, "\x73\x68\x20\xc3\xb9"},
    {0x6CAE, "\x6a\x20\xc7\x94"},
    {0x6CAF, "\x7a\x20\xc3\xa1"},
    {0x6CB0, "\x74\x20\x75\xc5\x8d"},
    {0x6CB1, "\x74\x20\x75\xc3\xb3"},
    {0x6CB2, "\x74\x20\x75\xc3\xb3"},
    {0x6CB3, "\x68\x20\xc3\xa9"},
    {0x6CB4, "\x6c\x20\xc3\xac"},
    {0x6CB5, "\x6d\x20\xc7\x90"},
    {0x6CB6, "\x79\x20\xc3\xad"},
    {0x6CB7, "\x66\x20\xc4\x81"},
    {0x6CB8, "\x66\x20\xc3\xa8\x69"},
    {0x6CB9, "\x79\x20\xc3\xb3\x75"},
    {0x6CBA, "\x74\x20\x69\xc3\xa1\x6e"},
    {0x6CBB, "\x7a\x68\x20\xc3\xac"},
    {0x6CBC, "\x7a\x68\x20\xc7\x8e\x6f"},
    {0x6CBD, "\x67\x20\xc5\xab"},
    {0x6CBE, "\x7a\x68\x20\xc4\x81\x6e"},
    {0x6CBF, "\x79\x20\xc3\xa1\x6e"},
    {0x6CC0, "\x73\x20\xc4\xab"},
    {0x6CC1, "\x6b\x20\x75\xc3\xa0\x6e\x67"},
    {0x6CC2, "\x6a\x20\x69\xc7\x92\x6e\x67"},
    {0x6CC3, "\x6a\x20\xc5\xab"},
    {0x6CC4, "\x78\x20\x69\xc3\xa8"},
    {0x6CC5, "\x71\x20\x69\xc3\xba"},
    {0x6CC6, "\x79\x20\xc3\xac"},
    {0x6CC7, "\x6a\x20\x69\xc4\x81"},
    {0x6CC8, "\x7a\x68\x20\xc5\x8d\x6e\x67"},
    {0x6CC9, "\x71\x20\x75\xc3\xa1\x6e"},
    {0x6CCA, "\x70\x20\xc5\x8d"},
    {0x6CCB, "\x68\x20\x75\xc3\xac"},
    {0x6CCC, "\x6d\x20\xc3\xac"},
    {0x6CCD, "\x62\x20\xc4\x93\x6e"},
    {0x6CCE, "\x7a\x20\xc3\xa9"},
    {0x6CCF, "\x7a\x68\x20\xc3\xba"},
    {0x6CD0, "\x6c\x20\xc3\xa8"},
    {0x6CD1, "\x79\x20\xc5\x8d\x75"},
    {0x6CD2, "\x67\x20\xc5\xab"},
    {0x6CD3, "\x68\x20\xc3\xb3\x6e\x67"},
    {0x6CD4, "\x67\x20\xc4\x81\x6e"},
    {0x6CD5, "\x66\x20\xc7\x8e"},
    {0x6CD6, "\x6d\x20\xc7\x8e\x6f"},
    {0x6CD7, "\x73\x20\xc3\xac"},
    {0x6CD8, "\x68\x20\xc5\xab"},
    {0x6CD9, "\x70\x20\xc3\xad\x6e\x67"},
    {0x6CDA, "\x63\x20\xc7\x90"},
    {0x6CDB, "\x66\x20\xc3\xa0\x6e"},
    {0x6CDC, "\x7a\x68\x20\xc4\xab"},
    {0x6CDD, "\x73\x20\xc3\xb9"},
    {0x6CDE, "\x6e\x20\xc3\xac\x6e\x67"},
    {0x6CDF, "\x63\x68\x20\xc4\x93\x6e\x67"},
    {0x6CE0, "\x6c\x20\xc3\xad\x6e\x67"},
    {0x6CE1, "\x70\x20\xc3\xa0\x6f"},
    {0x6CE2, "\x62\x20\xc5\x8d"},
    {0x6CE3, "\x71\x20\xc3\xac"},
    {0x6CE4, "\x73\x20\xc3\xac"},
    {0x6CE5, "\x6e\x20\xc3\xad"},
    {0x6CE6, "\x6a\x20\xc3\xba"},
    {0x6CE7, "\x73\x20\xc3\xa0"},
    {0x6CE8, "\x7a\x68\x20\xc3\xb9"},
    {0x6CE9, "\x73\x68\x20\xc4\x93\x6e\x67"},
    {0x6CEA, "\x6c\x20\xc3\xa8\x69"},
    {0x6CEB, "\x78\x20\x75\xc3\xa0\x6e"},
    {0x6CEC, "\x6a\x20\x75\xc3\xa9"},
    {0x6CED, "\x66\x20\xc3\xba"},
    {0x6CEE, "\x70\x20\xc3\xa0\x6e"},
    {0x6CEF, "\x6d\x20\xc7\x90\x6e"},
    {0x6CF0, "\x74\x20\xc3\xa0\x69"},
    {0x6CF1, "\x79\x20\xc4\x81\x6e\x67"},
    {0x6CF2, "\x6a\x20\xc7\x90"},
    {0x6CF3, "\x79\x20\xc7\x92\x6e\x67"},
    {0x6CF4, "\x67\x20\x75\xc3\xa0\x6e"},
    {0x6CF5, "\x62\x20\xc3\xa8\x6e\x67"},
    {0x6CF6, "\x78\x20\x75\xc3\xa9"},
    {0x6CF7, "\x6c\x20\xc3\xb3\x6e\x67"},
    {0x6CF8, "\x6c\x20\xc3\xba"},
    {0x6CF9, "\x64\x20\xc3\xa0\x6e"},
    {0x6CFA, "\x6c\x20\x75\xc3\xb2"},
    {0x6CFB, "\x78\x20\x69\xc3\xa8"},
    {0x6CFC, "\x70\x20\xc5\x8d"},
    {0x6CFD, "\x7a\x20\xc3\xa9"},
    {0x6CFE, "\x6a\x20\xc4\xab\x6e\x67"},
    {0x6CFF, "\x79\x20\xc3\xad\x6e"},
    {0x6D00, "\x70\x20\xc3\xa1\x6e"},
    {0x6D01, "\x6a\x20\x69\xc3\xa9"},
    {0x6D02, "\x79\x20\xc3\xa8"},
    {0x6D03, "\x68\x20\x75\xc4\xab"},
    {0x6D04, "\x68\x20\x75\xc3\xad"},
    {0x6D05, "\x7a\x20\xc3\xa0\x69"},
    {0x6D06, "\x63\x68\x20\xc3\xa9\x6e\x67"},
    {0x6D07, "\x79\x20\xc4\xab\x6e"},
    {0x6D08, "\x77\x20\xc3\xa9\x69"},
    {0x6D09, "\x68\x20\xc3\xb2\x75"},
    {0x6D0A, "\x6a\x20\x69\xc3\xa0\x6e"},
    {0x6D0B, "\x79\x20\xc3\xa1\x6e\x67"},
    {0x6D0C, "\x6c\x20\x69\xc3\xa8"},
    {0x6D0D, "\x73\x20\xc3\xac"},
    {0x6D0E, "\x6a\x20\xc3\xac"},
    {0x6D0F, "\xc3\xa9\x72"},
    {0x6D10, "\x78\x20\xc3\xad\x6e\x67"},
    {0x6D11, "\x66\x20\xc3\xba"},
    {0x6D12, "\x73\x20\xc7\x8e"},
    {0x6D13, "\x73\x20\xc3\xa8"},
    {0x6D14, "\x7a\x68\x20\xc7\x90"},
    {0x6D15, "\x79\x20\xc3\xac\x6e"},
    {0x6D16, "\x77\x20\xc3\xba"},
    {0x6D17, "\x78\x20\xc7\x90"},
    {0x6D18, "\x6b\x20\xc7\x8e\x6f"},
    {0x6D19, "\x7a\x68\x20\xc5\xab"},
    {0x6D1A, "\x6a\x20\x69\xc3\xa0\x6e\x67"},
    {0x6D1B, "\x6c\x20\x75\xc3\xb2"},
    {0x6D1C, "\x6c\x20\x75\xc3\xb2"},
    {0x6D1D, "\xc3\xa0\x6e"},
    {0x6D1E, "\x64\x20\xc3\xb2\x6e\x67"},
    {0x6D1F, "\x74\x20\xc3\xac"},
    {0x6D20, "\x6d\x20\xc3\xb3\x75"},
    {0x6D21, "\x6c\x20\xc3\xa8\x69"},
    {0x6D22, "\x79\x20\xc4\xab"},
    {0x6D23, "\x6d\x20\xc7\x90"},
    {0x6D24, "\x71\x20\x75\xc3\xa1\x6e"},
    {0x6D25, "\x6a\x20\xc4\xab\x6e"},
    {0x6D26, "\x70\x20\xc3\xb2"},
    {0x6D27, "\x77\x20\xc4\x9b\x69"},
    {0x6D28, "\x78\x20\x69\xc3\xa1\x6f"},
    {0x6D29, "\x78\x20\x69\xc3\xa8"},
    {0x6D2A, "\x68\x20\xc3\xb3\x6e\x67"},
    {0x6D2B, "\x78\x20\xc3\xb9"},
    {0x6D2C, "\x73\x20\xc3\xb9"},
    {0x6D2D, "\x6b\x20\x75\xc4\x81\x6e\x67"},
    {0x6D2E, "\x74\x20\xc3\xa1\x6f"},
    {0x6D2F, "\x71\x20\x69\xc3\xa8"},
    {0x6D30, "\x6a\x20\xc3\xb9"},
    {0x6D31, "\xc4\x9b\x72"},
    {0x6D32, "\x7a\x68\x20\xc5\x8d\x75"},
    {0x6D33, "\x72\x20\xc3\xb9"},
    {0x6D34, "\x70\x20\xc3\xad\x6e\x67"},
    {0x6D35, "\x78\x20\xc3\xba\x6e"},
    {0x6D36, "\x78\x20\x69\xc5\x8d\x6e\x67"},
    {0x6D37, "\x7a\x68\x20\xc3\xac"},
    {0x6D38, "\x67\x20\x75\xc4\x81\x6e\x67"},
    {0x6D39, "\x68\x20\x75\xc3\xa1\x6e"},
    {0x6D3A, "\x6d\x20\xc3\xad\x6e\x67"},
    {0x6D3B, "\x68\x20\x75\xc3\xb3"},
    {0x6D3C, "\x77\x20\xc4\x81"},
    {0x6D3D, "\x71\x20\x69\xc3\xa0"},
    {0x6D3E, "\x70\x20\xc3\xa0\x69"},
    {0x6D3F, "\x77\x20\xc5\xab"},
    {0x6D40, "\x71\x20\xc5\xab"},
    {0x6D41, "\x6c\x20\x69\xc3\xba"},
    {0x6D42, "\x79\x20\xc3\xac"},
    {0x6D43, "\x6a\x20\x69\xc4\x81"},
    {0x6D44, "\x6a\x20\xc3\xac\x6e\x67"},
    {0x6D45, "\x71\x20\x69\xc7\x8e\x6e"},
    {0x6D46, "\x6a\x20\x69\xc4\x81\x6e\x67"},
    {0x6D47, "\x6a\x20\x69\xc4\x81\x6f"},
    {0x6D48, "\x7a\x68\x20\xc4\x93\x6e"},
    {0x6D49, "\x73\x68\x20\xc4\xab"},
    {0x6D4A, "\x7a\x68\x20\x75\xc3\xb3"},
    {0x6D4B, "\x63\x20\xc3\xa8"},
    {0x6D4C, "\x66\x20\xc3\xa1"},
    {0x6D4D, "\x68\x20\x75\xc3\xac"},
    {0x6D4E, "\x6a\x20\xc3\xac"},
    {0x6D4F, "\x6c\x20\x69\xc3\xba"},
    {0x6D50, "\x63\x68\x20\xc7\x8e\x6e"},
    {0x6D51, "\x68\x20\xc3\xba\x6e"},
    {0x6D52, "\x68\x20\xc7\x94"},
    {0x6D53, "\x6e\x20\xc3\xb3\x6e\x67"},
    {0x6D54, "\x78\x20\xc3\xba\x6e"},
    {0x6D55, "\x6a\x20\xc3\xac\x6e"},
    {0x6D56, "\x6c\x20\x69\xc3\xa8"},
    {0x6D57, "\x71\x20\x69\xc3\xba"},
    {0x6D58, "\x77\x20\xc4\x9b\x69"},
    {0x6D59, "\x7a\x68\x20\xc3\xa8"},
    {0x6D5A, "\x6a\x20\xc3\xb9\x6e"},
    {0x6D5B, "\x68\x20\xc3\xa1\x6e"},
    {0x6D5C, "\x62\x20\xc4\x81\x6e\x67"},
    {0x6D5D, "\x6d\x20\xc3\xa1\x6e\x67"},
    {0x6D5E, "\x7a\x68\x20\x75\xc3\xb3"},
    {0x6D5F, "\x79\x20\xc3\xb3\x75"},
    {0x6D60, "\x78\x20\xc4\xab"},
    {0x6D61, "\x62\x20\xc3\xb3"},
    {0x6D62, "\x64\x20\xc3\xb2\x75"},
    {0x6D63, "\x68\x20\x75\xc3\xa0\x6e"},
    {0x6D64, "\x68\x20\xc3\xb3\x6e\x67"},
    {0x6D65, "\x79\x20\xc3\xac"},
    {0x6D66, "\x70\x20\xc7\x94"},
    {0x6D67, "\x79\x20\xc7\x90\x6e\x67"},
    {0x6D68, "\x6c\x20\xc7\x8e\x6e"},
    {0x6D69, "\x68\x20\xc3\xa0\x6f"},
    {0x6D6A, "\x6c\x20\xc3\xa0\x6e\x67"},
    {0x6D6B, "\x68\x20\xc7\x8e\x6e"},
    {0x6D6C, "\x6c\x20\xc7\x90"},
    {0x6D6D, "\x67\x20\xc4\x93\x6e\x67"},
    {0x6D6E, "\x66\x20\xc3\xba"},
    {0x6D6F, "\x77\x20\xc3\xba"},
    {0x6D70, "\x6c\x20\x69\xc3\xa0\x6e"},
    {0x6D71, "\x63\x68\x20\xc3\xba\x6e"},
    {0x6D72, "\x66\x20\xc3\xa9\x6e\x67"},
    {0x6D73, "\x79\x20\xc3\xac"},
    {0x6D74, "\x79\x20\xc3\xb9"},
    {0x6D75, "\x74\x20\xc3\xb3\x6e\x67"},
    {0x6D76, "\x6c\x20\xc3\xa1\x6f"},
    {0x6D77, "\x68\x20\xc7\x8e\x69"},
    {0x6D78, "\x6a\x20\xc3\xac\x6e"},
    {0x6D79, "\x6a\x20\x69\xc4\x81"},
    {0x6D7A, "\x63\x68\x20\xc5\x8d\x6e\x67"},
    {0x6D7B, "\x6a\x20\x69\xc7\x92\x6e\x67"},
    {0x6D7C, "\x6d\x20\xc4\x9b\x69"},
    {0x6D7D, "\x73\x20\x75\xc4\xab"},
    {0x6D7E, "\x63\x68\x20\xc4\x93\x6e\x67"},
    {0x6D7F, "\x70\x20\xc3\xa8\x69"},
    {0x6D80, "\x78\x20\x69\xc3\xa0\x6e"},
    {0x6D81, "\x73\x68\x20\xc3\xa8\x6e"},
    {0x6D82, "\x74\x20\xc3\xba"},
    {0x6D83, "\x6b\x20\xc3\xb9\x6e"},
    {0x6D84, "\x70\x20\xc4\xab\x6e\x67"},
    {0x6D85, "\x6e\x20\x69\xc3\xa8"},
    {0x6D86, "\x68\x20\xc3\xa0\x6e"},
    {0x6D87, "\x6a\x20\xc4\xab\x6e\x67"},
    {0x6D88, "\x78\x20\x69\xc4\x81\x6f"},
    {0x6D89, "\x73\x68\x20\xc3\xa8"},
    {0x6D8A, "\x6e\x20\x69\xc7\x8e\x6e"},
    {0x6D8B, "\x74\x20\xc5\xab"},
    {0x6D8C, "\x79\x20\xc7\x92\x6e\x67"},
    {0x6D8D, "\x78\x20\x69\xc3\xa0\x6f"},
    {0x6D8E, "\x78\x20\x69\xc3\xa1\x6e"},
    {0x6D8F, "\x74\x20\xc7\x90\x6e\x67"},
    {0x6D90, "\xc3\xa9"},
    {0x6D91, "\x73\x20\xc3\xb9"},
    {0x6D92, "\x74\x20\xc5\xab\x6e"},
    {0x6D93, "\x6a\x20\x75\xc4\x81\x6e"},
    {0x6D94, "\x63\x20\xc3\xa9\x6e"},
    {0x6D95, "\x74\x20\xc3\xac"},
    {0x6D96, "\x6c\x20\xc3\xac"},
    {0x6D97, "\x73\x68\x20\x75\xc3\xac"},
    {0x6D98, "\x73\x20\xc3\xac"},
    {0x6D99, "\x6c\x20\xc3\xa8\x69"},
    {0x6D9A, "\x73\x68\x20\x75\xc3\xac"},
    {0x6D9B, "\x74\x20\xc4\x81\x6f"},
    {0x6D9C, "\x64\x20\xc3\xba"},
    {0x6D9D, "\x6c\x20\xc3\xa0\x6f"},
    {0x6D9E, "\x6c\x20\xc3\xa1\x69"},
    {0x6D9F, "\x6c\x20\x69\xc3\xa1\x6e"},
    {0x6DA0, "\x77\x20\xc3\xa9\x69"},
    {0x6DA1, "\x77\x20\xc5\x8d"},
    {0x6DA2, "\x79\x20\xc3\xba\x6e"},
    {0x6DA3, "\x68\x20\x75\xc3\xa0\x6e"},
    {0x6DA4, "\x64\x20\xc3\xad"},
    {0x6DA5, "\x68\x20\xc4\x93\x6e\x67"},
    {0x6DA6, "\x72\x20\xc3\xb9\x6e"},
    {0x6DA7, "\x6a\x20\x69\xc3\xa0\x6e"},
    {0x6DA8, "\x7a\x68\x20\xc7\x8e\x6e\x67"},
    {0x6DA9, "\x73\x20\xc3\xa8"},
    {0x6DAA, "\x66\x20\xc3\xba"},
    {0x6DAB, "\x67\x20\x75\xc3\xa0\x6e"},
    {0x6DAC, "\x78\x20\xc3\xac\x6e\x67"},
    {0x6DAD, "\x73\x68\x20\xc3\xb2\x75"},
    {0x6DAE, "\x73\x68\x20\x75\xc3\xa0\x6e"},
    {0x6DAF, "\x79\x20\xc3\xa1"},
    {0x6DB0, "\x63\x68\x20\x75\xc3\xb2"},
    {0x6DB1, "\x7a\x68\x20\xc3\xa0\x6e\x67"},
    {0x6DB2, "\x79\x20\xc3\xa8"},
    {0x6DB3, "\x6b\x20\xc5\x8d\x6e\x67"},
    {0x6DB4, "\x77\x20\xc3\xb2"},
    {0x6DB5, "\x68\x20\xc3\xa1\x6e"},
    {0x6DB6, "\x74\x20\x75\xc5\x8d"},
    {0x6DB7, "\x64\x20\xc5\x8d\x6e\x67"},
    {0x6DB8, "\x68\x20\xc3\xa9"},
    {0x6DB9, "\x77\x20\xc5\x8d"},
    {0x6DBA, "\x6a\x20\xc5\xab"},
    {0x6DBB, "\x73\x68\x20\xc3\xa8"},
    {0x6DBC, "\x6c\x20\x69\xc3\xa1\x6e\x67"},
    {0x6DBD, "\x68\x20\xc5\xab\x6e"},
    {0x6DBE, "\x74\x20\xc3\xa0"},
    {0x6DBF, "\x7a\x68\x20\x75\xc5\x8d"},
    {0x6DC0, "\x64\x20\x69\xc3\xa0\x6e"},
    {0x6DC1, "\x71\x20\x69\xc3\xa8"},
    {0x6DC2, "\x64\x20\xc3\xa9"},
    {0x6DC3, "\x6a\x20\x75\xc3\xa0\x6e"},
    {0x6DC4, "\x7a\x20\xc4\xab"},
    {0x6DC5, "\x78\x20\xc4\xab"},
    {0x6DC6, "\x78\x20\x69\xc3\xa1\x6f"},
    {0x6DC7, "\x71\x20\xc3\xad"},
    {0x6DC8, "\x67\x20\xc7\x94"},
    {0x6DC9, "\x67\x20\x75\xc7\x92"},
    {0x6DCA, "\x79\x20\xc4\x81\x6e"},
    {0x6DCB, "\x6c\x20\xc3\xad\x6e"},
    {0x6DCC, "\x74\x20\xc7\x8e\x6e\x67"},
    {0x6DCD, "\x7a\x68\x20\xc5\x8d\x75"},
    {0x6DCE, "\x70\x20\xc4\x9b\x6e\x67"},
    {0x6DCF, "\x68\x20\xc3\xa0\x6f"},
    {0x6DD0, "\x63\x68\x20\xc4\x81\x6e\x67"},
    {0x6DD1, "\x73\x68\x20\xc5\xab"},
    {0x6DD2, "\x71\x20\xc4\xab"},
    {0x6DD3, "\x66\x20\xc4\x81\x6e\x67"},
    {0x6DD4, "\x7a\x68\x20\xc3\xad"},
    {0x6DD5, "\x6c\x20\xc3\xb9"},
    {0x6DD6, "\x6e\x20\xc3\xa0\x6f"},
    {0x6DD7, "\x6a\x20\xc3\xba"},
    {0x6DD8, "\x74\x20\xc3\xa1\x6f"},
    {0x6DD9, "\x63\x20\xc3\xb3\x6e\x67"},
    {0x6DDA, "\x6c\x20\xc3\xa8\x69"},
    {0x6DDB, "\x7a\x68\x20\xc3\xa8"},
    {0x6DDC, "\x70\x20\xc3\xad\x6e\x67"},
    {0x6DDD, "\x66\x20\xc3\xa9\x69"},
    {0x6DDE, "\x73\x20\xc5\x8d\x6e\x67"},
    {0x6DDF, "\x74\x20\x69\xc7\x8e\x6e"},
    {0x6DE0, "\x70\x20\xc3\xac"},
    {0x6DE1, "\x64\x20\xc3\xa0\x6e"},
    {0x6DE2, "\x79\x20\xc3\xb9"},
    {0x6DE3, "\x6e\x20\xc3\xad"},
    {0x6DE4, "\x79\x20\xc5\xab"},
    {0x6DE5, "\x6c\x20\xc3\xb9"},
    {0x6DE6, "\x67\x20\xc3\xa0\x6e"},
    {0x6DE7, "\x6d\x20\xc3\xac"},
    {0x6DE8, "\x6a\x20\xc3\xac\x6e\x67"},
    {0x6DE9, "\x6c\x20\xc3\xad\x6e\x67"},
    {0x6DEA, "\x6c\x20\xc3\xba\x6e"},
    {0x6DEB, "\x79\x20\xc3\xad\x6e"},
    {0x6DEC, "\x63\x20\x75\xc3\xac"},
    {0x6DED, "\x71\x20\xc3\xba"},
    {0x6DEE, "\x68\x20\x75\xc3\xa1\x69"},
    {0x6DEF, "\x79\x20\xc3\xb9"},
    {0x6DF0, "\x6e\x20\x69\xc7\x8e\x6e"},
    {0x6DF1, "\x73\x68\x20\xc4\x93\x6e"},
    {0x6DF2, "\x62\x20\x69\xc4\x81\x6f"},
    {0x6DF3, "\x63\x68\x20\xc3\xba\x6e"},
    {0x6DF4, "\x68\x20\xc5\xab"},
    {0x6DF5, "\x79\x20\x75\xc4\x81\x6e"},
    {0x6DF6, "\x6c\x20\xc3\xa1\x69"},
    {0x6DF7, "\x68\x20\xc3\xb9\x6e"},
    {0x6DF8, "\x71\x20\xc4\xab\x6e\x67"},
    {0x6DF9, "\x79\x20\xc4\x81\x6e"},
    {0x6DFA, "\x71\x20\x69\xc7\x8e\x6e"},
    {0x6DFB, "\x74\x20\x69\xc4\x81\x6e"},
    {0x6DFC, "\x6d\x20\x69\xc7\x8e\x6f"},
    {0x6DFD, "\x7a\x68\x20\xc7\x90"},
    {0x6DFE, "\x79\x20\xc7\x90\x6e"},
    {0x6DFF, "\x62\x20\xc3\xb3"},
    {0x6E00, "\x62\x20\xc3\xa8\x6e"},
    {0x6E01, "\x79\x20\x75\xc4\x81\x6e"},
    {0x6E02, "\x77\x20\xc3\xa8\x6e"},
    {0x6E03, "\x72\x20\x75\xc3\xb2"},
    {0x6E04, "\x66\x20\xc4\x93\x69"},
    {0x6E05, "\x71\x20\xc4\xab\x6e\x67"},
    {0x6E06, "\x79\x20\x75\xc4\x81\x6e"},
    {0x6E07, "\x6b\x20\xc4\x9b"},
    {0x6E08, "\x6a\x20\xc3\xac"},
    {0x6E09, "\x73\x68\x20\xc3\xa8"},
    {0x6E0A, "\x79\x20\x75\xc4\x81\x6e"},
    {0x6E0B, "\x73\x20\xc3\xa8"},
    {0x6E0C, "\x6c\x20\xc3\xb9"},
    {0x6E0D, "\x7a\x20\xc3\xac"},
    {0x6E0E, "\x64\x20\xc3\xba"},
    {0x6E0F, "\x79\x20\xc4\xab"},
    {0x6E10, "\x6a\x20\x69\xc3\xa0\x6e"},
    {0x6E11, "\x6d\x20\x69\xc7\x8e\x6e"},
    {0x6E12, "\x70\x20\xc3\xa0\x69"},
    {0x6E13, "\x78\x20\xc4\xab"},
    {0x6E14, "\x79\x20\xc3\xba"},
    {0x6E15, "\x79\x20\x75\xc4\x81\x6e"},
    {0x6E16, "\x73\x68\x20\xc4\x9b\x6e"},
    {0x6E17, "\x73\x68\x20\xc3\xa8\x6e"},
    {0x6E18, "\x72\x20\xc3\xb3\x75"},
    {0x6E19, "\x68\x20\x75\xc3\xa0\x6e"},
    {0x6E1A, "\x7a\x68\x20\xc7\x94"},
    {0x6E1B, "\x6a\x20\x69\xc7\x8e\x6e"},
    {0x6E1C, "\x6e\x20\x75\xc7\x8e\x6e"},
    {0x6E1D, "\x79\x20\xc3\xba"},
    {0x6E1E, "\x71\x20\x69\xc3\xba"},
    {0x6E1F, "\x74\x20\xc3\xad\x6e\x67"},
    {0x6E20, "\x71\x20\xc3\xba"},
    {0x6E21, "\x64\x20\xc3\xb9"},
    {0x6E22, "\x66\x20\xc3\xa1\x6e"},
    {0x6E23, "\x7a\x68\x20\xc4\x81"},
    {0x6E24, "\x62\x20\xc3\xb3"},
    {0x6E25, "\x77\x20\xc3\xb2"},
    {0x6E26, "\x77\x20\xc5\x8d"},
    {0x6E27, "\x64\x20\xc3\xac"},
    {0x6E28, "\x77\x20\xc4\x93\x69"},
    {0x6E29, "\x77\x20\xc4\x93\x6e"},
    {0x6E2A, "\x72\x20\xc3\xba"},
    {0x6E2B, "\x78\x20\x69\xc3\xa8"},
    {0x6E2C, "\x63\x20\xc3\xa8"},
    {0x6E2D, "\x77\x20\xc3\xa8\x69"},
    {0x6E2E, "\x68\x20\xc3\xa9"},
    {0x6E2F, "\x67\x20\xc7\x8e\x6e\x67"},
    {0x6E30, "\x79\x20\xc7\x8e\x6e"},
    {0x6E31, "\x68\x20\xc3\xb3\x6e\x67"},
    {0x6E32, "\x78\x20\x75\xc3\xa0\x6e"},
    {0x6E33, "\x6d\x20\xc7\x90"},
    {0x6E34, "\x6b\x20\xc4\x9b"},
    {0x6E35, "\x6d\x20\xc3\xa1\x6f"},
    {0x6E36, "\x79\x20\xc4\xab\x6e\x67"},
    {0x6E37, "\x79\x20\xc7\x8e\x6e"},
    {0x6E38, "\x79\x20\xc3\xb3\x75"},
    {0x6E39, "\x68\x20\xc5\x8d\x6e\x67"},
    {0x6E3A, "\x6d\x20\x69\xc7\x8e\x6f"},
    {0x6E3B, "\x73\x68\x20\xc4\x9b\x6e\x67"},
    {0x6E3C, "\x6d\x20\xc4\x9b\x69"},
    {0x6E3D, "\x7a\x20\xc4\x81\x69"},
    {0x6E3E, "\x68\x20\xc3\xba\x6e"},
    {0x6E3F, "\x6e\x20\xc3\xa0\x69"},
    {0x6E40, "\x67\x20\x75\xc7\x90"},
    {0x6E41, "\x63\x68\x20\xc3\xac"},
    {0x6E42, "\xc3\xa8"},
    {0x6E43, "\x70\x20\xc3\xa0\x69"},
    {0x6E44, "\x6d\x20\xc3\xa9\x69"},
    {0x6E45, "\x6c\x20\x69\xc3\xa0\x6e"},
    {0x6E46, "\x71\x20\xc3\xac"},
    {0x6E47, "\x71\x20\xc3\xac"},
    {0x6E48, "\x6d\x20\xc3\xa9\x69"},
    {0x6E49, "\x74\x20\x69\xc3\xa1\x6e"},
    {0x6E4A, "\x63\x20\xc3\xb2\x75"},
    {0x6E4B, "\x77\x20\xc3\xa9\x69"},
    {0x6E4C, "\x63\x20\xc4\x81\x6e"},
    {0x6E4D, "\x74\x20\x75\xc4\x81\x6e"},
    {0x6E4E, "\x6d\x20\x69\xc7\x8e\x6e"},
    {0x6E4F, "\x68\x20\x75\xc3\xac"},
    {0x6E50, "\x6d\x20\xc3\xb2"},
    {0x6E51, "\x78\x20\xc5\xab"},
    {0x6E52, "\x6a\x20\xc3\xad"},
    {0x6E53, "\x70\x20\xc3\xa9\x6e"},
    {0x6E54, "\x6a\x20\x69\xc4\x81\x6e"},
    {0x6E55, "\x6a\x20\x69\xc7\x8e\x6e"},
    {0x6E56, "\x68\x20\xc3\xba"},
    {0x6E57, "\x66\x20\xc3\xa8\x6e\x67"},
    {0x6E58, "\x78\x20\x69\xc4\x81\x6e\x67"},
    {0x6E59, "\x79\x20\xc3\xac"},
    {0x6E5A, "\x79\x20\xc3\xac\x6e"},
    {0x6E5B, "\x7a\x68\x20\xc3\xa0\x6e"},
    {0x6E5C, "\x73\x68\x20\xc3\xad"},
    {0x6E5D, "\x6a\x20\x69\xc4\x93"},
    {0x6E5E, "\x7a\x68\x20\xc4\x93\x6e"},
    {0x6E5F, "\x68\x20\x75\xc3\xa1\x6e\x67"},
    {0x6E60, "\x74\x20\xc3\xa0\x6e"},
    {0x6E61, "\x79\x20\xc3\xba"},
    {0x6E62, "\x62\x20\xc3\xac"},
    {0x6E63, "\x6d\x20\xc7\x90\x6e"},
    {0x6E64, "\x73\x68\x20\xc4\xab"},
    {0x6E65, "\x74\x20\xc5\xab"},
    {0x6E66, "\x73\x68\x20\xc4\x93\x6e\x67"},
    {0x6E67, "\x79\x20\xc7\x92\x6e\x67"},
    {0x6E68, "\x6a\x20\xc3\xba"},
    {0x6E69, "\x64\x20\xc3\xb2\x6e\x67"},
    {0x6E6A, "\x74\x20\x75\xc3\xa0\x6e"},
    {0x6E6B, "\x6a\x20\x69\xc7\x8e\x6f"},
    {0x6E6C, "\x6a\x20\x69\xc7\x8e\x6f"},
    {0x6E6D, "\x71\x20\x69\xc3\xba"},
    {0x6E6E, "\x79\x20\xc4\x81\x6e"},
    {0x6E6F, "\x74\x20\xc4\x81\x6e\x67"},
    {0x6E70, "\x6c\x20\xc3\xb3\x6e\x67"},
    {0x6E71, "\x68\x20\x75\xc3\xb2"},
    {0x6E72, "\x79\x20\x75\xc3\xa1\x6e"},
    {0x6E73, "\x6e\x20\xc7\x8e\x6e"},
    {0x6E74, "\x62\x20\xc3\xa0\x6e"},
    {0x6E75, "\x79\x20\xc7\x92\x75"},
    {0x6E76, "\x71\x20\x75\xc3\xa1\x6e"},
    {0x6E77, "\x7a\x68\x20\x75\xc4\x81\x6e\x67"},
    {0x6E78, "\x6c\x20\x69\xc3\xa0\x6e\x67"},
    {0x6E79, "\x63\x68\x20\xc3\xa1\x6e"},
    {0x6E7A, "\x78\x20\x69\xc3\xa1\x6e"},
    {0x6E7B, "\x63\x68\x20\xc3\xba\x6e"},
    {0x6E7C, "\x6e\x20\x69\xc3\xa8"},
    {0x6E7D, "\x7a\x20\xc4\xab"},
    {0x6E7E, "\x77\x20\xc4\x81\x6e"},
    {0x6E7F, "\x73\x68\x20\xc4\xab"},
    {0x6E80, "\x6d\x20\xc7\x8e\x6e"},
    {0x6E81, "\x79\x20\xc3\xad\x6e\x67"},
    {0x6E82, "\x6c\x20\xc3\xa0"},
    {0x6E83, "\x6b\x20\x75\xc3\xac"},
    {0x6E84, "\x66\x20\xc3\xa9\x6e\x67"},
    {0x6E85, "\x6a\x20\x69\xc3\xa0\x6e"},
    {0x6E86, "\x78\x20\xc3\xb9"},
    {0x6E87, "\x6c\x20\xc3\xb3\x75"},
    {0x6E88, "\x77\x20\xc3\xa9\x69"},
    {0x6E89, "\x67\x20\xc3\xa0\x69"},
    {0x6E8A, "\x62\x20\xc5\x8d"},
    {0x6E8B, "\x79\x20\xc3\xad\x6e\x67"},
    {0x6E8C, "\x70\x20\xc5\x8d"},
    {0x6E8D, "\x6a\x20\xc3\xac\x6e"},
    {0x6E8E, "\x79\x20\xc3\xa0\x6e"},
    {0x6E8F, "\x74\x20\xc3\xa1\x6e\x67"},
    {0x6E90, "\x79\x20\x75\xc3\xa1\x6e"},
    {0x6E91, "\x73\x20\x75\xc7\x92"},
    {0x6E92, "\x79\x20\x75\xc3\xa1\x6e"},
    {0x6E93, "\x6c\x20\x69\xc3\xa1\x6e"},
    {0x6E94, "\x79\x20\xc7\x8e\x6f"},
    {0x6E95, "\x6d\x20\xc3\xa9\x6e\x67"},
    {0x6E96, "\x7a\x68\x20\xc7\x94\x6e"},
    {0x6E97, "\x63\x68\x20\xc3\xa9\x6e\x67"},
    {0x6E98, "\x6b\x20\xc3\xa8"},
    {0x6E99, "\x74\x20\xc3\xa0\x69"},
    {0x6E9A, "\x74\x20\xc7\x8e"},
    {0x6E9B, "\x77\x20\xc4\x81"},
    {0x6E9C, "\x6c\x20\x69\xc5\xab"},
    {0x6E9D, "\x67\x20\xc5\x8d\x75"},
    {0x6E9E, "\x73\x20\xc4\x81\x6f"},
    {0x6E9F, "\x6d\x20\xc3\xad\x6e\x67"},
    {0x6EA0, "\x7a\x68\x20\xc3\xa0"},
    {0x6EA1, "\x73\x68\x20\xc3\xad"},
    {0x6EA2, "\x79\x20\xc3\xac"},
    {0x6EA3, "\x6c\x20\xc3\xb9\x6e"},
    {0x6EA4, "\x6d\x20\xc7\x8e"},
    {0x6EA5, "\x70\x20\xc7\x94"},
    {0x6EA6, "\x77\x20\xc4\x93\x69"},
    {0x6EA7, "\x6c\x20\xc3\xac"},
    {0x6EA8, "\x7a\x20\xc4\x81\x69"},
    {0x6EA9, "\x77\x20\xc3\xb9"},
    {0x6EAA, "\x78\x20\xc4\xab"},
    {0x6EAB, "\x77\x20\xc4\x93\x6e"},
    {0x6EAC, "\x71\x20\x69\xc4\x81\x6e\x67"},
    {0x6EAD, "\x7a\x20\xc3\xa9"},
    {0x6EAE, "\x73\x68\x20\xc4\xab"},
    {0x6EAF, "\x73\x20\xc3\xb9"},
    {0x6EB0, "\xc3\xa1\x69"},
    {0x6EB1, "\x71\x20\xc3\xad\x6e"},
    {0x6EB2, "\x73\x20\xc5\x8d\x75"},
    {0x6EB3, "\x79\x20\xc3\xba\x6e"},
    {0x6EB4, "\x78\x20\x69\xc3\xb9"},
    {0x6EB5, "\x79\x20\xc4\xab\x6e"},
    {0x6EB6, "\x72\x20\xc3\xb3\x6e\x67"},
    {0x6EB7, "\x68\x20\xc3\xb9\x6e"},
    {0x6EB8, "\x73\x20\xc3\xb9"},
    {0x6EB9, "\x73\x20\x75\xc3\xb2"},
    {0x6EBA, "\x6e\x20\xc3\xac"},
    {0x6EBB, "\x74\x20\xc4\x81"},
    {0x6EBC, "\x73\x68\x20\xc4\xab"},
    {0x6EBD, "\x72\x20\xc3\xb9"},
    {0x6EBE, "\xc4\x81\x69"},
    {0x6EBF, "\x70\x20\xc3\xa0\x6e"},
    {0x6EC0, "\x63\x68\x20\xc3\xb9"},
    {0x6EC1, "\x63\x68\x20\xc3\xba"},
    {0x6EC2, "\x70\x20\xc4\x81\x6e\x67"},
    {0x6EC3, "\x77\x20\xc4\x93\x6e\x67"},
    {0x6EC4, "\x63\x20\xc4\x81\x6e\x67"},
    {0x6EC5, "\x6d\x20\x69\xc3\xa8"},
    {0x6EC6, "\x67\x20\xc3\xa9"},
    {0x6EC7, "\x64\x20\x69\xc4\x81\x6e"},
    {0x6EC8, "\x68\x20\xc3\xa0\x6f"},
    {0x6EC9, "\x68\x20\x75\xc3\xa0\x6e\x67"},
    {0x6ECA, "\x78\x20\xc3\xac"},
    {0x6ECB, "\x7a\x20\xc4\xab"},
    {0x6ECC, "\x64\x20\xc3\xad"},
    {0x6ECD, "\x7a\x68\x20\xc3\xac"},
    {0x6ECE, "\x78\x20\xc3\xad\x6e\x67"},
    {0x6ECF, "\x66\x20\xc7\x94"},
    {0x6ED0, "\x6a\x20\x69\xc3\xa9"},
    {0x6ED1, "\x68\x20\x75\xc3\xa1"},
    {0x6ED2, "\x67\x20\xc4\x93"},
    {0x6ED3, "\x7a\x20\xc7\x90"},
    {0x6ED4, "\x74\x20\xc4\x81\x6f"},
    {0x6ED5, "\x74\x20\xc3\xa9\x6e\x67"},
    {0x6ED6, "\x73\x20\x75\xc4\xab"},
    {0x6ED7, "\x62\x20\xc3\xac"},
    {0x6ED8, "\x6a\x20\x69\xc3\xa0\x6f"},
    {0x6ED9, "\x68\x20\x75\xc3\xac"},
    {0x6EDA, "\x67\x20\xc7\x94\x6e"},
    {0x6EDB, "\x79\x20\xc3\xad\x6e"},
    {0x6EDC, "\x67\x20\xc4\x81\x6f"},
    {0x6EDD, "\x6c\x20\xc3\xb3\x6e\x67"},
    {0x6EDE, "\x7a\x68\x20\xc3\xac"},
    {0x6EDF, "\x79\x20\xc3\xa0\x6e"},
    {0x6EE0, "\x73\x68\x20\xc3\xa8"},
    {0x6EE1, "\x6d\x20\xc7\x8e\x6e"},
    {0x6EE2, "\x79\x20\xc3\xad\x6e\x67"},
    {0x6EE3, "\x63\x68\x20\xc3\xba\x6e"},
    {0x6EE4, "\x6c\x20\xc7\x9c"},
    {0x6EE5, "\x6c\x20\xc3\xa0\x6e"},
    {0x6EE6, "\x6c\x20\x75\xc3\xa1\x6e"},
    {0x6EE7, "\x79\x20\xc3\xa1\x6f"},
    {0x6EE8, "\x62\x20\xc4\xab\x6e"},
    {0x6EE9, "\x74\x20\xc4\x81\x6e"},
    {0x6EEA, "\x79\x20\xc3\xb9"},
    {0x6EEB, "\x78\x20\x69\xc7\x94"},
    {0x6EEC, "\x68\x20\xc3\xb9"},
    {0x6EED, "\x62\x20\xc3\xac"},
    {0x6EEE, "\x62\x20\x69\xc4\x81\x6f"},
    {0x6EEF, "\x7a\x68\x20\xc3\xac"},
    {0x6EF0, "\x6a\x20\x69\xc3\xa0\x6e\x67"},
    {0x6EF1, "\x6b\x20\xc3\xb2\x75"},
    {0x6EF2, "\x73\x68\x20\xc3\xa8\x6e"},
    {0x6EF3, "\x73\x68\x20\xc4\x81\x6e\x67"},
    {0x6EF4, "\x64\x20\xc4\xab"},
    {0x6EF5, "\x6d\x20\xc3\xac"},
    {0x6EF6, "\xc3\xa1\x6f"},
    {0x6EF7, "\x6c\x20\xc7\x94"},
    {0x6EF8, "\x68\x20\xc7\x94"},
    {0x6EF9, "\x68\x20\xc5\xab"},
    {0x6EFA, "\x79\x20\xc5\x8d\x75"},
    {0x6EFB, "\x63\x68\x20\xc7\x8e\x6e"},
    {0x6EFC, "\x66\x20\xc3\xa0\x6e"},
    {0x6EFD, "\x79\x20\xc5\x8d\x6e\x67"},
    {0x6EFE, "\x67\x20\xc7\x94\x6e"},
    {0x6EFF, "\x6d\x20\xc7\x8e\x6e"},
    {0x6F00, "\x71\x20\xc7\x90\x6e\x67"},
    {0x6F01, "\x79\x20\xc3\xba"},
    {0x6F02, "\x70\x20\x69\xc4\x81\x6f"},
    {0x6F03, "\x6a\x20\xc3\xac"},
    {0x6F04, "\x79\x20\xc3\xa1"},
    {0x6F05, "\x63\x68\x20\xc3\xa1\x6f"},
    {0x6F06, "\x71\x20\xc4\xab"},
    {0x6F07, "\x78\x20\xc7\x90"},
    {0x6F08, "\x6a\x20\xc3\xac"},
    {0x6F09, "\x6c\x20\xc3\xb9"},
    {0x6F0A, "\x6c\x20\xc3\xb3\x75"},
    {0x6F0B, "\x6c\x20\xc3\xb3\x6e\x67"},
    {0x6F0C, "\x6a\x20\xc7\x90\x6e"},
    {0x6F0D, "\x67\x20\x75\xc3\xb3"},
    {0x6F0E, "\x63\x20\xc3\xb3\x6e\x67"},
    {0x6F0F, "\x6c\x20\xc3\xb2\x75"},
    {0x6F10, "\x7a\x68\x20\xc3\xad"},
    {0x6F11, "\x67\x20\xc3\xa0\x69"},
    {0x6F12, "\x71\x20\x69\xc3\xa1\x6e\x67"},
    {0x6F13, "\x6c\x20\xc3\xad"},
    {0x6F14, "\x79\x20\xc7\x8e\x6e"},
    {0x6F15, "\x63\x20\xc3\xa1\x6f"},
    {0x6F16, "\x6a\x20\x69\xc3\xa0\x6f"},
    {0x6F17, "\x63\x20\xc5\x8d\x6e\x67"},
    {0x6F18, "\x63\x68\x20\xc3\xba\x6e"},
    {0x6F19, "\x74\x20\x75\xc3\xa1\x6e"},
    {0x6F1A, "\xc5\x8d\x75"},
    {0x6F1B, "\x74\x20\xc3\xa9\x6e\x67"},
    {0x6F1C, "\x79\x20\xc4\x9b"},
    {0x6F1D, "\x78\x20\xc3\xad"},
    {0x6F1E, "\x6d\x20\xc3\xac"},
    {0x6F1F, "\x74\x20\xc3\xa1\x6e\x67"},
    {0x6F20, "\x6d\x20\xc3\xb2"},
    {0x6F21, "\x73\x68\x20\xc4\x81\x6e\x67"},
    {0x6F22, "\x68\x20\xc3\xa0\x6e"},
    {0x6F23, "\x6c\x20\x69\xc3\xa1\x6e"},
    {0x6F24, "\x6c\x20\xc7\x8e\x6e"},
    {0x6F25, "\x77\x20\xc4\x81"},
    {0x6F26, "\x63\x68\x20\xc3\xad"},
    {0x6F27, "\x67\x20\xc4\x81\x6e"},
    {0x6F28, "\x66\x20\xc3\xa9\x6e\x67"},
    {0x6F29, "\x78\x20\x75\xc3\xa1\x6e"},
    {0x6F2A, "\x79\x20\xc4\xab"},
    {0x6F2B, "\x6d\x20\xc3\xa0\x6e"},
    {0x6F2C, "\x7a\x20\xc3\xac"},
    {0x6F2D, "\x6d\x20\xc7\x8e\x6e\x67"},
    {0x6F2E, "\x6b\x20\xc4\x81\x6e\x67"},
    {0x6F2F, "\x6c\x20\x75\xc3\xb2"},
    {0x6F30, "\x70\x20\xc4\x93\x6e\x67"},
    {0x6F31, "\x73\x68\x20\xc3\xb9"},
    {0x6F32, "\x7a\x68\x20\xc7\x8e\x6e\x67"},
    {0x6F33, "\x7a\x68\x20\xc4\x81\x6e\x67"},
    {0x6F34, "\x7a\x68\x20\x75\xc3\xa0\x6e\x67"},
    {0x6F35, "\x78\x20\xc3\xb9"},
    {0x6F36, "\x68\x20\x75\xc3\xa0\x6e"},
    {0x6F37, "\x68\x20\x75\xc7\x92"},
    {0x6F38, "\x6a\x20\x69\xc3\xa0\x6e"},
    {0x6F39, "\x79\x20\xc4\x81\x6e"},
    {0x6F3A, "\x73\x68\x20\x75\xc7\x8e\x6e\x67"},
    {0x6F3B, "\x6c\x20\x69\xc3\xa1\x6f"},
    {0x6F3C, "\x63\x20\x75\xc7\x90"},
    {0x6F3D, "\x74\x20\xc3\xad"},
    {0x6F3E, "\x79\x20\xc3\xa0\x6e\x67"},
    {0x6F3F, "\x6a\x20\x69\xc4\x81\x6e\x67"},
    {0x6F40, "\x63\x20\xc3\xb3\x6e\x67"},
    {0x6F41, "\x79\x20\xc7\x90\x6e\x67"},
    {0x6F42, "\x68\x20\xc3\xb3\x6e\x67"},
    {0x6F43, "\x78\x20\x69\xc7\x94"},
    {0x6F44, "\x73\x68\x20\xc3\xb9"},
    {0x6F45, "\x67\x20\x75\xc3\xa0\x6e"},
    {0x6F46, "\x79\x20\xc3\xad\x6e\x67"},
    {0x6F47, "\x78\x20\x69\xc4\x81\x6f"},
    {0x6F48, "\x7a\x20\x6f\x6e\x67"},
    {0x6F49, "\x6b\x20\xc5\xab\x6e"},
    {0x6F4A, "\x78\x20\xc3\xb9"},
    {0x6F4B, "\x6c\x20\x69\xc3\xa0\x6e"},
    {0x6F4C, "\x7a\x68\x20\xc3\xac"},
    {0x6F4D, "\x77\x20\xc3\xa9\x69"},
    {0x6F4E, "\x70\x20\xc3\xac"},
    {0x6F4F, "\x79\x20\xc3\xb9"},
    {0x6F50, "\x6a\x20\x69\xc3\xa0\x6f"},
    {0x6F51, "\x70\x20\xc5\x8d"},
    {0x6F52, "\x64\x20\xc3\xa0\x6e\x67"},
    {0x6F53, "\x68\x20\x75\xc3\xac"},
    {0x6F54, "\x6a\x20\x69\xc3\xa9"},
    {0x6F55, "\x77\x20\xc7\x94"},
    {0x6F56, "\x70\x20\xc3\xa1"},
    {0x6F57, "\x6a\x20\xc3\xad"},
    {0x6F58, "\x70\x20\xc4\x81\x6e"},
    {0x6F59, "\x77\x20\xc3\xa9\x69"},
    {0x6F5A, "\x73\x20\xc3\xb9"},
    {0x6F5B, "\x71\x20\x69\xc3\xa1\x6e"},
    {0x6F5C, "\x71\x20\x69\xc3\xa1\x6e"},
    {0x6F5D, "\x78\x20\xc4\xab"},
    {0x6F5E, "\x6c\x20\xc3\xb9"},
    {0x6F5F, "\x78\x20\xc3\xac"},
    {0x6F60, "\x78\x20\xc3\xb9\x6e"},
    {0x6F61, "\x64\x20\xc3\xb9\x6e"},
    {0x6F62, "\x68\x20\x75\xc3\xa1\x6e\x67"},
    {0x6F63, "\x6d\x20\xc7\x90\x6e"},
    {0x6F64, "\x72\x20\xc3\xb9\x6e"},
    {0x6F65, "\x73\x20\xc3\xb9"},
    {0x6F66, "\x6c\x20\xc7\x8e\x6f"},
    {0x6F67, "\x7a\x68\x20\xc4\x93\x6e"},
    {0x6F68, "\x63\x20\xc3\xb3\x6e\x67"},
    {0x6F69, "\x79\x20\xc3\xac"},
    {0x6F6A, "\x7a\x68\x20\xc3\xa8"},
    {0x6F6B, "\x77\x20\xc4\x81\x6e"},
    {0x6F6C, "\x73\x68\x20\xc3\xa0\x6e"},
    {0x6F6D, "\x74\x20\xc3\xa1\x6e"},
    {0x6F6E, "\x63\x68\x20\xc3\xa1\x6f"},
    {0x6F6F, "\x78\x20\xc3\xba\x6e"},
    {0x6F70, "\x6b\x20\x75\xc3\xac"},
    {0x6F71, "\x79\x20\xc4\x93"},
    {0x6F72, "\x73\x68\x20\xc3\xa0\x6f"},
    {0x6F73, "\x74\x20\xc3\xba"},
    {0x6F74, "\x7a\x68\x20\xc5\xab"},
    {0x6F75, "\x73\x20\xc7\x8e"},
    {0x6F76, "\x68\x20\xc4\x93\x69"},
    {0x6F77, "\x62\x20\xc3\xac"},
    {0x6F78, "\x73\x68\x20\xc4\x81\x6e"},
    {0x6F79, "\x63\x68\x20\xc3\xa1\x6e"},
    {0x6F7A, "\x63\x68\x20\xc3\xa1\x6e"},
    {0x6F7B, "\x73\x68\x20\xc7\x94"},
    {0x6F7C, "\x74\x20\xc3\xb3\x6e\x67"},
    {0x6F7D, "\x70\x20\xc5\xab"},
    {0x6F7E, "\x6c\x20\xc3\xad\x6e"},
    {0x6F7F, "\x77\x20\xc3\xa9\x69"},
    {0x6F80, "\x73\x20\xc3\xa8"},
    {0x6F81, "\x73\x20\xc3\xa8"},
    {0x6F82, "\x63\x68\x20\xc3\xa9\x6e\x67"},
    {0x6F83, "\x6a\x20\x69\xc7\x92\x6e\x67"},
    {0x6F84, "\x63\x68\x20\xc3\xa9\x6e\x67"},
    {0x6F85, "\x68\x20\x75\xc3\xa0"},
    {0x6F86, "\x6a\x20\x69\xc4\x81\x6f"},
    {0x6F87, "\x6c\x20\xc3\xa0\x6f"},
    {0x6F88, "\x63\x68\x20\xc3\xa8"},
    {0x6F89, "\x67\x20\xc7\x8e\x6e"},
    {0x6F8A, "\x63\x20\xc5\xab\x6e"},
    {0x6F8B, "\x68\x20\xc3\xb2\x6e\x67"},
    {0x6F8C, "\x73\x20\xc4\xab"},
    {0x6F8D, "\x73\x68\x20\xc3\xb9"},
    {0x6F8E, "\x70\x20\xc4\x93\x6e\x67"},
    {0x6F8F, "\x68\x20\xc3\xa1\x6e"},
    {0x6F90, "\x79\x20\xc3\xba\x6e"},
    {0x6F91, "\x6c\x20\x69\xc3\xb9"},
    {0x6F92, "\x68\x20\xc3\xb2\x6e\x67"},
    {0x6F93, "\x66\x20\xc3\xba"},
    {0x6F94, "\x68\x20\xc3\xa0\x6f"},
    {0x6F95, "\x68\x20\xc3\xa9"},
    {0x6F96, "\x78\x20\x69\xc3\xa1\x6e"},
    {0x6F97, "\x6a\x20\x69\xc3\xa0\x6e"},
    {0x6F98, "\x73\x68\x20\xc4\x81\x6e"},
    {0x6F99, "\x78\x20\xc3\xac"},
    {0x6F9A, "\x79\x20\x75"},
    {0x6F9B, "\x6c\x20\xc7\x94"},
    {0x6F9C, "\x6c\x20\xc3\xa1\x6e"},
    {0x6F9D, "\x6e\x20\xc3\xac\x6e\x67"},
    {0x6F9E, "\x79\x20\xc3\xba"},
    {0x6F9F, "\x6c\x20\xc7\x90\x6e"},
    {0x6FA0, "\x6d\x20\x69\xc7\x8e\x6e"},
    {0x6FA1, "\x7a\x20\xc7\x8e\x6f"},
    {0x6FA2, "\x64\x20\xc4\x81\x6e\x67"},
    {0x6FA3, "\x68\x20\x75\xc3\xa0\x6e"},
    {0x6FA4, "\x7a\x20\xc3\xa9"},
    {0x6FA5, "\x78\x20\x69\xc3\xa8"},
    {0x6FA6, "\x79\x20\xc3\xb9"},
    {0x6FA7, "\x6c\x20\xc7\x90"},
    {0x6FA8, "\x73\x68\x20\xc3\xac"},
    {0x6FA9, "\x78\x20\x75\xc3\xa9"},
    {0x6FAA, "\x6c\x20\xc3\xad\x6e\x67"},
    {0x6FAB, "\x77\x20\xc3\xa0\x6e"},
    {0x6FAC, "\x7a\x20\xc4\xab"},
    {0x6FAD, "\x79\x20\xc5\x8d\x6e\x67"},
    {0x6FAE, "\x68\x20\x75\xc3\xac"},
    {0x6FAF, "\x63\x20\xc3\xa0\x6e"},
    {0x6FB0, "\x6c\x20\x69\xc3\xa0\x6e"},
    {0x6FB1, "\x64\x20\x69\xc3\xa0\x6e"},
    {0x6FB2, "\x79\x20\xc3\xa8"},
    {0x6FB3, "\xc3\xa0\x6f"},
    {0x6FB4, "\x68\x20\x75\xc3\xa1\x6e"},
    {0x6FB5, "\x7a\x68\x20\xc4\x93\x6e"},
    {0x6FB6, "\x63\x68\x20\xc3\xa1\x6e"},
    {0x6FB7, "\x6d\x20\xc3\xa0\x6e"},
    {0x6FB8, "\x64\x20\xc7\x8e\x6e"},
    {0x6FB9, "\x64\x20\xc3\xa0\x6e"},
    {0x6FBA, "\x79\x20\xc3\xac"},
    {0x6FBB, "\x73\x20\x75\xc3\xac"},
    {0x6FBC, "\x70\x20\xc3\xac"},
    {0x6FBD, "\x6a\x20\xc3\xb9"},
    {0x6FBE, "\x74\x20\xc3\xa0"},
    {0x6FBF, "\x71\x20\xc3\xad\x6e"},
    {0x6FC0, "\x6a\x20\xc4\xab"},
    {0x6FC1, "\x7a\x68\x20\x75\xc3\xb3"},
    {0x6FC2, "\x6c\x20\x69\xc3\xa1\x6e"},
    {0x6FC3, "\x6e\x20\xc3\xb3\x6e\x67"},
    {0x6FC4, "\x67\x20\x75\xc5\x8d"},
    {0x6FC5, "\x6a\x20\xc3\xac\x6e"},
    {0x6FC6, "\x66\x20\xc3\xa9\x6e"},
    {0x6FC7, "\x73\x20\xc3\xa8"},
    {0x6FC8, "\x6a\x20\xc3\xad"},
    {0x6FC9, "\x73\x20\x75\xc4\xab"},
    {0x6FCA, "\x68\x20\x75\xc3\xac"},
    {0x6FCB, "\x63\x68\x20\xc7\x94"},
    {0x6FCC, "\x74\x20\xc3\xa0"},
    {0x6FCD, "\x73\x20\xc5\x8d\x6e\x67"},
    {0x6FCE, "\x64\x20\xc7\x90\x6e\x67"},
    {0x6FCF, "\x73\x20\xc3\xa8"},
    {0x6FD0, "\x7a\x68\x20\xc7\x94"},
    {0x6FD1, "\x6c\x20\xc3\xa0\x69"},
    {0x6FD2, "\x62\x20\xc4\xab\x6e"},
    {0x6FD3, "\x6c\x20\x69\xc3\xa1\x6e"},
    {0x6FD4, "\x6d\x20\xc7\x90"},
    {0x6FD5, "\x73\x68\x20\xc4\xab"},
    {0x6FD6, "\x73\x68\x20\xc3\xb9"},
    {0x6FD7, "\x6d\x20\xc3\xac"},
    {0x6FD8, "\x6e\x20\xc3\xac\x6e\x67"},
    {0x6FD9, "\x79\x20\xc3\xad\x6e\x67"},
    {0x6FDA, "\x79\x20\xc3\xad\x6e\x67"},
    {0x6FDB, "\x6d\x20\xc3\xa9\x6e\x67"},
    {0x6FDC, "\x6a\x20\xc3\xac\x6e"},
    {0x6FDD, "\x71\x20\xc3\xad"},
    {0x6FDE, "\x62\x20\xc3\xac"},
    {0x6FDF, "\x6a\x20\xc3\xac"},
    {0x6FE0, "\x68\x20\xc3\xa1\x6f"},
    {0x6FE1, "\x72\x20\xc3\xba"},
    {0x6FE2, "\x63\x20\x75\xc3\xac"},
    {0x6FE3, "\x77\x20\xc3\xb2"},
    {0x6FE4, "\x74\x20\xc4\x81\x6f"},
    {0x6FE5, "\x79\x20\xc7\x90\x6e"},
    {0x6FE6, "\x79\x20\xc7\x90\x6e"},
    {0x6FE7, "\x64\x20\x75\xc3\xac"},
    {0x6FE8, "\x63\x20\xc3\xad"},
    {0x6FE9, "\x68\x20\x75\xc3\xb2"},
    {0x6FEA, "\x71\x20\xc3\xac\x6e\x67"},
    {0x6FEB, "\x6c\x20\xc3\xa0\x6e"},
    {0x6FEC, "\x6a\x20\xc3\xb9\x6e"},
    {0x6FED, "\xc7\x8e\x69"},
    {0x6FEE, "\x70\x20\xc3\xba"},
    {0x6FEF, "\x7a\x68\x20\x75\xc3\xb3"},
    {0x6FF0, "\x77\x20\xc3\xa9\x69"},
    {0x6FF1, "\x62\x20\xc4\xab\x6e"},
    {0x6FF2, "\x67\x20\xc7\x94"},
    {0x6FF3, "\x71\x20\x69\xc3\xa1\x6e"},
    {0x6FF4, "\x79\x20\xc3\xad\x6e\x67"},
    {0x6FF5, "\x62\x20\xc4\xab\x6e"},
    {0x6FF6, "\x6b\x20\x75\xc3\xb2"},
    {0x6FF7, "\x66\x20\xc3\xa8\x69"},
    {0x6FF8, "\x63\x20\xc4\x81\x6e\x67"},
    {0x6FF9, "\x6d\x20\x65"},
    {0x6FFA, "\x6a\x20\x69\xc3\xa0\x6e"},
    {0x6FFB, "\x77\x20\xc4\x9b\x69"},
    {0x6FFC, "\x6c\x20\x75\xc3\xb2"},
    {0x6FFD, "\x7a\x20\xc3\xa0\x6e"},
    {0x6FFE, "\x6c\x20\xc7\x9c"},
    {0x6FFF, "\x6c\x20\xc3\xac"},
    {0x7000, "\x79\x20\xc5\x8d\x75"},
    {0x7001, "\x79\x20\xc3\xa0\x6e\x67"},
    {0x7002, "\x6c\x20\xc7\x94"},
    {0x7003, "\x73\x20\xc3\xac"},
    {0x7004, "\x7a\x68\x20\xc3\xac"},
    {0x7005, "\x79\x20\xc3\xad\x6e\x67"},
    {0x7006, "\x64\x20\xc3\xba"},
    {0x7007, "\x77\x20\xc7\x8e\x6e\x67"},
    {0x7008, "\x68\x20\x75\xc4\xab"},
    {0x7009, "\x78\x20\x69\xc3\xa8"},
    {0x700A, "\x70\x20\xc3\xa1\x6e"},
    {0x700B, "\x73\x68\x20\xc4\x9b\x6e"},
    {0x700C, "\x62\x20\x69\xc4\x81\x6f"},
    {0x700D, "\x63\x68\x20\xc3\xa1\x6e"},
    {0x700E, "\x6d\x20\xc3\xb2"},
    {0x700F, "\x6c\x20\x69\xc3\xba"},
    {0x7010, "\x6a\x20\x69\xc4\x81\x6e"},
    {0x7011, "\x70\x20\xc3\xb9"},
    {0x7012, "\x73\x20\xc3\xa8"},
    {0x7013, "\x63\x68\x20\xc3\xa9\x6e\x67"},
    {0x7014, "\x67\x20\xc7\x94"},
    {0x7015, "\x62\x20\xc4\xab\x6e"},
    {0x7016, "\x68\x20\x75\xc3\xb2"},
    {0x7017, "\x78\x20\x69\xc3\xa0\x6e"},
    {0x7018, "\x6c\x20\xc3\xba"},
    {0x7019, "\x71\x20\xc3\xac\x6e"},
    {0x701A, "\x68\x20\xc3\xa0\x6e"},
    {0x701B, "\x79\x20\xc3\xad\x6e\x67"},
    {0x701C, "\x72\x20\xc3\xb3\x6e\x67"},
    {0x701D, "\x6c\x20\xc3\xac"},
    {0x701E, "\x6a\x20\xc3\xac\x6e\x67"},
    {0x701F, "\x78\x20\x69\xc4\x81\x6f"},
    {0x7020, "\x79\x20\xc3\xad\x6e\x67"},
    {0x7021, "\x73\x20\x75\xc7\x90"},
    {0x7022, "\x77\x20\xc4\x9b\x69"},
    {0x7023, "\x78\x20\x69\xc3\xa8"},
    {0x7024, "\x68\x20\x75\xc3\xa1\x69"},
    {0x7025, "\x78\x20\x75\xc3\xa8"},
    {0x7026, "\x7a\x68\x20\xc5\xab"},
    {0x7027, "\x6c\x20\xc3\xb3\x6e\x67"},
    {0x7028, "\x6c\x20\xc3\xa0\x69"},
    {0x7029, "\x64\x20\x75\xc3\xac"},
    {0x702A, "\x66\x20\xc3\xa1\x6e"},
    {0x702B, "\x68\x20\xc3\xba"},
    {0x702C, "\x6c\x20\xc3\xa0\x69"},
    {0x702D, "\x73\x68\x20\xc5\xab"},
    {0x702E, "\x6c\x20\x69\x6e\x67"},
    {0x702F, "\x79\x20\xc3\xad\x6e\x67"},
    {0x7030, "\x6d\x20\xc3\xad"},
    {0x7031, "\x6a\x20\xc3\xac"},
    {0x7032, "\x6c\x20\x69\xc3\xa0\x6e"},
    {0x7033, "\x6a\x20\x69\xc3\xa0\x6e"},
    {0x7034, "\x79\x20\xc3\xad\x6e\x67"},
    {0x7035, "\x66\x20\xc3\xa8\x6e"},
    {0x7036, "\x6c\x20\xc3\xad\x6e"},
    {0x7037, "\x79\x20\xc3\xac"},
    {0x7038, "\x6a\x20\x69\xc4\x81\x6e"},
    {0x7039, "\x79\x20\x75\xc3\xa8"},
    {0x703A, "\x63\x68\x20\xc3\xa1\x6e"},
    {0x703B, "\x64\x20\xc3\xa0\x69"},
    {0x703C, "\x72\x20\xc3\xa1\x6e\x67"},
    {0x703D, "\x6a\x20\x69\xc7\x8e\x6e"},
    {0x703E, "\x6c\x20\xc3\xa1\x6e"},
    {0x703F, "\x66\x20\xc3\xa1\x6e"},
    {0x7040, "\x73\x68\x20\x75\xc3\xa0\x6e\x67"},
    {0x7041, "\x79\x20\x75\xc4\x81\x6e"},
    {0x7042, "\x7a\x68\x20\x75\xc3\xb3"},
    {0x7043, "\x66\x20\xc4\x93\x6e\x67"},
    {0x7044, "\x73\x68\x20\xc3\xa8"},
    {0x7045, "\x6c\x20\xc4\x9b\x69"},
    {0x7046, "\x6c\x20\xc3\xa1\x6e"},
    {0x7047, "\x63\x20\xc3\xb3\x6e\x67"},
    {0x7048, "\x71\x20\xc3\xba"},
    {0x7049, "\x79\x20\xc5\x8d\x6e\x67"},
    {0x704A, "\x71\x20\x69\xc3\xa1\x6e"},
    {0x704B, "\x66\x20\xc7\x8e"},
    {0x704C, "\x67\x20\x75\xc3\xa0\x6e"},
    {0x704D, "\x6a\x20\x75\xc3\xa9"},
    {0x704E, "\x79\x20\xc3\xa0\x6e"},
    {0x704F, "\x68\x20\xc3\xa0\x6f"},
    {0x7050, "\x79\x20\xc3\xad\x6e\x67"},
    {0x7051, "\x73\x20\xc7\x8e"},
    {0x7052, "\x7a\x20\xc3\xa0\x6e"},
    {0x7053, "\x6c\x20\x75\xc3\xa1\x6e"},
    {0x7054, "\x79\x20\xc3\xa0\x6e"},
    {0x7055, "\x6c\x20\xc3\xad"},
    {0x7056, "\x6d\x20\xc7\x90"},
    {0x7057, "\x73\x68\x20\xc3\xa0\x6e"},
    {0x7058, "\x74\x20\xc4\x81\x6e"},
    {0x7059, "\x64\x20\xc7\x8e\x6e\x67"},
    {0x705A, "\x6a\x20\x69\xc7\x8e\x6f"},
    {0x705B, "\x63\x68\x20\xc7\x8e\x6e"},
    {0x705C, "\x79\x20\xc3\xad\x6e\x67"},
    {0x705D, "\x68\x20\xc3\xa0\x6f"},
    {0x705E, "\x62\x20\xc3\xa0"},
    {0x705F, "\x7a\x68\x20\xc3\xba"},
    {0x7060, "\x6c\x20\xc7\x8e\x6e"},
    {0x7061, "\x6c\x20\xc3\xa1\x6e"},
    {0x7062, "\x6e\x20\xc7\x8e\x6e\x67"},
    {0x7063, "\x77\x20\xc4\x81\x6e"},
    {0x7064, "\x6c\x20\x75\xc3\xa1\x6e"},
    {0x7065, "\x78\x20\xc3\xba\x6e"},
    {0x7066, "\x78\x20\x69\xc7\x8e\x6e"},
    {0x7067, "\x79\x20\xc3\xa0\x6e"},
    {0x7068, "\x67\x20\xc3\xa0\x6e"},
    {0x7069, "\x79\x20\xc3\xa0\x6e"},
    {0x706A, "\x79\x20\xc3\xb9"},
    {0x706B, "\x68\x20\x75\xc7\x92"},
    {0x706C, "\x62\x20\x69\xc4\x81\x6f"},
    {0x706D, "\x6d\x20\x69\xc3\xa8"},
    {0x706E, "\x67\x20\x75\xc4\x81\x6e\x67"},
    {0x706F, "\x64\x20\xc4\x93\x6e\x67"},
    {0x7070, "\x68\x20\x75\xc4\xab"},
    {0x7071, "\x78\x20\x69\xc4\x81\x6f"},
    {0x7072, "\x78\x20\x69\xc4\x81\x6f"},
    {0x7073, "\x68\x20\x75\xc4\xab"},
    {0x7074, "\x68\x20\xc5\x8d\x6e\x67"},
    {0x7075, "\x6c\x20\xc3\xad\x6e\x67"},
    {0x7076, "\x7a\x20\xc3\xa0\x6f"},
    {0x7077, "\x7a\x68\x20\x75\xc3\xa0\x6e"},
    {0x7078, "\x6a\x20\x69\xc7\x94"},
    {0x7079, "\x7a\x68\x20\xc3\xa0"},
    {0x707A, "\x78\x20\x69\xc3\xa8"},
    {0x707B, "\x63\x68\x20\xc3\xac"},
    {0x707C, "\x7a\x68\x20\x75\xc3\xb3"},
    {0x707D, "\x7a\x20\xc4\x81\x69"},
    {0x707E, "\x7a\x20\xc4\x81\x69"},
    {0x707F, "\x63\x20\xc3\xa0\x6e"},
    {0x7080, "\x79\x20\xc3\xa1\x6e\x67"},
    {0x7081, "\x71\x20\xc3\xac"},
    {0x7082, "\x7a\x68\x20\xc5\x8d\x6e\x67"},
    {0x7083, "\x66\x20\xc3\xa9\x6e"},
    {0x7084, "\x6e\x20\x69\xc7\x94"},
    {0x7085, "\x6a\x20\x69\xc7\x92\x6e\x67"},
    {0x7086, "\x77\x20\xc3\xa9\x6e"},
    {0x7087, "\x70\x20\xc5\xab"},
    {0x7088, "\x79\x20\xc3\xac"},
    {0x7089, "\x6c\x20\xc3\xba"},
    {0x708A, "\x63\x68\x20\x75\xc4\xab"},
    {0x708B, "\x70\x20\xc4\xab"},
    {0x708C, "\x6b\x20\xc3\xa0\x69"},
    {0x708D, "\x70\x20\xc3\xa0\x6e"},
    {0x708E, "\x79\x20\xc3\xa1\x6e"},
    {0x708F, "\x6b\x20\xc3\xa0\x69"},
    {0x7090, "\x70\x20\xc3\xa0\x6e\x67"},
    {0x7091, "\x6d\x20\xc3\xb9"},
    {0x7092, "\x63\x68\x20\xc7\x8e\x6f"},
    {0x7093, "\x6c\x20\x69\xc3\xa0\x6f"},
    {0x7094, "\x67\x20\x75\xc3\xac"},
    {0x7095, "\x6b\x20\xc3\xa0\x6e\x67"},
    {0x7096, "\x64\x20\xc3\xb9\x6e"},
    {0x7097, "\x67\x20\x75\xc4\x81\x6e\x67"},
    {0x7098, "\x78\x20\xc4\xab\x6e"},
    {0x7099, "\x7a\x68\x20\xc3\xac"},
    {0x709A, "\x67\x20\x75\xc4\x81\x6e\x67"},
    {0x709B, "\x67\x20\x75\xc4\x81\x6e\x67"},
    {0x709C, "\x77\x20\xc4\x9b\x69"},
    {0x709D, "\x71\x20\x69\xc3\xa0\x6e\x67"},
    {0x709E, "\x62\x20\x69\x61\x6e"},
    {0x709F, "\x64\x20\xc3\xa1"},
    {0x70A0, "\x78\x20\x69\xc3\xa1"},
    {0x70A1, "\x7a\x68\x20\xc4\x93\x6e\x67"},
    {0x70A2, "\x7a\x68\x20\xc3\xba"},
    {0x70A3, "\x6b\x20\xc4\x9b"},
    {0x70A4, "\x7a\x68\x20\xc3\xa0\x6f"},
    {0x70A5, "\x66\x20\xc3\xba"},
    {0x70A6, "\x62\x20\xc3\xa1"},
    {0x70A7, "\x78\x20\x69\xc3\xa8"},
    {0x70A8, "\x78\x20\x69\xc3\xa8"},
    {0x70A9, "\x6c\x20\xc3\xac\x6e\x67"},
    {0x70AA, "\x7a\x68\x20\x75\xc5\x8d"},
    {0x70AB, "\x78\x20\x75\xc3\xa0\x6e"},
    {0x70AC, "\x6a\x20\xc3\xb9"},
    {0x70AD, "\x74\x20\xc3\xa0\x6e"},
    {0x70AE, "\x70\x20\xc3\xa0\x6f"},
    {0x70AF, "\x6a\x20\x69\xc7\x92\x6e\x67"},
    {0x70B0, "\x70\x20\xc3\xa1\x6f"},
    {0x70B1, "\x74\x20\xc3\xa1\x69"},
    {0x70B2, "\x74\x20\xc3\xa1\x69"},
    {0x70B3, "\x62\x20\xc7\x90\x6e\x67"},
    {0x70B4, "\x79\x20\xc7\x8e\x6e\x67"},
    {0x70B5, "\x74\x20\xc5\x8d\x6e\x67"},
    {0x70B6, "\x73\x68\x20\xc7\x8e\x6e"},
    {0x70B7, "\x7a\x68\x20\xc3\xb9"},
    {0x70B8, "\x7a\x68\x20\xc3\xa0"},
    {0x70B9, "\x64\x20\x69\xc7\x8e\x6e"},
    {0x70BA, "\x77\x20\xc3\xa8\x69"},
    {0x70BB, "\x73\x68\x20\xc3\xad"},
    {0x70BC, "\x6c\x20\x69\xc3\xa0\x6e"},
    {0x70BD, "\x63\x68\x20\xc3\xac"},
    {0x70BE, "\x68\x20\x75\xc7\x8e\x6e\x67"},
    {0x70BF, "\x7a\x68\x20\xc5\x8d\x75"},
    {0x70C0, "\x68\x20\xc5\xab"},
    {0x70C1, "\x73\x68\x20\x75\xc3\xb2"},
    {0x70C2, "\x6c\x20\xc3\xa0\x6e"},
    {0x70C3, "\x74\x20\xc4\xab\x6e\x67"},
    {0x70C4, "\x6a\x20\x69\xc7\x8e\x6f"},
    {0x70C5, "\x78\x20\xc3\xb9"},
    {0x70C6, "\x68\x20\xc3\xa9\x6e\x67"},
    {0x70C7, "\x71\x20\x75\xc7\x8e\x6e"},
    {0x70C8, "\x6c\x20\x69\xc3\xa8"},
    {0x70C9, "\x68\x20\x75\xc3\xa0\x6e"},
    {0x70CA, "\x79\x20\xc3\xa1\x6e\x67"},
    {0x70CB, "\x78\x20\x69\xc5\xab"},
    {0x70CC, "\x78\x20\x69\xc5\xab"},
    {0x70CD, "\x78\x20\x69\xc7\x8e\x6e"},
    {0x70CE, "\x79\x20\xc3\xad\x6e"},
    {0x70CF, "\x77\x20\xc5\xab"},
    {0x70D0, "\x7a\x68\x20\xc5\x8d\x75"},
    {0x70D1, "\x79\x20\xc3\xa1\x6f"},
    {0x70D2, "\x73\x68\x20\xc3\xac"},
    {0x70D3, "\x77\x20\xc4\x93\x69"},
    {0x70D4, "\x74\x20\xc3\xb3\x6e\x67"},
    {0x70D5, "\x6d\x20\x69\xc3\xa8"},
    {0x70D6, "\x7a\x20\xc4\x81\x69"},
    {0x70D7, "\x6b\x20\xc3\xa0\x69"},
    {0x70D8, "\x68\x20\xc5\x8d\x6e\x67"},
    {0x70D9, "\x6c\x20\xc3\xa0\x6f"},
    {0x70DA, "\x78\x20\x69\xc3\xa1"},
    {0x70DB, "\x7a\x68\x20\xc3\xba"},
    {0x70DC, "\x78\x20\x75\xc7\x8e\x6e"},
    {0x70DD, "\x7a\x68\x20\xc4\x93\x6e\x67"},
    {0x70DE, "\x70\x20\xc3\xb2"},
    {0x70DF, "\x79\x20\xc4\x81\x6e"},
    {0x70E0, "\x68\x20\x75\xc3\xad"},
    {0x70E1, "\x67\x20\x75\xc4\x81\x6e\x67"},
    {0x70E2, "\x63\x68\x20\xc3\xa8"},
    {0x70E3, "\x68\x20\x75\xc4\xab"},
    {0x70E4, "\x6b\x20\xc7\x8e\x6f"},
    {0x70E5, "\x6a\x20\xc3\xb9"},
    {0x70E6, "\x66\x20\xc3\xa1\x6e"},
    {0x70E7, "\x73\x68\x20\xc4\x81\x6f"},
    {0x70E8, "\x79\x20\xc3\xa8"},
    {0x70E9, "\x68\x20\x75\xc3\xac"},
    {0x70EB, "\x74\x20\xc3\xa0\x6e\x67"},
    {0x70EC, "\x6a\x20\xc3\xac\x6e"},
    {0x70ED, "\x72\x20\xc3\xa8"},
    {0x70EE, "\x6c\x20\x69\xc3\xa8"},
    {0x70EF, "\x78\x20\xc4\xab"},
    {0x70F0, "\x66\x20\xc3\xba"},
    {0x70F1, "\x6a\x20\x69\xc7\x92\x6e\x67"},
    {0x70F2, "\x78\x20\x69\xc3\xa8"},
    {0x70F3, "\x70\x20\xc7\x94"},
    {0x70F4, "\x74\x20\xc4\xab\x6e\x67"},
    {0x70F5, "\x7a\x68\x20\x75\xc3\xb3"},
    {0x70F6, "\x74\x20\xc7\x90\x6e\x67"},
    {0x70F7, "\x77\x20\xc3\xa1\x6e"},
    {0x70F8, "\x68\x20\xc7\x8e\x69"},
    {0x70F9, "\x70\x20\xc4\x93\x6e\x67"},
    {0x70FA, "\x6c\x20\xc7\x8e\x6e\x67"},
    {0x70FB, "\x79\x20\xc3\xa0\x6e"},
    {0x70FC, "\x78\x20\xc3\xb9"},
    {0x70FD, "\x66\x20\xc4\x93\x6e\x67"},
    {0x70FE, "\x63\x68\x20\xc3\xac"},
    {0x70FF, "\x72\x20\xc3\xb3\x6e\x67"},
    {0x7100, "\x68\x20\xc3\xba"},
    {0x7101, "\x78\x20\xc4\xab"},
    {0x7102, "\x73\x68\x20\xc5\xab"},
    {0x7103, "\x68\x20\xc3\xa8"},
    {0x7104, "\x78\x20\xc5\xab\x6e"},
    {0x7105, "\x6b\x20\xc3\xb9"},
    {0x7106, "\x6a\x20\x75\xc4\x81\x6e"},
    {0x7107, "\x78\x20\x69\xc4\x81\x6f"},
    {0x7108, "\x78\x20\xc4\xab"},
    {0x7109, "\x79\x20\xc4\x81\x6e"},
    {0x710A, "\x68\x20\xc3\xa0\x6e"},
    {0x710B, "\x7a\x68\x20\x75\xc3\xa0\x6e\x67"},
    {0x710C, "\x6a\x20\xc3\xb9\x6e"},
    {0x710D, "\x64\x20\xc3\xac"},
    {0x710E, "\x78\x20\x69\xc3\xa8"},
    {0x710F, "\x6a\x20\xc3\xad"},
    {0x7110, "\x77\x20\xc3\xb9"},
    {0x7111, "\x79\x20\xc4\x81\x6e"},
    {0x7112, "\x6c\x20\xc7\x9a"},
    {0x7113, "\x68\x20\xc3\xa1\x6e"},
    {0x7114, "\x79\x20\xc3\xa0\x6e"},
    {0x7115, "\x68\x20\x75\xc3\xa0\x6e"},
    {0x7116, "\x6d\x20\xc3\xa8\x6e"},
    {0x7117, "\x6a\x20\xc3\xba"},
    {0x7118, "\x64\x20\xc3\xa0\x6f"},
    {0x7119, "\x62\x20\xc3\xa8\x69"},
    {0x711A, "\x66\x20\xc3\xa9\x6e"},
    {0x711B, "\x6c\x20\xc3\xac\x6e"},
    {0x711C, "\x6b\x20\xc5\xab\x6e"},
    {0x711D, "\x68\x20\xc3\xb9\x6e"},
    {0x711E, "\x74\x20\xc5\xab\x6e"},
    {0x711F, "\x78\x20\xc4\xab"},
    {0x7120, "\x63\x20\x75\xc3\xac"},
    {0x7121, "\x77\x20\xc3\xba"},
    {0x7122, "\x68\x20\xc5\x8d\x6e\x67"},
    {0x7123, "\x63\x68\x20\xc7\x8e\x6f"},
    {0x7124, "\x66\x20\xc7\x94"},
    {0x7125, "\x77\x20\xc3\xb2"},
    {0x7126, "\x6a\x20\x69\xc4\x81\x6f"},
    {0x7127, "\x63\x20\xc5\x8d\x6e\x67"},
    {0x7128, "\x66\x20\xc3\xa8\x6e\x67"},
    {0x7129, "\x70\x20\xc3\xad\x6e\x67"},
    {0x712A, "\x71\x20\x69\xc3\xb3\x6e\x67"},
    {0x712B, "\x72\x20\x75\xc3\xb2"},
    {0x712C, "\x78\x20\xc4\xab"},
    {0x712D, "\x71\x20\x69\xc3\xb3\x6e\x67"},
    {0x712E, "\x78\x20\xc3\xac\x6e"},
    {0x712F, "\x63\x68\x20\xc4\x81\x6f"},
    {0x7130, "\x79\x20\xc3\xa0\x6e"},
    {0x7131, "\x79\x20\xc3\xa0\x6e"},
    {0x7132, "\x79\x20\xc3\xac"},
    {0x7133, "\x6a\x20\x75\xc3\xa9"},
    {0x7134, "\x79\x20\xc3\xb9"},
    {0x7135, "\x67\x20\xc3\xa0\x6e\x67"},
    {0x7136, "\x72\x20\xc3\xa1\x6e"},
    {0x7137, "\x70\x20\xc3\xad"},
    {0x7138, "\x78\x20\x69\xc3\xb2\x6e\x67"},
    {0x7139, "\x67\x20\xc3\xa0\x6e\x67"},
    {0x713A, "\x73\x68\x20\xc4\x93\x6e\x67"},
    {0x713B, "\x63\x68\x20\xc3\xa0\x6e\x67"},
    {0x713C, "\x73\x68\x20\xc4\x81\x6f"},
    {0x713D, "\x78\x20\x69\xc7\x92\x6e\x67"},
    {0x713E, "\x6e\x20\x69\xc7\x8e\x6e"},
    {0x713F, "\x67\x20\xc4\x93\x6e\x67"},
    {0x7140, "\x77\x20\x65\x69"},
    {0x7141, "\x63\x68\x20\xc3\xa9\x6e"},
    {0x7142, "\x68\x20\xc3\xa8"},
    {0x7143, "\x6b\x20\x75\xc7\x90"},
    {0x7144, "\x7a\x68\x20\xc7\x92\x6e\x67"},
    {0x7145, "\x64\x20\x75\xc3\xa0\x6e"},
    {0x7146, "\x78\x20\x69\xc4\x81"},
    {0x7147, "\x68\x20\x75\xc4\xab"},
    {0x7148, "\x66\x20\xc3\xa8\x6e\x67"},
    {0x7149, "\x6c\x20\x69\xc3\xa0\x6e"},
    {0x714A, "\x78\x20\x75\xc4\x81\x6e"},
    {0x714B, "\x78\x20\xc4\xab\x6e\x67"},
    {0x714C, "\x68\x20\x75\xc3\xa1\x6e\x67"},
    {0x714D, "\x6a\x20\x69\xc7\x8e\x6f"},
    {0x714E, "\x6a\x20\x69\xc4\x81\x6e"},
    {0x714F, "\x62\x20\xc3\xac"},
    {0x7150, "\x79\x20\xc4\xab\x6e\x67"},
    {0x7151, "\x7a\x68\x20\xc7\x94"},
    {0x7152, "\x77\x20\xc4\x9b\x69"},
    {0x7153, "\x74\x20\x75\xc4\x81\x6e"},
    {0x7154, "\x73\x68\x20\xc7\x8e\x6e"},
    {0x7155, "\x78\x20\xc4\xab"},
    {0x7156, "\x6e\x20\x75\xc7\x8e\x6e"},
    {0x7157, "\x6e\x20\x75\xc7\x8e\x6e"},
    {0x7158, "\x63\x68\x20\xc3\xa1\x6e"},
    {0x7159, "\x79\x20\xc4\x81\x6e"},
    {0x715A, "\x6a\x20\x69\xc7\x92\x6e\x67"},
    {0x715B, "\x6a\x20\x69\xc7\x92\x6e\x67"},
    {0x715C, "\x79\x20\xc3\xb9"},
    {0x715D, "\x6d\x20\xc3\xa8\x69"},
    {0x715E, "\x73\x68\x20\xc4\x81"},
    {0x715F, "\x77\x20\xc3\xa8\x69"},
    {0x7160, "\x7a\x68\x20\xc3\xa1"},
    {0x7161, "\x6a\x20\xc3\xac\x6e"},
    {0x7162, "\x71\x20\x69\xc3\xb3\x6e\x67"},
    {0x7163, "\x72\x20\xc3\xb3\x75"},
    {0x7164, "\x6d\x20\xc3\xa9\x69"},
    {0x7165, "\x68\x20\x75\xc3\xa0\x6e"},
    {0x7166, "\x78\x20\xc3\xb9"},
    {0x7167, "\x7a\x68\x20\xc3\xa0\x6f"},
    {0x7168, "\x77\x20\xc4\x93\x69"},
    {0x7169, "\x66\x20\xc3\xa1\x6e"},
    {0x716A, "\x71\x20\x69\xc3\xba"},
    {0x716B, "\x73\x20\x75\xc3\xac"},
    {0x716C, "\x79\x20\xc3\xa1\x6e\x67"},
    {0x716D, "\x6c\x20\x69\xc3\xa8"},
    {0x716E, "\x7a\x68\x20\xc7\x94"},
    {0x716F, "\x6a\x20\x69\xc4\x93"},
    {0x7170, "\x7a\x20\xc3\xa0\x6f"},
    {0x7171, "\x67\x20\x75\xc4\x81"},
    {0x7172, "\x62\x20\xc4\x81\x6f"},
    {0x7173, "\x68\x20\xc3\xba"},
    {0x7174, "\x79\x20\xc5\xab\x6e"},
    {0x7175, "\x6e\x20\xc7\x8e\x6e"},
    {0x7176, "\x73\x68\x20\xc3\xac"},
    {0x7177, "\x6c\x20\x69\x61\x6e\x67"},
    {0x7178, "\x62\x20\x69\xc4\x81\x6e"},
    {0x7179, "\x67\x20\xc3\xb2\x75"},
    {0x717A, "\x74\x20\x75\xc3\xac"},
    {0x717B, "\x74\x20\xc3\xa1\x6e\x67"},
    {0x717C, "\x63\x68\x20\xc7\x8e\x6f"},
    {0x717D, "\x73\x68\x20\xc4\x81\x6e"},
    {0x717E, "\xc4\x93\x6e"},
    {0x717F, "\x62\x20\xc3\xb3"},
    {0x7180, "\x68\x20\x75\xc7\x8e\x6e\x67"},
    {0x7181, "\x78\x20\x69\xc3\xa9"},
    {0x7182, "\x78\x20\xc3\xac"},
    {0x7183, "\x77\x20\xc3\xb9"},
    {0x7184, "\x78\x20\xc4\xab"},
    {0x7185, "\x79\x20\xc3\xb9\x6e"},
    {0x7186, "\x68\x20\xc3\xa9"},
    {0x7187, "\x68\x20\xc3\xa8"},
    {0x7188, "\x78\x20\xc4\xab"},
    {0x7189, "\x79\x20\xc3\xba\x6e"},
    {0x718A, "\x78\x20\x69\xc3\xb3\x6e\x67"},
    {0x718B, "\x6e\x20\xc3\xa1\x69"},
    {0x718C, "\x73\x68\x20\xc7\x8e\x6e"},
    {0x718D, "\x71\x20\x69\xc3\xb3\x6e\x67"},
    {0x718E, "\x79\x20\xc3\xa0\x6f"},
    {0x718F, "\x78\x20\xc5\xab\x6e"},
    {0x7190, "\x6d\x20\xc3\xac"},
    {0x7191, "\x6c\x20\x69\xc3\xa1\x6e"},
    {0x7192, "\x79\x20\xc3\xad\x6e\x67"},
    {0x7193, "\x77\x20\xc7\x94"},
    {0x7194, "\x72\x20\xc3\xb3\x6e\x67"},
    {0x7195, "\x67\x20\xc5\x8d\x6e\x67"},
    {0x7196, "\x79\x20\xc3\xa0\x6e"},
    {0x7197, "\x71\x20\x69\xc3\xa0\x6e\x67"},
    {0x7198, "\x6c\x20\x69\xc5\xab"},
    {0x7199, "\x78\x20\xc4\xab"},
    {0x719A, "\x62\x20\xc3\xac"},
    {0x719B, "\x62\x20\x69\xc4\x81\x6f"},
    {0x719C, "\x63\x20\xc5\x8d\x6e\x67"},
    {0x719D, "\x6c\x20\xc3\xb9"},
    {0x719E, "\x6a\x20\x69\xc4\x81\x6e"},
    {0x719F, "\x73\x68\x20\xc3\xba"},
    {0x71A0, "\x79\x20\xc3\xac"},
    {0x71A1, "\x6c\x20\xc3\xb3\x75"},
    {0x71A2, "\x70\x20\xc3\xa9\x6e\x67"},
    {0x71A3, "\x73\x20\x75\xc4\xab"},
    {0x71A4, "\x79\x20\xc3\xac"},
    {0x71A5, "\x74\x20\xc4\x93\x6e\x67"},
    {0x71A6, "\x6a\x20\x75\xc3\xa9"},
    {0x71A7, "\x7a\x20\xc5\x8d\x6e\x67"},
    {0x71A8, "\x79\x20\xc3\xb9\x6e"},
    {0x71A9, "\x68\x20\xc3\xb9"},
    {0x71AA, "\x79\x20\xc3\xad"},
    {0x71AB, "\x7a\x68\x20\xc3\xac"},
    {0x71AC, "\xc3\xa1\x6f"},
    {0x71AD, "\x77\x20\xc3\xa8\x69"},
    {0x71AE, "\x6c\x20\x69\xc7\x94"},
    {0x71AF, "\x68\x20\xc3\xa0\x6e"},
    {0x71B0, "\xc5\x8d\x75"},
    {0x71B1, "\x72\x20\xc3\xa8"},
    {0x71B2, "\x6a\x20\x69\xc7\x92\x6e\x67"},
    {0x71B3, "\x6d\x20\xc3\xa0\x6e"},
    {0x71B4, "\x6b\x20\xc5\xab\x6e"},
    {0x71B5, "\x73\x68\x20\xc4\x81\x6e\x67"},
    {0x71B6, "\x63\x20\x75\xc3\xa0\x6e"},
    {0x71B7, "\x7a\x20\xc4\x93\x6e\x67"},
    {0x71B8, "\x6a\x20\x69\xc4\x81\x6e"},
    {0x71B9, "\x78\x20\xc4\xab"},
    {0x71BA, "\x78\x20\xc4\xab"},
    {0x71BB, "\x78\x20\xc4\xab"},
    {0x71BC, "\x79\x20\xc3\xac"},
    {0x71BD, "\x78\x20\x69\xc3\xa0\x6f"},
    {0x71BE, "\x63\x68\x20\xc3\xac"},
    {0x71BF, "\x68\x20\x75\xc3\xa1\x6e\x67"},
    {0x71C0, "\x63\x68\x20\xc7\x8e\x6e"},
    {0x71C1, "\x79\x20\xc3\xa8"},
    {0x71C2, "\x74\x20\xc3\xa1\x6e"},
    {0x71C3, "\x72\x20\xc3\xa1\x6e"},
    {0x71C4, "\x79\x20\xc3\xa0\x6e"},
    {0x71C5, "\x78\x20\xc3\xba\x6e"},
    {0x71C6, "\x71\x20\x69\xc4\x81\x6f"},
    {0x71C7, "\x6a\x20\xc3\xb9\x6e"},
    {0x71C8, "\x64\x20\xc4\x93\x6e\x67"},
    {0x71C9, "\x64\x20\xc3\xb9\x6e"},
    {0x71CA, "\x73\x68\x20\xc4\x93\x6e"},
    {0x71CB, "\x6a\x20\x69\xc4\x81\x6f"},
    {0x71CC, "\x66\x20\xc3\xa9\x6e"},
    {0x71CD, "\x73\x20\xc4\xab"},
    {0x71CE, "\x6c\x20\x69\xc3\xa1\x6f"},
    {0x71CF, "\x79\x20\xc3\xb9"},
    {0x71D0, "\x6c\x20\xc3\xad\x6e"},
    {0x71D1, "\x74\x20\xc3\xb3\x6e\x67"},
    {0x71D2, "\x73\x68\x20\xc4\x81\x6f"},
    {0x71D3, "\x66\x20\xc3\xa9\x6e"},
    {0x71D4, "\x66\x20\xc3\xa1\x6e"},
    {0x71D5, "\x79\x20\xc3\xa0\x6e"},
    {0x71D6, "\x78\x20\xc3\xba\x6e"},
    {0x71D7, "\x6c\x20\xc3\xa0\x6e"},
    {0x71D8, "\x6d\x20\xc4\x9b\x69"},
    {0x71D9, "\x74\x20\xc3\xa0\x6e\x67"},
    {0x71DA, "\x79\x20\xc3\xac"},
    {0x71DB, "\x6a\x20\x69\xc7\x92\x6e\x67"},
    {0x71DC, "\x6d\x20\xc3\xa8\x6e"},
    {0x71DD, "\x6a\x20\x69\x6e\x67"},
    {0x71DE, "\x6a\x20\x69\xc7\x8e\x6f"},
    {0x71DF, "\x79\x20\xc3\xad\x6e\x67"},
    {0x71E0, "\x79\x20\xc3\xb9"},
    {0x71E1, "\x79\x20\xc3\xac"},
    {0x71E2, "\x78\x20\x75\xc3\xa9"},
    {0x71E3, "\x6c\x20\xc3\xa1\x6e"},
    {0x71E4, "\x74\x20\xc3\xa0\x69"},
    {0x71E5, "\x7a\x20\xc3\xa0\x6f"},
    {0x71E6, "\x63\x20\xc3\xa0\x6e"},
    {0x71E7, "\x73\x20\x75\xc3\xac"},
    {0x71E8, "\x78\x20\xc4\xab"},
    {0x71E9, "\x71\x20\x75\xc3\xa8"},
    {0x71EA, "\x7a\x20\xc7\x92\x6e\x67"},
    {0x71EB, "\x6c\x20\x69\xc3\xa1\x6e"},
    {0x71EC, "\x68\x20\x75\xc7\x90"},
    {0x71ED, "\x7a\x68\x20\xc3\xba"},
    {0x71EE, "\x78\x20\x69\xc3\xa8"},
    {0x71EF, "\x6c\x20\xc3\xad\x6e\x67"},
    {0x71F0, "\x77\x20\xc4\x93\x69"},
    {0x71F1, "\x79\x20\xc3\xac"},
    {0x71F2, "\x78\x20\x69\xc3\xa9"},
    {0x71F3, "\x7a\x68\x20\xc3\xa0\x6f"},
    {0x71F4, "\x68\x20\x75\xc3\xac"},
    {0x71F5, "\x64\x20\xc3\xa1"},
    {0x71F6, "\x6e\x20\xc3\xb3\x6e\x67"},
    {0x71F7, "\x6c\x20\xc3\xa1\x6e"},
    {0x71F8, "\x72\x20\xc3\xba"},
    {0x71F9, "\x78\x20\x69\xc7\x8e\x6e"},
    {0x71FA, "\x68\x20\xc3\xa8"},
    {0x71FB, "\x78\x20\xc5\xab\x6e"},
    {0x71FC, "\x6a\x20\xc3\xac\x6e"},
    {0x71FD, "\x63\x68\x20\xc3\xb3\x75"},
    {0x71FE, "\x64\x20\xc3\xa0\x6f"},
    {0x71FF, "\x79\x20\xc3\xa0\x6f"},
    {0x7200, "\x68\x20\xc3\xa8"},
    {0x7201, "\x6c\x20\xc3\xa0\x6e"},
    {0x7202, "\x62\x20\x69\xc4\x81\x6f"},
    {0x7203, "\x72\x20\xc3\xb3\x6e\x67"},
    {0x7204, "\x6c\x20\xc3\xac"},
    {0x7205, "\x6d\x20\xc3\xb2"},
    {0x7206, "\x62\x20\xc3\xa0\x6f"},
    {0x7207, "\x72\x20\x75\xc3\xb2"},
    {0x7208, "\x6c\x20\xc7\x9c"},
    {0x7209, "\x6c\x20\xc3\xa0"},
    {0x720A, "\xc4\x81\x6f"},
    {0x720B, "\x78\x20\xc5\xab\x6e"},
    {0x720C, "\x6b\x20\x75\xc3\xa0\x6e\x67"},
    {0x720D, "\x73\x68\x20\x75\xc3\xb2"},
    {0x720E, "\x6c\x20\x69\xc3\xa1\x6f"},
    {0x720F, "\x6c\x20\xc3\xac"},
    {0x7210, "\x6c\x20\xc3\xba"},
    {0x7211, "\x6a\x20\x75\xc3\xa9"},
    {0x7212, "\x6c\x20\x69\xc7\x8e\x6f"},
    {0x7213, "\x79\x20\xc3\xa0\x6e"},
    {0x7214, "\x78\x20\xc4\xab"},
    {0x7215, "\x78\x20\x69\xc3\xa8"},
    {0x7216, "\x6c\x20\xc3\xb3\x6e\x67"},
    {0x7217, "\x79\x20\xc3\xa8"},
    {0x7218, "\x63\x20\xc4\x81\x6e"},
    {0x7219, "\x72\x20\xc7\x8e\x6e\x67"},
    {0x721A, "\x79\x20\x75\xc3\xa8"},
    {0x721B, "\x6c\x20\xc3\xa0\x6e"},
    {0x721C, "\x63\x20\xc3\xb3\x6e\x67"},
    {0x721D, "\x6a\x20\x75\xc3\xa9"},
    {0x721E, "\x63\x68\x20\xc3\xb3\x6e\x67"},
    {0x721F, "\x67\x20\x75\xc3\xa0\x6e"},
    {0x7220, "\x6a\x20\x75"},
    {0x7221, "\x63\x68\x20\xc3\xa8"},
    {0x7222, "\x6d\x20\xc3\xad"},
    {0x7223, "\x74\x20\xc7\x8e\x6e\x67"},
    {0x7224, "\x6c\x20\xc3\xa0\x6e"},
    {0x7225, "\x7a\x68\x20\xc3\xba"},
    {0x7226, "\x6c\x20\xc7\x8e\x6e"},
    {0x7227, "\x6c\x20\xc3\xad\x6e\x67"},
    {0x7228, "\x63\x20\x75\xc3\xa0\x6e"},
    {0x7229, "\x79\x20\xc3\xb9"},
    {0x722A, "\x7a\x68\x20\xc7\x8e\x6f"},
    {0x722B, "\x7a\x68\x20\xc7\x8e\x6f"},
    {0x722C, "\x70\x20\xc3\xa1"},
    {0x722D, "\x7a\x68\x20\xc4\x93\x6e\x67"},
    {0x722E, "\x70\x20\xc3\xa1\x6f"},
    {0x722F, "\x63\x68\x20\xc4\x93\x6e\x67"},
    {0x7230, "\x79\x20\x75\xc3\xa1\x6e"},
    {0x7231, "\xc3\xa0\x69"},
    {0x7232, "\x77\x20\xc3\xa8\x69"},
    {0x7233, "\x68\x20\x61\x6e"},
    {0x7234, "\x6a\x20\x75\xc3\xa9"},
    {0x7235, "\x6a\x20\x75\xc3\xa9"},
    {0x7236, "\x66\x20\xc3\xb9"},
    {0x7237, "\x79\x20\xc3\xa9"},
    {0x7238, "\x62\x20\xc3\xa0"},
    {0x7239, "\x64\x20\x69\xc4\x93"},
    {0x723A, "\x79\x20\xc3\xa9"},
    {0x723B, "\x79\x20\xc3\xa1\x6f"},
    {0x723C, "\x7a\x20\xc7\x94"},
    {0x723D, "\x73\x68\x20\x75\xc7\x8e\x6e\x67"},
    {0x723E, "\xc4\x9b\x72"},
    {0x723F, "\x70\x20\xc3\xa1\x6e"},
    {0x7240, "\x63\x68\x20\x75\xc3\xa1\x6e\x67"},
    {0x7241, "\x6b\x20\xc4\x93"},
    {0x7242, "\x7a\x20\xc4\x81\x6e\x67"},
    {0x7243, "\x64\x20\x69\xc3\xa9"},
    {0x7244, "\x71\x20\x69\xc4\x81\x6e\x67"},
    {0x7245, "\x79\x20\xc5\x8d\x6e\x67"},
    {0x7246, "\x71\x20\x69\xc3\xa1\x6e\x67"},
    {0x7247, "\x70\x20\x69\xc3\xa0\x6e"},
    {0x7248, "\x62\x20\xc7\x8e\x6e"},
    {0x7249, "\x70\x20\xc3\xa0\x6e"},
    {0x724A, "\x63\x68\x20\xc3\xa1\x6f"},
    {0x724B, "\x6a\x20\x69\xc4\x81\x6e"},
    {0x724C, "\x70\x20\xc3\xa1\x69"},
    {0x724D, "\x64\x20\xc3\xba"},
    {0x724E, "\x63\x68\x20\x75\xc4\x81\x6e\x67"},
    {0x724F, "\x79\x20\xc3\xba"},
    {0x7250, "\x7a\x68\x20\xc3\xa1"},
    {0x7251, "\x62\x20\x69\xc4\x81\x6e"},
    {0x7252, "\x64\x20\x69\xc3\xa9"},
    {0x7253, "\x62\x20\xc7\x8e\x6e\x67"},
    {0x7254, "\x62\x20\xc3\xb3"},
    {0x7255, "\x63\x68\x20\x75\xc4\x81\x6e\x67"},
    {0x7256, "\x79\x20\xc7\x92\x75"},
    {0x7257, "\x79\x20\xc7\x92\x75"},
    {0x7258, "\x64\x20\xc3\xba"},
    {0x7259, "\x79\x20\xc3\xa1"},
    {0x725A, "\x63\x68\x20\xc4\x93\x6e\x67"},
    {0x725B, "\x6e\x20\x69\xc3\xba"},
    {0x725C, "\x6e\x20\x69\xc3\xba"},
    {0x725D, "\x70\x20\xc3\xac\x6e"},
    {0x725E, "\x6a\x20\x69\xc5\xab"},
    {0x725F, "\x6d\x20\xc3\xb3\x75"},
    {0x7260, "\x74\x20\xc4\x81"},
    {0x7261, "\x6d\x20\xc7\x94"},
    {0x7262, "\x6c\x20\xc3\xa1\x6f"},
    {0x7263, "\x72\x20\xc3\xa8\x6e"},
    {0x7264, "\x6d\x20\xc4\x81\x6e\x67"},
    {0x7265, "\x66\x20\xc4\x81\x6e\x67"},
    {0x7266, "\x6d\x20\xc3\xa1\x6f"},
    {0x7267, "\x6d\x20\xc3\xb9"},
    {0x7268, "\x67\x20\xc4\x81\x6e\x67"},
    {0x7269, "\x77\x20\xc3\xb9"},
    {0x726A, "\x79\x20\xc3\xa0\x6e"},
    {0x726B, "\x67\x20\xc4\x93"},
    {0x726C, "\x62\x20\xc3\xa8\x69"},
    {0x726D, "\x73\x20\xc3\xac"},
    {0x726E, "\x6a\x20\x69\xc3\xa0\x6e"},
    {0x726F, "\x67\x20\xc7\x94"},
    {0x7270, "\x79\x20\xc3\xb2\x75"},
    {0x7271, "\x67\x20\xc4\x93"},
    {0x7272, "\x73\x68\x20\xc4\x93\x6e\x67"},
    {0x7273, "\x6d\x20\xc7\x94"},
    {0x7274, "\x64\x20\xc7\x90"},
    {0x7275, "\x71\x20\x69\xc4\x81\x6e"},
    {0x7276, "\x71\x20\x75\xc3\xa0\x6e"},
    {0x7277, "\x71\x20\x75\xc3\xa1\x6e"},
    {0x7278, "\x7a\x20\xc3\xac"},
    {0x7279, "\x74\x20\xc3\xa8"},
    {0x727A, "\x78\x20\xc4\xab"},
    {0x727B, "\x6d\x20\xc3\xa1\x6e\x67"},
    {0x727C, "\x6b\x20\xc4\x93\x6e\x67"},
    {0x727D, "\x71\x20\x69\xc4\x81\x6e"},
    {0x727E, "\x77\x20\xc7\x94"},
    {0x727F, "\x67\x20\xc3\xb9"},
    {0x7280, "\x78\x20\xc4\xab"},
    {0x7281, "\x6c\x20\xc3\xad"},
    {0x7282, "\x6c\x20\xc3\xad"},
    {0x7283, "\x70\x20\xc7\x92\x75"},
    {0x7284, "\x6a\x20\xc4\xab"},
    {0x7285, "\x67\x20\xc4\x81\x6e\x67"},
    {0x7286, "\x7a\x68\x20\xc3\xad"},
    {0x7287, "\x62\x20\xc4\x93\x6e"},
    {0x7288, "\x71\x20\x75\xc3\xa1\x6e"},
    {0x7289, "\x63\x68\x20\xc3\xba\x6e"},
    {0x728A, "\x64\x20\xc3\xba"},
    {0x728B, "\x6a\x20\xc3\xb9"},
    {0x728C, "\x6a\x20\x69\xc4\x81"},
    {0x728D, "\x6a\x20\x69\xc4\x81\x6e"},
    {0x728E, "\x66\x20\xc4\x93\x6e\x67"},
    {0x728F, "\x70\x20\x69\xc4\x81\x6e"},
    {0x7290, "\x6b\x20\xc4\x93"},
    {0x7291, "\x6a\x20\xc3\xba"},
    {0x7292, "\x6b\x20\xc3\xa0\x6f"},
    {0x7293, "\x63\x68\x20\xc3\xba"},
    {0x7294, "\x78\x20\xc3\xac"},
    {0x7295, "\x62\x20\xc3\xa8\x69"},
    {0x7296, "\x6c\x20\x75\xc3\xb2"},
    {0x7297, "\x6a\x20\x69\xc3\xa8"},
    {0x7298, "\x6d\x20\xc3\xa1"},
    {0x7299, "\x73\x20\xc4\x81\x6e"},
    {0x729A, "\x77\x20\xc3\xa8\x69"},
    {0x729B, "\x6d\x20\xc3\xa1\x6f"},
    {0x729C, "\x64\x20\xc5\xab\x6e"},
    {0x729D, "\x74\x20\xc3\xb3\x6e\x67"},
    {0x729E, "\x71\x20\x69\xc3\xa1\x6f"},
    {0x729F, "\x6a\x20\x69\xc3\xa0\x6e\x67"},
    {0x72A0, "\x78\x20\xc4\xab"},
    {0x72A1, "\x6c\x20\xc3\xac"},
    {0x72A2, "\x64\x20\xc3\xba"},
    {0x72A3, "\x6c\x20\x69\xc3\xa8"},
    {0x72A4, "\x70\x20\xc3\xa1\x69"},
    {0x72A5, "\x70\x20\x69\xc4\x81\x6f"},
    {0x72A6, "\x62\x20\xc3\xb3"},
    {0x72A7, "\x78\x20\xc4\xab"},
    {0x72A8, "\x63\x68\x20\xc5\x8d\x75"},
    {0x72A9, "\x77\x20\xc3\xa9\x69"},
    {0x72AA, "\x6b\x20\x75\xc3\xad"},
    {0x72AB, "\x63\x68\x20\xc5\x8d\x75"},
    {0x72AC, "\x71\x20\x75\xc7\x8e\x6e"},
    {0x72AD, "\x71\x20\x75\xc7\x8e\x6e"},
    {0x72AE, "\x62\x20\xc3\xa1"},
    {0x72AF, "\x66\x20\xc3\xa0\x6e"},
    {0x72B0, "\x71\x20\x69\xc3\xba"},
    {0x72B1, "\x6a\x20\xc7\x90"},
    {0x72B2, "\x63\x68\x20\xc3\xa1\x69"},
    {0x72B3, "\x7a\x68\x20\x75\xc3\xb3"},
    {0x72B4, "\xc3\xa0\x6e"},
    {0x72B5, "\x67\x20\xc4\x93"},
    {0x72B6, "\x7a\x68\x20\x75\xc3\xa0\x6e\x67"},
    {0x72B7, "\x67\x20\x75\xc7\x8e\x6e\x67"},
    {0x72B8, "\x6d\x20\xc3\xa0"},
    {0x72B9, "\x79\x20\xc3\xb3\x75"},
    {0x72BA, "\x6b\x20\xc3\xa0\x6e\x67"},
    {0x72BB, "\x62\x20\xc3\xb3"},
    {0x72BC, "\x68\x20\xc7\x92\x75"},
    {0x72BD, "\x79\x20\xc3\xa0"},
    {0x72BE, "\x79\x20\xc3\xad\x6e"},
    {0x72BF, "\x68\x20\x75\xc4\x81\x6e"},
    {0x72C0, "\x7a\x68\x20\x75\xc3\xa0\x6e\x67"},
    {0x72C1, "\x79\x20\xc7\x94\x6e"},
    {0x72C2, "\x6b\x20\x75\xc3\xa1\x6e\x67"},
    {0x72C3, "\x6e\x20\x69\xc7\x94"},
    {0x72C4, "\x64\x20\xc3\xad"},
    {0x72C5, "\x6b\x20\x75\xc3\xa1\x6e\x67"},
    {0x72C6, "\x7a\x68\x20\xc3\xb2\x6e\x67"},
    {0x72C7, "\x6d\x20\xc3\xb9"},
    {0x72C8, "\x62\x20\xc3\xa8\x69"},
    {0x72C9, "\x70\x20\xc4\xab"},
    {0x72CA, "\x6a\x20\xc3\xba"},
    {0x72CB, "\x79\x20\xc3\xad"},
    {0x72CC, "\x73\x68\x20\xc4\x93\x6e\x67"},
    {0x72CD, "\x70\x20\xc3\xa1\x6f"},
    {0x72CE, "\x78\x20\x69\xc3\xa1"},
    {0x72CF, "\x74\x20\x75\xc3\xb3"},
    {0x72D0, "\x68\x20\xc3\xba"},
    {0x72D1, "\x6c\x20\xc3\xad\x6e\x67"},
    {0x72D2, "\x66\x20\xc3\xa8\x69"},
    {0x72D3, "\x70\x20\xc3\xad"},
    {0x72D4, "\x6e\x20\xc7\x90"},
    {0x72D5, "\x79\x20\xc7\x8e\x6f"},
    {0x72D6, "\x79\x20\xc3\xb2\x75"},
    {0x72D7, "\x67\x20\xc7\x92\x75"},
    {0x72D8, "\x78\x20\x75\xc3\xa8"},
    {0x72D9, "\x6a\x20\xc5\xab"},
    {0x72DA, "\x64\x20\xc3\xa0\x6e"},
    {0x72DB, "\x62\x20\xc3\xb3"},
    {0x72DC, "\x6b\x20\xc7\x94"},
    {0x72DD, "\x78\x20\x69\xc7\x8e\x6e"},
    {0x72DE, "\x6e\x20\xc3\xad\x6e\x67"},
    {0x72DF, "\x68\x20\x75\xc3\xa1\x6e"},
    {0x72E0, "\x68\x20\xc4\x9b\x6e"},
    {0x72E1, "\x6a\x20\x69\xc7\x8e\x6f"},
    {0x72E2, "\x68\x20\xc3\xa9"},
    {0x72E3, "\x7a\x68\x20\xc3\xa0\x6f"},
    {0x72E4, "\x6a\x20\xc3\xad"},
    {0x72E5, "\x78\x20\xc3\xb9\x6e"},
    {0x72E6, "\x73\x68\x20\xc4\x81\x6e"},
    {0x72E7, "\x74\x20\xc3\xa0"},
    {0x72E8, "\x72\x20\xc3\xb3\x6e\x67"},
    {0x72E9, "\x73\x68\x20\xc3\xb2\x75"},
    {0x72EA, "\x74\x20\xc3\xb3\x6e\x67"},
    {0x72EB, "\x6c\x20\xc7\x8e\x6f"},
    {0x72EC, "\x64\x20\xc3\xba"},
    {0x72ED, "\x78\x20\x69\xc3\xa1"},
    {0x72EE, "\x73\x68\x20\xc4\xab"},
    {0x72EF, "\x6b\x20\x75\xc3\xa0\x69"},
    {0x72F0, "\x7a\x68\x20\xc4\x93\x6e\x67"},
    {0x72F1, "\x79\x20\xc3\xb9"},
    {0x72F2, "\x73\x20\xc5\xab\x6e"},
    {0x72F3, "\x79\x20\xc3\xba"},
    {0x72F4, "\x62\x20\xc3\xac"},
    {0x72F5, "\x6d\x20\xc3\xa1\x6e\x67"},
    {0x72F6, "\x78\x20\xc4\xab"},
    {0x72F7, "\x6a\x20\x75\xc3\xa0\x6e"},
    {0x72F8, "\x6c\x20\xc3\xad"},
    {0x72F9, "\x78\x20\x69\xc3\xa1"},
    {0x72FA, "\x79\x20\xc3\xad\x6e"},
    {0x72FB, "\x73\x20\x75\xc4\x81\x6e"},
    {0x72FC, "\x6c\x20\xc3\xa1\x6e\x67"},
    {0x72FD, "\x62\x20\xc3\xa8\x69"},
    {0x72FE, "\x7a\x68\x20\xc3\xac"},
    {0x72FF, "\x79\x20\xc3\xa1\x6e"},
    {0x7300, "\x73\x68\x20\xc4\x81"},
    {0x7301, "\x6c\x20\xc3\xac"},
    {0x7302, "\x68\x20\xc3\xa0\x6e"},
    {0x7303, "\x78\x20\x69\xc7\x8e\x6e"},
    {0x7304, "\x6a\x20\xc4\xab\x6e\x67"},
    {0x7305, "\x70\x20\xc3\xa1\x69"},
    {0x7306, "\x66\x20\xc4\x93\x69"},
    {0x7307, "\x78\x20\x69\xc4\x81\x6f"},
    {0x7308, "\x62\x20\xc3\xa0\x69"},
    {0x7309, "\x71\x20\xc3\xad"},
    {0x730A, "\x6e\x20\xc3\xad"},
    {0x730B, "\x62\x20\x69\xc4\x81\x6f"},
    {0x730C, "\x79\x20\xc3\xac\x6e"},
    {0x730D, "\x6c\x20\xc3\xa1\x69"},
    {0x730E, "\x6c\x20\x69\xc3\xa8"},
    {0x730F, "\x6a\x20\x69\xc4\x81\x6e"},
    {0x7310, "\x71\x20\x69\xc4\x81\x6e\x67"},
    {0x7311, "\x6b\x20\xc5\xab\x6e"},
    {0x7312, "\x79\x20\xc3\xa0\x6e"},
    {0x7313, "\x67\x20\x75\xc7\x92"},
    {0x7314, "\x7a\x20\xc3\xb2\x6e\x67"},
    {0x7315, "\x6d\x20\xc3\xad"},
    {0x7316, "\x63\x68\x20\xc4\x81\x6e\x67"},
    {0x7317, "\x79\x20\xc4\xab"},
    {0x7318, "\x7a\x68\x20\xc3\xac"},
    {0x7319, "\x7a\x68\x20\xc4\x93\x6e\x67"},
    {0x731A, "\x79\x20\xc3\xa1"},
    {0x731B, "\x6d\x20\xc4\x9b\x6e\x67"},
    {0x731C, "\x63\x20\xc4\x81\x69"},
    {0x731D, "\x63\x20\xc3\xb9"},
    {0x731E, "\x73\x68\x20\xc4\x93"},
    {0x731F, "\x6c\x20\x69\xc3\xa8"},
    {0x7320, "\x64\x20\x69\xc7\x8e\x6e"},
    {0x7321, "\x6c\x20\x75\xc3\xb3"},
    {0x7322, "\x68\x20\xc3\xba"},
    {0x7323, "\x7a\x20\xc5\x8d\x6e\x67"},
    {0x7324, "\x67\x20\x75\xc3\xac"},
    {0x7325, "\x77\x20\xc4\x9b\x69"},
    {0x7326, "\x66\x20\xc4\x93\x6e\x67"},
    {0x7327, "\x77\x20\xc5\x8d"},
    {0x7328, "\x79\x20\x75\xc3\xa1\x6e"},
    {0x7329, "\x78\x20\xc4\xab\x6e\x67"},
    {0x732A, "\x7a\x68\x20\xc5\xab"},
    {0x732B, "\x6d\x20\xc4\x81\x6f"},
    {0x732C, "\x77\x20\xc3\xa8\x69"},
    {0x732D, "\x63\x68\x20\x75\xc4\x81\x6e"},
    {0x732E, "\x78\x20\x69\xc3\xa0\x6e"},
    {0x732F, "\x74\x20\x75\xc4\x81\x6e"},
    {0x7330, "\x79\x20\xc3\xa0"},
    {0x7331, "\x6e\x20\xc3\xa1\x6f"},
    {0x7332, "\x78\x20\x69\xc4\x93"},
    {0x7333, "\x6a\x20\x69\xc4\x81"},
    {0x7334, "\x68\x20\xc3\xb3\x75"},
    {0x7335, "\x62\x20\x69\xc4\x81\x6e"},
    {0x7336, "\x79\x20\xc3\xb3\x75"},
    {0x7337, "\x79\x20\xc3\xb3\x75"},
    {0x7338, "\x6d\x20\xc3\xa9\x69"},
    {0x7339, "\x63\x68\x20\xc3\xa1"},
    {0x733A, "\x79\x20\xc3\xa1\x6f"},
    {0x733B, "\x73\x20\xc5\xab\x6e"},
    {0x733C, "\x62\x20\xc3\xb3"},
    {0x733D, "\x6d\x20\xc3\xad\x6e\x67"},
    {0x733E, "\x68\x20\x75\xc3\xa1"},
    {0x733F, "\x79\x20\x75\xc3\xa1\x6e"},
    {0x7340, "\x73\x20\xc5\x8d\x75"},
    {0x7341, "\x6d\x20\xc3\xa0"},
    {0x7342, "\x79\x20\x75\xc3\xa1\x6e"},
    {0x7343, "\x64\x20\xc4\x81\x69"},
    {0x7344, "\x79\x20\xc3\xb9"},
    {0x7345, "\x73\x68\x20\xc4\xab"},
    {0x7346, "\x68\x20\xc3\xa1\x6f"},
    {0x7347, "\x71\x20\x69\xc4\x81\x6e\x67"},
    {0x7348, "\x79\x20\xc3\xac"},
    {0x7349, "\x7a\x68\x20\xc4\x93\x6e"},
    {0x734A, "\x63\x20\xc4\x81\x6e\x67"},
    {0x734B, "\x68\x20\xc3\xa1\x6f"},
    {0x734C, "\x6d\x20\xc3\xa0\x6e"},
    {0x734D, "\x6a\x20\xc3\xac\x6e\x67"},
    {0x734E, "\x6a\x20\x69\xc7\x8e\x6e\x67"},
    {0x734F, "\x6d\x20\xc3\xb2"},
    {0x7350, "\x7a\x68\x20\xc4\x81\x6e\x67"},
    {0x7351, "\x63\x68\x20\xc3\xa1\x6e"},
    {0x7352, "\xc3\xa1\x6f"},
    {0x7353, "\xc3\xa1\x6f"},
    {0x7354, "\x68\x20\xc3\xa1\x6f"},
    {0x7355, "\x63\x20\x75\xc4\xab"},
    {0x7356, "\x62\x20\xc3\xa8\x6e"},
    {0x7357, "\x6a\x20\x75\xc3\xa9"},
    {0x7358, "\x62\x20\xc3\xac"},
    {0x7359, "\x62\x20\xc3\xac"},
    {0x735A, "\x68\x20\x75\xc3\xa1\x6e\x67"},
    {0x735B, "\x70\x20\xc3\xba"},
    {0x735C, "\x6c\x20\xc3\xad\x6e"},
    {0x735D, "\x78\x20\xc3\xb9"},
    {0x735E, "\x74\x20\xc3\xb3\x6e\x67"},
    {0x735F, "\x79\x20\xc3\xa0\x6f"},
    {0x7360, "\x6c\x20\x69\xc3\xa1\x6f"},
    {0x7361, "\x73\x68\x20\x75\xc3\xb2"},
    {0x7362, "\x78\x20\x69\xc4\x81\x6f"},
    {0x7363, "\x73\x68\x20\xc3\xb2\x75"},
    {0x7364, "\x64\x20\xc5\xab\x6e"},
    {0x7365, "\x6a\x20\x69\xc3\xa0\x6f"},
    {0x7366, "\x67\x20\xc3\xa9"},
    {0x7367, "\x6a\x20\x75\xc3\xa0\x6e"},
    {0x7368, "\x64\x20\xc3\xba"},
    {0x7369, "\x68\x20\x75\xc3\xac"},
    {0x736A, "\x6b\x20\x75\xc3\xa0\x69"},
    {0x736B, "\x78\x20\x69\xc7\x8e\x6e"},
    {0x736C, "\x78\x20\x69\xc3\xa8"},
    {0x736D, "\x74\x20\xc7\x8e"},
    {0x736E, "\x78\x20\x69\xc7\x8e\x6e"},
    {0x736F, "\x78\x20\xc5\xab\x6e"},
    {0x7370, "\x6e\x20\xc3\xad\x6e\x67"},
    {0x7371, "\x62\x20\x69\xc4\x81\x6e"},
    {0x7372, "\x68\x20\x75\xc3\xb2"},
    {0x7373, "\x6e\x20\xc3\xb2\x75"},
    {0x7374, "\x6d\x20\xc4\x9b\x6e\x67"},
    {0x7375, "\x6c\x20\x69\xc3\xa8"},
    {0x7376, "\x6e\x20\xc7\x8e\x6f"},
    {0x7377, "\x67\x20\x75\xc7\x8e\x6e\x67"},
    {0x7378, "\x73\x68\x20\xc3\xb2\x75"},
    {0x7379, "\x6c\x20\xc3\xba"},
    {0x737A, "\x74\x20\xc7\x8e"},
    {0x737B, "\x78\x20\x69\xc3\xa0\x6e"},
    {0x737C, "\x6d\x20\xc3\xad"},
    {0x737D, "\x72\x20\xc3\xa1\x6e\x67"},
    {0x737E, "\x68\x20\x75\xc4\x81\x6e"},
    {0x737F, "\x6e\x20\xc7\x8e\x6f"},
    {0x7380, "\x6c\x20\x75\xc3\xb3"},
    {0x7381, "\x78\x20\x69\xc7\x8e\x6e"},
    {0x7382, "\x71\x20\xc3\xad"},
    {0x7383, "\x6a\x20\x75\xc3\xa9"},
    {0x7384, "\x78\x20\x75\xc3\xa1\x6e"},
    {0x7385, "\x6d\x20\x69\xc3\xa0\x6f"},
    {0x7386, "\x7a\x20\xc4\xab"},
    {0x7387, "\x6c\x20\xc7\x9c"},
    {0x7388, "\x6c\x20\xc3\xba"},
    {0x7389, "\x79\x20\xc3\xb9"},
    {0x738A, "\x73\x20\xc3\xb9"},
    {0x738B, "\x77\x20\xc3\xa1\x6e\x67"},
    {0x738C, "\x71\x20\x69\xc3\xba"},
    {0x738D, "\x67\x20\xc7\x8e"},
    {0x738E, "\x64\x20\xc4\xab\x6e\x67"},
    {0x738F, "\x6c\x20\xc3\xa8"},
    {0x7390, "\x62\x20\xc4\x81"},
    {0x7391, "\x6a\x20\xc4\xab"},
    {0x7392, "\x68\x20\xc3\xb3\x6e\x67"},
    {0x7393, "\x64\x20\xc3\xac"},
    {0x7394, "\x63\x68\x20\x75\xc3\xa0\x6e"},
    {0x7395, "\x67\x20\xc4\x81\x6e"},
    {0x7396, "\x6a\x20\x69\xc7\x94"},
    {0x7397, "\x79\x20\xc3\xba"},
    {0x7398, "\x71\x20\xc7\x90"},
    {0x7399, "\x79\x20\xc3\xba"},
    {0x739A, "\x63\x68\x20\xc3\xa0\x6e\x67"},
    {0x739B, "\x6d\x20\xc7\x8e"},
    {0x739C, "\x68\x20\xc3\xb3\x6e\x67"},
    {0x739D, "\x77\x20\xc7\x94"},
    {0x739E, "\x66\x20\xc5\xab"},
    {0x739F, "\x77\x20\xc3\xa9\x6e"},
    {0x73A0, "\x6a\x20\x69\xc3\xa8"},
    {0x73A1, "\x79\x20\xc3\xa1"},
    {0x73A2, "\x62\x20\xc4\xab\x6e"},
    {0x73A3, "\x62\x20\x69\xc3\xa0\x6e"},
    {0x73A4, "\x62\x20\xc3\xa0\x6e\x67"},
    {0x73A5, "\x79\x20\x75\xc3\xa8"},
    {0x73A6, "\x6a\x20\x75\xc3\xa9"},
    {0x73A7, "\x6d\x20\xc3\xa9\x6e"},
    {0x73A8, "\x6a\x20\x75\xc3\xa9"},
    {0x73A9, "\x77\x20\xc3\xa1\x6e"},
    {0x73AA, "\x6a\x20\x69\xc4\x81\x6e"},
    {0x73AB, "\x6d\x20\xc3\xa9\x69"},
    {0x73AC, "\x64\x20\xc7\x8e\x6e"},
    {0x73AD, "\x70\x20\xc3\xad\x6e"},
    {0x73AE, "\x77\x20\xc4\x9b\x69"},
    {0x73AF, "\x68\x20\x75\xc3\xa1\x6e"},
    {0x73B0, "\x78\x20\x69\xc3\xa0\x6e"},
    {0x73B1, "\x71\x20\x69\xc4\x81\x6e\x67"},
    {0x73B2, "\x6c\x20\xc3\xad\x6e\x67"},
    {0x73B3, "\x64\x20\xc3\xa0\x69"},
    {0x73B4, "\x79\x20\xc3\xac"},
    {0x73B5, "\xc3\xa1\x6e"},
    {0x73B6, "\x70\x20\xc3\xad\x6e\x67"},
    {0x73B7, "\x64\x20\x69\xc3\xa0\x6e"},
    {0x73B8, "\x66\x20\xc3\xba"},
    {0x73B9, "\x78\x20\x75\xc3\xa1\x6e"},
    {0x73BA, "\x78\x20\xc7\x90"},
    {0x73BB, "\x62\x20\xc5\x8d"},
    {0x73BC, "\x63\x20\xc7\x90"},
    {0x73BD, "\x67\x20\xc7\x92\x75"},
    {0x73BE, "\x6a\x20\x69\xc7\x8e"},
    {0x73BF, "\x73\x68\x20\xc3\xa1\x6f"},
    {0x73C0, "\x70\x20\xc3\xb2"},
    {0x73C1, "\x63\x20\xc3\xad"},
    {0x73C2, "\x6b\x20\xc4\x93"},
    {0x73C3, "\x72\x20\xc7\x8e\x6e"},
    {0x73C4, "\x73\x68\x20\xc4\x93\x6e\x67"},
    {0x73C5, "\x73\x68\x20\xc4\x93\x6e"},
    {0x73C6, "\x79\x20\xc3\xad"},
    {0x73C7, "\x7a\x20\xc7\x94"},
    {0x73C8, "\x6a\x20\x69\xc4\x81"},
    {0x73C9, "\x6d\x20\xc3\xad\x6e"},
    {0x73CA, "\x73\x68\x20\xc4\x81\x6e"},
    {0x73CB, "\x6c\x20\x69\xc7\x94"},
    {0x73CC, "\x62\x20\xc3\xac"},
    {0x73CD, "\x7a\x68\x20\xc4\x93\x6e"},
    {0x73CE, "\x7a\x68\x20\xc4\x93\x6e"},
    {0x73CF, "\x6a\x20\x75\xc3\xa9"},
    {0x73D0, "\x66\x20\xc3\xa0"},
    {0x73D1, "\x6c\x20\xc3\xb3\x6e\x67"},
    {0x73D2, "\x6a\x20\xc4\xab\x6e"},
    {0x73D3, "\x6a\x20\x69\xc3\xa0\x6f"},
    {0x73D4, "\x6a\x20\x69\xc3\xa0\x6e"},
    {0x73D5, "\x6c\x20\xc3\xac"},
    {0x73D6, "\x67\x20\x75\xc4\x81\x6e\x67"},
    {0x73D7, "\x78\x20\x69\xc4\x81\x6e"},
    {0x73D8, "\x7a\x68\x20\xc5\x8d\x75"},
    {0x73D9, "\x67\x20\xc7\x92\x6e\x67"},
    {0x73DA, "\x79\x20\xc4\x81\x6e"},
    {0x73DB, "\x78\x20\x69\xc3\xb9"},
    {0x73DC, "\x79\x20\xc3\xa1\x6e\x67"},
    {0x73DD, "\x78\x20\xc7\x94"},
    {0x73DE, "\x6c\x20\x75\xc3\xb2"},
    {0x73DF, "\x73\x20\xc3\xb9"},
    {0x73E0, "\x7a\x68\x20\xc5\xab"},
    {0x73E1, "\x71\x20\xc3\xad\x6e"},
    {0x73E2, "\x79\x20\xc3\xad\x6e"},
    {0x73E3, "\x78\x20\xc3\xba\x6e"},
    {0x73E4, "\x62\x20\xc7\x8e\x6f"},
    {0x73E5, "\xc4\x9b\x72"},
    {0x73E6, "\x78\x20\x69\xc3\xa0\x6e\x67"},
    {0x73E7, "\x79\x20\xc3\xa1\x6f"},
    {0x73E8, "\x78\x20\x69\xc3\xa1"},
    {0x73E9, "\x68\x20\xc3\xa1\x6e\x67"},
    {0x73EA, "\x67\x20\x75\xc4\xab"},
    {0x73EB, "\x63\x68\x20\xc5\x8d\x6e\x67"},
    {0x73EC, "\x78\x20\xc3\xb9"},
    {0x73ED, "\x62\x20\xc4\x81\x6e"},
    {0x73EE, "\x70\x20\xc3\xa8\x69"},
    {0x73EF, "\x6c\x20\xc7\x8e\x6f"},
    {0x73F0, "\x64\x20\xc4\x81\x6e\x67"},
    {0x73F1, "\x79\x20\xc4\xab\x6e\x67"},
    {0x73F2, "\x68\x20\x75\xc4\xab"},
    {0x73F3, "\x77\x20\xc3\xa9\x6e"},
    {0x73F4, "\xc3\xa9"},
    {0x73F5, "\x63\x68\x20\xc3\xa9\x6e\x67"},
    {0x73F6, "\x64\x20\xc3\xac"},
    {0x73F7, "\x77\x20\xc7\x94"},
    {0x73F8, "\x77\x20\xc3\xba"},
    {0x73F9, "\x63\x68\x20\xc3\xa9\x6e\x67"},
    {0x73FA, "\x6a\x20\xc3\xb9\x6e"},
    {0x73FB, "\x6d\x20\xc3\xa9\x69"},
    {0x73FC, "\x62\x20\xc3\xa8\x69"},
    {0x73FD, "\x74\x20\xc7\x90\x6e\x67"},
    {0x73FE, "\x78\x20\x69\xc3\xa0\x6e"},
    {0x73FF, "\x63\x68\x20\xc3\xb9"},
    {0x7400, "\x68\x20\xc3\xa1\x6e"},
    {0x7401, "\x78\x20\x75\xc3\xa1\x6e"},
    {0x7402, "\x79\x20\xc3\xa1\x6e"},
    {0x7403, "\x71\x20\x69\xc3\xba"},
    {0x7404, "\x78\x20\x75\xc3\xa0\x6e"},
    {0x7405, "\x6c\x20\xc3\xa1\x6e\x67"},
    {0x7406, "\x6c\x20\xc7\x90"},
    {0x7407, "\x78\x20\x69\xc3\xb9"},
    {0x7408, "\x66\x20\xc3\xba"},
    {0x7409, "\x6c\x20\x69\xc3\xba"},
    {0x740A, "\x79\x20\xc3\xa1"},
    {0x740B, "\x78\x20\xc4\xab"},
    {0x740C, "\x6c\x20\xc3\xad\x6e\x67"},
    {0x740D, "\x6c\x20\xc3\xad"},
    {0x740E, "\x6a\x20\xc3\xac\x6e"},
    {0x740F, "\x6c\x20\x69\xc7\x8e\x6e"},
    {0x7410, "\x73\x20\x75\xc7\x92"},
    {0x7411, "\x73\x20\x75\xc7\x92"},
    {0x7412, "\x66\x20\xc4\x93\x6e\x67"},
    {0x7413, "\x77\x20\xc3\xa1\x6e"},
    {0x7414, "\x64\x20\x69\xc3\xa0\x6e"},
    {0x7415, "\x70\x20\xc3\xad\x6e"},
    {0x7416, "\x7a\x68\x20\xc7\x8e\x6e"},
    {0x7417, "\x73\x20\xc3\xa8"},
    {0x7418, "\x6d\x20\xc3\xad\x6e"},
    {0x7419, "\x79\x20\xc3\xb9"},
    {0x741A, "\x6a\x20\xc5\xab"},
    {0x741B, "\x63\x68\x20\xc4\x93\x6e"},
    {0x741C, "\x6c\x20\xc3\xa1\x69"},
    {0x741D, "\x6d\x20\xc3\xad\x6e"},
    {0x741E, "\x73\x68\x20\xc3\xa8\x6e\x67"},
    {0x741F, "\x77\x20\xc3\xa9\x69"},
    {0x7420, "\x74\x20\x69\xc7\x8e\x6e"},
    {0x7421, "\x63\x68\x20\xc3\xb9"},
    {0x7422, "\x7a\x20\x75\xc3\xb3"},
    {0x7423, "\x62\x20\xc4\x9b\x6e\x67"},
    {0x7424, "\x63\x68\x20\xc4\x93\x6e\x67"},
    {0x7425, "\x68\x20\xc7\x94"},
    {0x7426, "\x71\x20\xc3\xad"},
    {0x7427, "\xc3\xa8"},
    {0x7428, "\x6b\x20\xc5\xab\x6e"},
    {0x7429, "\x63\x68\x20\xc4\x81\x6e\x67"},
    {0x742A, "\x71\x20\xc3\xad"},
    {0x742B, "\x62\x20\xc4\x9b\x6e\x67"},
    {0x742C, "\x77\x20\xc7\x8e\x6e"},
    {0x742D, "\x6c\x20\xc3\xb9"},
    {0x742E, "\x63\x20\xc3\xb3\x6e\x67"},
    {0x742F, "\x67\x20\x75\xc7\x8e\x6e"},
    {0x7430, "\x79\x20\xc7\x8e\x6e"},
    {0x7431, "\x64\x20\x69\xc4\x81\x6f"},
    {0x7432, "\x62\x20\xc3\xa8\x69"},
    {0x7433, "\x6c\x20\xc3\xad\x6e"},
    {0x7434, "\x71\x20\xc3\xad\x6e"},
    {0x7435, "\x70\x20\xc3\xad"},
    {0x7436, "\x70\x20\xc3\xa1"},
    {0x7437, "\x71\x20\x75\xc3\xa8"},
    {0x7438, "\x7a\x68\x20\x75\xc3\xb3"},
    {0x7439, "\x71\x20\xc3\xad\x6e"},
    {0x743A, "\x66\x20\xc3\xa0"},
    {0x743B, "\x6a\x20\xc4\xab\x6e"},
    {0x743C, "\x71\x20\x69\xc3\xb3\x6e\x67"},
    {0x743D, "\x64\x20\xc7\x94"},
    {0x743E, "\x6a\x20\x69\xc3\xa8"},
    {0x743F, "\x68\x20\xc3\xba\x6e"},
    {0x7440, "\x79\x20\xc7\x94"},
    {0x7441, "\x6d\x20\xc3\xa0\x6f"},
    {0x7442, "\x6d\x20\xc3\xa9\x69"},
    {0x7443, "\x63\x68\x20\xc5\xab\x6e"},
    {0x7444, "\x78\x20\x75\xc4\x81\x6e"},
    {0x7445, "\x74\x20\xc3\xad"},
    {0x7446, "\x78\x20\xc4\xab\x6e\x67"},
    {0x7447, "\x64\x20\xc3\xa0\x69"},
    {0x7448, "\x72\x20\xc3\xb3\x75"},
    {0x7449, "\x6d\x20\xc3\xad\x6e"},
    {0x744A, "\x6a\x20\x69\xc4\x81\x6e"},
    {0x744B, "\x77\x20\xc4\x9b\x69"},
    {0x744C, "\x72\x20\x75\xc7\x8e\x6e"},
    {0x744D, "\x68\x20\x75\xc3\xa0\x6e"},
    {0x744E, "\x78\x20\x69\xc3\xa9"},
    {0x744F, "\x63\x68\x20\x75\xc4\x81\x6e"},
    {0x7450, "\x6a\x20\x69\xc7\x8e\x6e"},
    {0x7451, "\x7a\x68\x20\x75\xc3\xa0\x6e"},
    {0x7452, "\x63\x68\x20\xc3\xa0\x6e\x67"},
    {0x7453, "\x6c\x20\x69\xc3\xa0\x6e"},
    {0x7454, "\x71\x20\x75\xc3\xa1\x6e"},
    {0x7455, "\x78\x20\x69\xc3\xa1"},
    {0x7456, "\x64\x20\x75\xc3\xa0\x6e"},
    {0x7457, "\x79\x20\x75\xc3\xa0\x6e"},
    {0x7458, "\x79\x20\xc3\xa1"},
    {0x7459, "\x6e\x20\xc7\x8e\x6f"},
    {0x745A, "\x68\x20\xc3\xba"},
    {0x745B, "\x79\x20\xc4\xab\x6e\x67"},
    {0x745C, "\x79\x20\xc3\xba"},
    {0x745D, "\x68\x20\x75\xc3\xa1\x6e\x67"},
    {0x745E, "\x72\x20\x75\xc3\xac"},
    {0x745F, "\x73\x20\xc3\xa8"},
    {0x7460, "\x6c\x20\x69\xc3\xba"},
    {0x7461, "\x73\x68\x20\xc4\xab"},
    {0x7462, "\x72\x20\xc3\xb3\x6e\x67"},
    {0x7463, "\x73\x20\x75\xc7\x92"},
    {0x7464, "\x79\x20\xc3\xa1\x6f"},
    {0x7465, "\x77\x20\xc4\x93\x6e"},
    {0x7466, "\x77\x20\xc7\x94"},
    {0x7467, "\x7a\x68\x20\xc4\x93\x6e"},
    {0x7468, "\x6a\x20\xc3\xac\x6e"},
    {0x7469, "\x79\x20\xc3\xad\x6e\x67"},
    {0x746A, "\x6d\x20\xc7\x8e"},
    {0x746B, "\x74\x20\xc4\x81\x6f"},
    {0x746C, "\x6c\x20\x69\xc3\xba"},
    {0x746D, "\x74\x20\xc3\xa1\x6e\x67"},
    {0x746E, "\x6c\x20\xc3\xac"},
    {0x746F, "\x6c\x20\xc3\xa1\x6e\x67"},
    {0x7470, "\x67\x20\x75\xc4\xab"},
    {0x7471, "\x7a\x68\x20\xc3\xa8\x6e"},
    {0x7472, "\x71\x20\x69\xc4\x81\x6e\x67"},
    {0x7473, "\x63\x20\x75\xc5\x8d"},
    {0x7474, "\x6a\x20\x75\xc3\xa9"},
    {0x7475, "\x7a\x68\x20\xc7\x8e\x6f"},
    {0x7476, "\x79\x20\xc3\xa1\x6f"},
    {0x7477, "\xc3\xa0\x69"},
    {0x7478, "\x62\x20\xc4\xab\x6e"},
    {0x7479, "\x73\x68\x20\xc5\xab"},
    {0x747A, "\x63\x68\x20\xc3\xa1\x6e\x67"},
    {0x747B, "\x6b\x20\xc5\xab\x6e"},
    {0x747C, "\x7a\x68\x20\x75\xc4\x81\x6e"},
    {0x747D, "\x63\x20\xc5\x8d\x6e\x67"},
    {0x747E, "\x6a\x20\xc7\x90\x6e"},
    {0x747F, "\x79\x20\xc4\xab"},
    {0x7480, "\x63\x20\x75\xc7\x90"},
    {0x7481, "\x63\x20\xc5\x8d\x6e\x67"},
    {0x7482, "\x71\x20\xc3\xad"},
    {0x7483, "\x6c\x20\xc3\xad"},
    {0x7484, "\x6a\x20\xc7\x90\x6e\x67"},
    {0x7485, "\x73\x20\x75\xc7\x92"},
    {0x7486, "\x71\x20\x69\xc3\xba"},
    {0x7487, "\x78\x20\x75\xc3\xa1\x6e"},
    {0x7488, "\xc3\xa1\x6f"},
    {0x7489, "\x6c\x20\x69\xc7\x8e\x6e"},
    {0x748A, "\x6d\x20\xc3\xa9\x6e"},
    {0x748B, "\x7a\x68\x20\xc4\x81\x6e\x67"},
    {0x748C, "\x79\x20\xc3\xad\x6e"},
    {0x748D, "\x79\x20\xc3\xa8"},
    {0x748E, "\x79\x20\xc4\xab\x6e\x67"},
    {0x748F, "\x77\x20\xc3\xa8\x69"},
    {0x7490, "\x6c\x20\xc3\xb9"},
    {0x7491, "\x77\x20\xc3\xba"},
    {0x7492, "\x64\x20\xc4\x93\x6e\x67"},
    {0x7493, "\x78\x20\x69\xc3\xb9"},
    {0x7494, "\x7a\x20\xc4\x93\x6e\x67"},
    {0x7495, "\x78\x20\xc3\xba\x6e"},
    {0x7496, "\x71\x20\xc3\xba"},
    {0x7497, "\x64\x20\xc3\xa0\x6e\x67"},
    {0x7498, "\x6c\x20\xc3\xad\x6e"},
    {0x7499, "\x6c\x20\x69\xc3\xa1\x6f"},
    {0x749A, "\x71\x20\x69\xc3\xb3\x6e\x67"},
    {0x749B, "\x73\x20\xc3\xb9"},
    {0x749C, "\x68\x20\x75\xc3\xa1\x6e\x67"},
    {0x749D, "\x67\x20\x75\xc4\xab"},
    {0x749E, "\x70\x20\xc3\xba"},
    {0x749F, "\x6a\x20\xc7\x90\x6e\x67"},
    {0x74A0, "\x66\x20\xc3\xa1\x6e"},
    {0x74A1, "\x6a\x20\xc3\xac\x6e"},
    {0x74A2, "\x6c\x20\x69\xc3\xba"},
    {0x74A3, "\x6a\x20\xc4\xab"},
    {0x74A4, "\x68\x20\x75\xc3\xac"},
    {0x74A5, "\x6a\x20\xc7\x90\x6e\x67"},
    {0x74A6, "\xc3\xa0\x69"},
    {0x74A7, "\x62\x20\xc3\xac"},
    {0x74A8, "\x63\x20\xc3\xa0\x6e"},
    {0x74A9, "\x71\x20\xc3\xba"},
    {0x74AA, "\x7a\x20\xc7\x8e\x6f"},
    {0x74AB, "\x64\x20\xc4\x81\x6e\x67"},
    {0x74AC, "\x6a\x20\x69\xc7\x8e\x6f"},
    {0x74AD, "\x67\x20\xc3\xb9\x6e"},
    {0x74AE, "\x74\x20\xc7\x8e\x6e"},
    {0x74AF, "\x68\x20\x75\xc3\xac"},
    {0x74B0, "\x68\x20\x75\xc3\xa1\x6e"},
    {0x74B1, "\x73\x20\xc3\xa8"},
    {0x74B2, "\x73\x20\x75\xc3\xac"},
    {0x74B3, "\x74\x20\x69\xc3\xa1\x6e"},
    {0x74B4, "\x63\x68\x20\xc7\x94"},
    {0x74B5, "\x79\x20\xc3\xba"},
    {0x74B6, "\x6a\x20\xc3\xac\x6e"},
    {0x74B7, "\x6c\x20\xc3\xba"},
    {0x74B8, "\x62\x20\xc4\xab\x6e"},
    {0x74B9, "\x73\x68\x20\xc3\xba"},
    {0x74BA, "\x77\x20\xc3\xa8\x6e"},
    {0x74BB, "\x7a\x20\x75\xc7\x90"},
    {0x74BC, "\x6c\x20\xc3\xa1\x6e"},
    {0x74BD, "\x78\x20\xc7\x90"},
    {0x74BE, "\x7a\x20\xc4\xab"},
    {0x74BF, "\x78\x20\x75\xc3\xa1\x6e"},
    {0x74C0, "\x72\x20\x75\xc7\x8e\x6e"},
    {0x74C1, "\x77\x20\xc3\xb2"},
    {0x74C2, "\x67\x20\xc3\xa0\x69"},
    {0x74C3, "\x6c\x20\xc3\xa9\x69"},
    {0x74C4, "\x64\x20\xc3\xba"},
    {0x74C5, "\x6c\x20\xc3\xac"},
    {0x74C6, "\x7a\x68\x20\xc3\xac"},
    {0x74C7, "\x72\x20\xc3\xb3\x75"},
    {0x74C8, "\x6c\x20\xc3\xad"},
    {0x74C9, "\x7a\x20\xc3\xa0\x6e"},
    {0x74CA, "\x71\x20\x69\xc3\xb3\x6e\x67"},
    {0x74CB, "\x74\x20\xc3\xac"},
    {0x74CC, "\x67\x20\x75\xc4\xab"},
    {0x74CD, "\x73\x20\x75\xc3\xad"},
    {0x74CE, "\x6c\x20\xc3\xa0"},
    {0x74CF, "\x6c\x20\xc3\xb3\x6e\x67"},
    {0x74D0, "\x6c\x20\xc3\xba"},
    {0x74D1, "\x6c\x20\xc3\xac"},
    {0x74D2, "\x7a\x20\xc3\xa0\x6e"},
    {0x74D3, "\x6c\x20\xc3\xa0\x6e"},
    {0x74D4, "\x79\x20\xc4\xab\x6e\x67"},
    {0x74D5, "\x6d\x20\xc3\xad"},
    {0x74D6, "\x78\x20\x69\xc4\x81\x6e\x67"},
    {0x74D7, "\x71\x20\x69\xc3\xb3\x6e\x67"},
    {0x74D8, "\x67\x20\x75\xc3\xa0\x6e"},
    {0x74D9, "\x64\x20\xc3\xa0\x6f"},
    {0x74DA, "\x7a\x20\xc3\xa0\x6e"},
    {0x74DB, "\x68\x20\x75\xc3\xa1\x6e"},
    {0x74DC, "\x67\x20\x75\xc4\x81"},
    {0x74DD, "\x62\x20\xc3\xb3"},
    {0x74DE, "\x64\x20\x69\xc3\xa9"},
    {0x74DF, "\x62\x20\xc3\xb3"},
    {0x74E0, "\x68\x20\xc3\xb9"},
    {0x74E1, "\x7a\x68\x20\xc3\xad"},
    {0x74E2, "\x70\x20\x69\xc3\xa1\x6f"},
    {0x74E3, "\x62\x20\xc3\xa0\x6e"},
    {0x74E4, "\x72\x20\xc3\xa1\x6e\x67"},
    {0x74E5, "\x6c\x20\xc3\xac"},
    {0x74E6, "\x77\x20\xc7\x8e"},
    {0x74E8, "\x78\x20\x69\xc3\xa1\x6e\x67"},
    {0x74E9, "\x71\x20\x69\xc4\x81\x6e"},
    {0x74EA, "\x62\x20\xc7\x8e\x6e"},
    {0x74EB, "\x70\x20\xc3\xa9\x6e"},
    {0x74EC, "\x66\x20\xc7\x8e\x6e\x67"},
    {0x74ED, "\x64\x20\xc7\x8e\x6e"},
    {0x74EE, "\x77\x20\xc3\xa8\x6e\x67"},
    {0x74EF, "\xc5\x8d\x75"},
    {0x74F2, "\x77\x20\x61"},
    {0x74F3, "\x68\x20\xc3\xba"},
    {0x74F4, "\x6c\x20\xc3\xad\x6e\x67"},
    {0x74F5, "\x79\x20\xc3\xad"},
    {0x74F6, "\x70\x20\xc3\xad\x6e\x67"},
    {0x74F7, "\x63\x20\xc3\xad"},
    {0x74F8, "\x62\x20\xc7\x8e\x69"},
    {0x74F9, "\x6a\x20\x75\xc4\x81\x6e"},
    {0x74FA, "\x63\x68\x20\xc3\xa1\x6e\x67"},
    {0x74FB, "\x63\x68\x20\xc4\xab"},
    {0x74FD, "\x64\x20\xc3\xa0\x6e\x67"},
    {0x74FE, "\x6d\x20\xc4\x9b\x6e\x67"},
    {0x74FF, "\x62\x20\xc3\xb9"},
    {0x7500, "\x7a\x68\x20\x75\xc3\xac"},
    {0x7501, "\x70\x20\xc3\xad\x6e\x67"},
    {0x7502, "\x62\x20\x69\xc4\x81\x6e"},
    {0x7503, "\x7a\x68\x20\xc3\xb2\x75"},
    {0x7504, "\x7a\x68\x20\xc4\x93\x6e"},
    {0x7506, "\x63\x20\xc3\xad"},
    {0x7507, "\x79\x20\xc4\xab\x6e\x67"},
    {0x7508, "\x71\x20\xc3\xac"},
    {0x7509, "\x78\x20\x69\xc3\xa1\x6e"},
    {0x750A, "\x6c\x20\xc7\x92\x75"},
    {0x750B, "\x64\x20\xc3\xac"},
    {0x750C, "\xc5\x8d\x75"},
    {0x750D, "\x6d\x20\xc3\xa9\x6e\x67"},
    {0x750E, "\x7a\x68\x20\x75\xc4\x81\x6e"},
    {0x750F, "\x62\x20\xc3\xa8\x6e\x67"},
    {0x7510, "\x6c\x20\xc3\xac\x6e"},
    {0x7511, "\x7a\x20\xc3\xa8\x6e\x67"},
    {0x7512, "\x77\x20\xc7\x94"},
    {0x7513, "\x70\x20\xc3\xac"},
    {0x7514, "\x64\x20\xc4\x81\x6e"},
    {0x7515, "\x77\x20\xc3\xa8\x6e\x67"},
    {0x7516, "\x79\x20\xc4\xab\x6e\x67"},
    {0x7517, "\x79\x20\xc7\x8e\x6e"},
    {0x7518, "\x67\x20\xc4\x81\x6e"},
    {0x7519, "\x64\x20\xc3\xa0\x69"},
    {0x751A, "\x73\x68\x20\xc3\xa8\x6e"},
    {0x751B, "\x74\x20\x69\xc3\xa1\x6e"},
    {0x751C, "\x74\x20\x69\xc3\xa1\x6e"},
    {0x751D, "\x68\x20\xc3\xa1\x6e"},
    {0x751E, "\x63\x68\x20\xc3\xa1\x6e\x67"},
    {0x751F, "\x73\x68\x20\xc4\x93\x6e\x67"},
    {0x7520, "\x71\x20\xc3\xad\x6e\x67"},
    {0x7521, "\x73\x68\x20\xc4\x93\x6e"},
    {0x7522, "\x63\x68\x20\xc7\x8e\x6e"},
    {0x7523, "\x63\x68\x20\xc7\x8e\x6e"},
    {0x7524, "\x72\x20\x75\xc3\xad"},
    {0x7525, "\x73\x68\x20\xc4\x93\x6e\x67"},
    {0x7526, "\x73\x20\xc5\xab"},
    {0x7527, "\x73\x68\x20\xc4\x93\x6e"},
    {0x7528, "\x79\x20\xc3\xb2\x6e\x67"},
    {0x7529, "\x73\x68\x20\x75\xc7\x8e\x69"},
    {0x752A, "\x6c\x20\xc3\xb9"},
    {0x752B, "\x66\x20\xc7\x94"},
    {0x752C, "\x79\x20\xc7\x92\x6e\x67"},
    {0x752D, "\x62\x20\xc3\xa9\x6e\x67"},
    {0x752E, "\x66\x20\xc3\xa8\x6e\x67"},
    {0x752F, "\x6e\x20\xc3\xad\x6e\x67"},
    {0x7530, "\x74\x20\x69\xc3\xa1\x6e"},
    {0x7531, "\x79\x20\xc3\xb3\x75"},
    {0x7532, "\x6a\x20\x69\xc7\x8e"},
    {0x7533, "\x73\x68\x20\xc4\x93\x6e"},
    {0x7534, "\x7a\x68\x20\xc3\xa1"},
    {0x7535, "\x64\x20\x69\xc3\xa0\x6e"},
    {0x7536, "\x66\x20\xc3\xba"},
    {0x7537, "\x6e\x20\xc3\xa1\x6e"},
    {0x7538, "\x64\x20\x69\xc4\x81\x6e"},
    {0x7539, "\x70\x20\xc4\xab\x6e\x67"},
    {0x753A, "\x74\x20\xc4\xab\x6e\x67"},
    {0x753B, "\x68\x20\x75\xc3\xa0"},
    {0x753C, "\x74\x20\xc7\x90\x6e\x67"},
    {0x753D, "\x7a\x68\x20\xc3\xa8\x6e"},
    {0x753E, "\x7a\x20\xc4\x81\x69"},
    {0x753F, "\x6d\x20\xc3\xa9\x6e\x67"},
    {0x7540, "\x62\x20\xc3\xac"},
    {0x7541, "\x62\x20\xc3\xac"},
    {0x7542, "\x6c\x20\x69\xc3\xb9"},
    {0x7543, "\x78\x20\xc3\xba\x6e"},
    {0x7544, "\x6c\x20\x69\xc3\xba"},
    {0x7545, "\x63\x68\x20\xc3\xa0\x6e\x67"},
    {0x7546, "\x6d\x20\xc7\x94"},
    {0x7547, "\x79\x20\xc3\xba\x6e"},
    {0x7548, "\x66\x20\xc3\xa0\x6e"},
    {0x7549, "\x66\x20\xc3\xba"},
    {0x754A, "\x67\x20\xc4\x93\x6e\x67"},
    {0x754B, "\x74\x20\x69\xc3\xa1\x6e"},
    {0x754C, "\x6a\x20\x69\xc3\xa8"},
    {0x754D, "\x6a\x20\x69\xc3\xa8"},
    {0x754E, "\x71\x20\x75\xc7\x8e\x6e"},
    {0x754F, "\x77\x20\xc3\xa8\x69"},
    {0x7550, "\x66\x20\xc3\xba"},
    {0x7551, "\x74\x20\x69\xc3\xa1\x6e"},
    {0x7552, "\x6d\x20\xc7\x94"},
    {0x7553, "\x64\x20\x75\xc5\x8d"},
    {0x7554, "\x70\x20\xc3\xa0\x6e"},
    {0x7555, "\x6a\x20\x69\xc4\x81\x6e\x67"},
    {0x7556, "\x77\x20\xc4\x81"},
    {0x7557, "\x64\x20\xc3\xa1"},
    {0x7558, "\x6e\x20\xc3\xa1\x6e"},
    {0x7559, "\x6c\x20\x69\xc3\xba"},
    {0x755A, "\x62\x20\xc4\x9b\x6e"},
    {0x755B, "\x7a\x68\x20\xc4\x9b\x6e"},
    {0x755C, "\x63\x68\x20\xc3\xb9"},
    {0x755D, "\x6d\x20\xc7\x94"},
    {0x755E, "\x6d\x20\xc7\x94"},
    {0x755F, "\x63\x20\xc3\xa8"},
    {0x7560, "\x74\x20\x69\xc3\xa1\x6e"},
    {0x7561, "\x67\x20\xc4\x81\x69"},
    {0x7562, "\x62\x20\xc3\xac"},
    {0x7563, "\x64\x20\xc3\xa1"},
    {0x7564, "\x7a\x68\x20\xc3\xac"},
    {0x7565, "\x6c\x20\xc3\xbc\xc3\xa8"},
    {0x7566, "\x71\x20\xc3\xad"},
    {0x7567, "\x6c\x20\xc3\xbc\xc3\xa8"},
    {0x7568, "\x70\x20\xc4\x81\x6e"},
    {0x7569, "\x79\x20\xc4\xab"},
    {0x756A, "\x66\x20\xc4\x81\x6e"},
    {0x756B, "\x68\x20\x75\xc3\xa0"},
    {0x756C, "\x73\x68\x20\xc4\x93"},
    {0x756D, "\x79\x20\xc3\xba"},
    {0x756E, "\x6d\x20\xc7\x94"},
    {0x756F, "\x6a\x20\xc3\xb9\x6e"},
    {0x7570, "\x79\x20\xc3\xac"},
    {0x7571, "\x6c\x20\x69\xc3\xba"},
    {0x7572, "\x73\x68\x20\xc4\x93"},
    {0x7573, "\x64\x20\x69\xc3\xa9"},
    {0x7574, "\x63\x68\x20\xc3\xb3\x75"},
    {0x7575, "\x68\x20\x75\xc3\xa0"},
    {0x7576, "\x64\x20\xc4\x81\x6e\x67"},
    {0x7577, "\x7a\x68\x20\x75\xc3\xac"},
    {0x7578, "\x6a\x20\xc4\xab"},
    {0x7579, "\x77\x20\xc7\x8e\x6e"},
    {0x757A, "\x6a\x20\x69\xc4\x81\x6e\x67"},
    {0x757B, "\x63\x68\x20\xc3\xa9\x6e\x67"},
    {0x757C, "\x63\x68\x20\xc3\xa0\x6e\x67"},
    {0x757D, "\x74\x20\xc7\x94\x6e"},
    {0x757E, "\x6c\x20\xc3\xa9\x69"},
    {0x757F, "\x6a\x20\xc4\xab"},
    {0x7580, "\x63\x68\x20\xc4\x81"},
    {0x7581, "\x6c\x20\x69\xc3\xba"},
    {0x7582, "\x64\x20\x69\xc3\xa9"},
    {0x7583, "\x74\x20\x75\xc7\x8e\x6e"},
    {0x7584, "\x6c\x20\xc3\xac\x6e"},
    {0x7585, "\x6a\x20\x69\xc4\x81\x6e\x67"},
    {0x7586, "\x6a\x20\x69\xc4\x81\x6e\x67"},
    {0x7587, "\x63\x68\x20\xc3\xb3\x75"},
    {0x7588, "\x70\x20\xc3\xac"},
    {0x7589, "\x64\x20\x69\xc3\xa9"},
    {0x758A, "\x64\x20\x69\xc3\xa9"},
    {0x758B, "\x70\x20\xc7\x90"},
    {0x758C, "\x6a\x20\x69\xc3\xa9"},
    {0x758D, "\x64\x20\xc3\xa0\x6e"},
    {0x758E, "\x73\x68\x20\xc5\xab"},
    {0x758F, "\x73\x68\x20\xc5\xab"},
    {0x7590, "\x7a\x68\x20\xc3\xac"},
    {0x7591, "\x79\x20\xc3\xad"},
    {0x7592, "\x6e\x20\xc3\xa8"},
    {0x7593, "\x6e\x20\xc7\x8e\x69"},
    {0x7594, "\x64\x20\xc4\xab\x6e\x67"},
    {0x7595, "\x62\x20\xc7\x90"},
    {0x7596, "\x6a\x20\x69\xc4\x93"},
    {0x7597, "\x6c\x20\x69\xc3\xa1\x6f"},
    {0x7598, "\x67\x20\xc4\x81\x6e\x67"},
    {0x7599, "\x67\x20\xc4\x93"},
    {0x759A, "\x6a\x20\x69\xc3\xb9"},
    {0x759B, "\x7a\x68\x20\xc7\x92\x75"},
    {0x759C, "\x78\x20\x69\xc3\xa0"},
    {0x759D, "\x73\x68\x20\xc3\xa0\x6e"},
    {0x759E, "\x78\x20\xc5\xab"},
    {0x759F, "\x6e\x20\xc3\xbc\xc3\xa8"},
    {0x75A0, "\x6c\x20\xc3\xac"},
    {0x75A1, "\x79\x20\xc3\xa1\x6e\x67"},
    {0x75A2, "\x63\x68\x20\xc3\xa8\x6e"},
    {0x75A3, "\x79\x20\xc3\xb3\x75"},
    {0x75A4, "\x62\x20\xc4\x81"},
    {0x75A5, "\x6a\x20\x69\xc3\xa8"},
    {0x75A6, "\x6a\x20\x75\xc3\xa9"},
    {0x75A7, "\x71\x20\xc3\xad"},
    {0x75A8, "\x78\x20\x69\xc4\x81"},
    {0x75A9, "\x63\x20\x75\xc3\xac"},
    {0x75AA, "\x62\x20\xc3\xac"},
    {0x75AB, "\x79\x20\xc3\xac"},
    {0x75AC, "\x6c\x20\xc3\xac"},
    {0x75AD, "\x7a\x20\xc3\xb2\x6e\x67"},
    {0x75AE, "\x63\x68\x20\x75\xc4\x81\x6e\x67"},
    {0x75AF, "\x66\x20\xc4\x93\x6e\x67"},
    {0x75B0, "\x7a\x68\x20\xc3\xb9"},
    {0x75B1, "\x70\x20\xc3\xa0\x6f"},
    {0x75B2, "\x70\x20\xc3\xad"},
    {0x75B3, "\x67\x20\xc4\x81\x6e"},
    {0x75B4, "\x6b\x20\xc4\x93"},
    {0x75B5, "\x63\x20\xc4\xab"},
    {0x75B6, "\x78\x20\x75\xc4\x93"},
    {0x75B7, "\x7a\x68\x20\xc4\xab"},
    {0x75B8, "\x64\x20\xc7\x8e\x6e"},
    {0x75B9, "\x7a\x68\x20\xc4\x9b\x6e"},
    {0x75BA, "\x66\x20\xc3\xa1"},
    {0x75BB, "\x7a\x68\x20\xc7\x90"},
    {0x75BC, "\x74\x20\xc3\xa9\x6e\x67"},
    {0x75BD, "\x6a\x20\xc5\xab"},
    {0x75BE, "\x6a\x20\xc3\xad"},
    {0x75BF, "\x66\x20\xc3\xa8\x69"},
    {0x75C0, "\x6a\x20\xc5\xab"},
    {0x75C1, "\x73\x68\x20\xc4\x81\x6e"},
    {0x75C2, "\x6a\x20\x69\xc4\x81"},
    {0x75C3, "\x78\x20\x75\xc3\xa1\x6e"},
    {0x75C4, "\x7a\x68\x20\xc3\xa0"},
    {0x75C5, "\x62\x20\xc3\xac\x6e\x67"},
    {0x75C6, "\x6e\x20\x69\xc3\xa8"},
    {0x75C7, "\x7a\x68\x20\xc3\xa8\x6e\x67"},
    {0x75C8, "\x79\x20\xc5\x8d\x6e\x67"},
    {0x75C9, "\x6a\x20\xc3\xac\x6e\x67"},
    {0x75CA, "\x71\x20\x75\xc3\xa1\x6e"},
    {0x75CB, "\x74\x20\xc3\xa9\x6e\x67"},
    {0x75CC, "\x74\x20\xc5\x8d\x6e\x67"},
    {0x75CD, "\x79\x20\xc3\xad"},
    {0x75CE, "\x6a\x20\x69\xc4\x93"},
    {0x75CF, "\x77\x20\xc4\x9b\x69"},
    {0x75D0, "\x68\x20\x75\xc3\xad"},
    {0x75D1, "\x74\x20\xc4\x81\x6e"},
    {0x75D2, "\x79\x20\xc7\x8e\x6e\x67"},
    {0x75D3, "\x63\x68\x20\xc3\xac"},
    {0x75D4, "\x7a\x68\x20\xc3\xac"},
    {0x75D5, "\x68\x20\xc3\xa9\x6e"},
    {0x75D6, "\x79\x20\xc7\x8e"},
    {0x75D7, "\x6d\x20\xc3\xa8\x69"},
    {0x75D8, "\x64\x20\xc3\xb2\x75"},
    {0x75D9, "\x6a\x20\xc3\xac\x6e\x67"},
    {0x75DA, "\x78\x20\x69\xc4\x81\x6f"},
    {0x75DB, "\x74\x20\xc3\xb2\x6e\x67"},
    {0x75DC, "\x74\x20\xc5\xab"},
    {0x75DD, "\x6d\x20\xc3\xa1\x6e\x67"},
    {0x75DE, "\x70\x20\xc7\x90"},
    {0x75DF, "\x78\x20\x69\xc4\x81\x6f"},
    {0x75E0, "\x73\x20\x75\xc4\x81\x6e"},
    {0x75E1, "\x66\x20\xc5\xab"},
    {0x75E2, "\x6c\x20\xc3\xac"},
    {0x75E3, "\x7a\x68\x20\xc3\xac"},
    {0x75E4, "\x63\x20\x75\xc3\xb3"},
    {0x75E5, "\x64\x20\x75\xc3\xb3"},
    {0x75E6, "\x77\x20\xc3\xb9"},
    {0x75E7, "\x73\x68\x20\xc4\x81"},
    {0x75E8, "\x6c\x20\xc3\xa1\x6f"},
    {0x75E9, "\x73\x68\x20\xc3\xb2\x75"},
    {0x75EA, "\x68\x20\x75\xc3\xa0\x6e"},
    {0x75EB, "\x78\x20\x69\xc3\xa1\x6e"},
    {0x75EC, "\x79\x20\xc3\xac"},
    {0x75ED, "\x62\x20\xc4\x93\x6e\x67"},
    {0x75EE, "\x7a\x68\x20\xc3\xa0\x6e\x67"},
    {0x75EF, "\x67\x20\x75\xc7\x8e\x6e"},
    {0x75F0, "\x74\x20\xc3\xa1\x6e"},
    {0x75F1, "\x66\x20\xc3\xa8\x69"},
    {0x75F2, "\x6d\x20\xc3\xa1"},
    {0x75F3, "\x6c\x20\xc3\xad\x6e"},
    {0x75F4, "\x63\x68\x20\xc4\xab"},
    {0x75F5, "\x6a\x20\xc3\xac"},
    {0x75F6, "\x74\x20\x69\xc7\x8e\x6e"},
    {0x75F7, "\xc4\x81\x6e"},
    {0x75F8, "\x63\x68\x20\xc3\xac"},
    {0x75F9, "\x62\x20\xc3\xac"},
    {0x75FA, "\x62\x20\xc3\xac"},
    {0x75FB, "\x6d\x20\xc3\xad\x6e"},
    {0x75FC, "\x67\x20\xc3\xb9"},
    {0x75FD, "\x64\x20\x75\xc4\xab"},
    {0x75FE, "\xc4\x93"},
    {0x75FF, "\x77\x20\xc4\x9b\x69"},
    {0x7600, "\x79\x20\xc5\xab"},
    {0x7601, "\x63\x20\x75\xc3\xac"},
    {0x7602, "\x79\x20\xc7\x8e"},
    {0x7603, "\x7a\x68\x20\xc3\xba"},
    {0x7604, "\x63\x20\xc3\xb9"},
    {0x7605, "\x64\x20\xc4\x81\x6e"},
    {0x7606, "\x73\x68\x20\xc3\xa8\x6e"},
    {0x7607, "\x7a\x68\x20\xc7\x92\x6e\x67"},
    {0x7608, "\x63\x68\x20\xc3\xac"},
    {0x7609, "\x79\x20\xc3\xb9"},
    {0x760A, "\x68\x20\xc3\xb3\x75"},
    {0x760B, "\x66\x20\xc4\x93\x6e\x67"},
    {0x760C, "\x6c\x20\xc3\xa0"},
    {0x760D, "\x79\x20\xc3\xa1\x6e\x67"},
    {0x760E, "\x63\x68\x20\xc3\xa9\x6e"},
    {0x760F, "\x74\x20\xc3\xba"},
    {0x7610, "\x79\x20\xc7\x94"},
    {0x7611, "\x67\x20\x75\xc5\x8d"},
    {0x7612, "\x77\x20\xc3\xa9\x6e"},
    {0x7613, "\x68\x20\x75\xc3\xa0\x6e"},
    {0x7614, "\x6b\x20\xc3\xb9"},
    {0x7615, "\x6a\x20\x69\xc7\x8e"},
    {0x7616, "\x79\x20\xc4\xab\x6e"},
    {0x7617, "\x79\x20\xc3\xac"},
    {0x7618, "\x6c\x20\xc3\xb2\x75"},
    {0x7619, "\x73\x20\xc3\xa0\x6f"},
    {0x761A, "\x6a\x20\x75\xc3\xa9"},
    {0x761B, "\x63\x68\x20\xc3\xac"},
    {0x761C, "\x78\x20\xc4\xab"},
    {0x761D, "\x67\x20\x75\xc4\x81\x6e"},
    {0x761E, "\x79\x20\xc3\xac"},
    {0x761F, "\x77\x20\xc4\x93\x6e"},
    {0x7620, "\x6a\x20\xc3\xad"},
    {0x7621, "\x63\x68\x20\x75\xc4\x81\x6e\x67"},
    {0x7622, "\x62\x20\xc4\x81\x6e"},
    {0x7623, "\x68\x20\x75\xc3\xac"},
    {0x7624, "\x6c\x20\x69\xc3\xba"},
    {0x7625, "\x63\x68\x20\xc3\xa0\x69"},
    {0x7626, "\x73\x68\x20\xc3\xb2\x75"},
    {0x7627, "\x6e\x20\xc3\xbc\xc3\xa8"},
    {0x7628, "\x64\x20\x69\xc4\x81\x6e"},
    {0x7629, "\x64\x20\xc4\x81"},
    {0x762A, "\x62\x20\x69\xc4\x9b"},
    {0x762B, "\x74\x20\xc4\x81\x6e"},
    {0x762C, "\x7a\x68\x20\xc3\xa0\x6e\x67"},
    {0x762D, "\x62\x20\x69\xc4\x81\x6f"},
    {0x762E, "\x73\x68\x20\xc3\xa8\x6e"},
    {0x762F, "\x63\x20\xc3\xb9"},
    {0x7630, "\x6c\x20\x75\xc7\x92"},
    {0x7631, "\x79\x20\xc3\xac"},
    {0x7632, "\x7a\x20\xc3\xb2\x6e\x67"},
    {0x7633, "\x63\x68\x20\xc5\x8d\x75"},
    {0x7634, "\x7a\x68\x20\xc3\xa0\x6e\x67"},
    {0x7635, "\x7a\x68\x20\xc3\xa0\x69"},
    {0x7636, "\x73\x20\xc3\xb2\x75"},
    {0x7637, "\x73\x20\xc3\xa8"},
    {0x7638, "\x71\x20\x75\xc3\xa9"},
    {0x7639, "\x64\x20\x69\xc3\xa0\x6f"},
    {0x763A, "\x6c\x20\xc3\xb2\x75"},
    {0x763B, "\x6c\x20\xc3\xb2\x75"},
    {0x763C, "\x6d\x20\xc3\xb2"},
    {0x763D, "\x71\x20\xc3\xad\x6e"},
    {0x763E, "\x79\x20\xc7\x90\x6e"},
    {0x763F, "\x79\x20\xc7\x90\x6e\x67"},
    {0x7640, "\x68\x20\x75\xc3\xa1\x6e\x67"},
    {0x7641, "\x66\x20\xc3\xba"},
    {0x7642, "\x6c\x20\x69\xc3\xa1\x6f"},
    {0x7643, "\x6c\x20\xc3\xb3\x6e\x67"},
    {0x7644, "\x71\x20\x69\xc3\xa1\x6f"},
    {0x7645, "\x6c\x20\x69\xc3\xba"},
    {0x7646, "\x6c\x20\xc3\xa1\x6f"},
    {0x7647, "\x78\x20\x69\xc3\xa1\x6e"},
    {0x7648, "\x66\x20\xc3\xa8\x69"},
    {0x7649, "\x64\x20\xc4\x81\x6e"},
    {0x764A, "\x79\x20\xc3\xac\x6e"},
    {0x764B, "\x68\x20\xc3\xa8"},
    {0x764C, "\xc3\xa1\x69"},
    {0x764D, "\x62\x20\xc4\x81\x6e"},
    {0x764E, "\x78\x20\x69\xc3\xa1\x6e"},
    {0x764F, "\x67\x20\x75\xc4\x81\x6e"},
    {0x7650, "\x67\x20\x75\xc3\xac"},
    {0x7651, "\x6e\x20\xc3\xb2\x6e\x67"},
    {0x7652, "\x79\x20\xc3\xb9"},
    {0x7653, "\x77\x20\xc3\xa9\x69"},
    {0x7654, "\x79\x20\xc3\xac"},
    {0x7655, "\x79\x20\xc5\x8d\x6e\x67"},
    {0x7656, "\x70\x20\xc7\x90"},
    {0x7657, "\x6c\x20\xc4\x9b\x69"},
    {0x7658, "\x6c\x20\xc3\xac"},
    {0x7659, "\x73\x68\x20\xc7\x94"},
    {0x765A, "\x64\x20\xc3\xa0\x6e"},
    {0x765B, "\x6c\x20\xc7\x90\x6e"},
    {0x765C, "\x64\x20\x69\xc3\xa0\x6e"},
    {0x765D, "\x6c\x20\xc7\x90\x6e"},
    {0x765E, "\x6c\x20\xc3\xa0\x69"},
    {0x765F, "\x62\x20\x69\xc4\x9b"},
    {0x7660, "\x6a\x20\xc3\xac"},
    {0x7661, "\x63\x68\x20\xc4\xab"},
    {0x7662, "\x79\x20\xc7\x8e\x6e\x67"},
    {0x7663, "\x78\x20\x75\xc7\x8e\x6e"},
    {0x7664, "\x6a\x20\x69\xc4\x93"},
    {0x7665, "\x7a\x68\x20\xc4\x93\x6e\x67"},
    {0x7666, "\x6d\x20\x65"},
    {0x7667, "\x6c\x20\xc3\xac"},
    {0x7668, "\x68\x20\x75\xc3\xb2"},
    {0x7669, "\x6c\x20\xc3\xa0\x69"},
    {0x766A, "\x6a\x20\xc4\xab"},
    {0x766B, "\x64\x20\x69\xc4\x81\x6e"},
    {0x766C, "\x78\x20\x75\xc7\x8e\x6e"},
    {0x766D, "\x79\x20\xc7\x90\x6e\x67"},
    {0x766E, "\x79\x20\xc7\x90\x6e"},
    {0x766F, "\x71\x20\xc3\xba"},
    {0x7670, "\x79\x20\xc5\x8d\x6e\x67"},
    {0x7671, "\x74\x20\xc4\x81\x6e"},
    {0x7672, "\x64\x20\x69\xc4\x81\x6e"},
    {0x7673, "\x6c\x20\x75\xc7\x92"},
    {0x7674, "\x6c\x20\x75\xc3\xa1\x6e"},
    {0x7675, "\x6c\x20\x75\xc3\xa1\x6e"},
    {0x7676, "\x62\x20\xc5\x8d"},
    {0x7677, "\x62\x20\xc5\x8d"},
    {0x7678, "\x67\x20\x75\xc7\x90"},
    {0x7679, "\x62\x20\xc3\xa1"},
    {0x767A, "\x66\x20\xc4\x81"},
    {0x767B, "\x64\x20\xc4\x93\x6e\x67"},
    {0x767C, "\x66\x20\xc4\x81"},
    {0x767D, "\x62\x20\xc3\xa1\x69"},
    {0x767E, "\x62\x20\xc7\x8e\x69"},
    {0x767F, "\x71\x20\x69\xc3\xa9"},
    {0x7680, "\x6a\x20\xc3\xad"},
    {0x7681, "\x7a\x20\xc3\xa0\x6f"},
    {0x7682, "\x7a\x20\xc3\xa0\x6f"},
    {0x7683, "\x6d\x20\xc3\xa0\x6f"},
    {0x7684, "\x64\x20\x65"},
    {0x7685, "\x70\x20\xc4\x81"},
    {0x7686, "\x6a\x20\x69\xc4\x93"},
    {0x7687, "\x68\x20\x75\xc3\xa1\x6e\x67"},
    {0x7688, "\x67\x20\x75\xc4\xab"},
    {0x7689, "\x63\x20\xc7\x90"},
    {0x768A, "\x6c\x20\xc3\xad\x6e\x67"},
    {0x768B, "\x67\x20\xc4\x81\x6f"},
    {0x768C, "\x6d\x20\xc3\xb2"},
    {0x768D, "\x6a\x20\xc3\xad"},
    {0x768E, "\x6a\x20\x69\xc7\x8e\x6f"},
    {0x768F, "\x70\x20\xc4\x9b\x6e\x67"},
    {0x7690, "\x67\x20\xc4\x81\x6f"},
    {0x7691, "\xc3\xa1\x69"},
    {0x7692, "\xc3\xa9"},
    {0x7693, "\x68\x20\xc3\xa0\x6f"},
    {0x7694, "\x68\x20\xc3\xa0\x6e"},
    {0x7695, "\x62\x20\xc3\xac"},
    {0x7696, "\x77\x20\xc7\x8e\x6e"},
    {0x7697, "\x63\x68\x20\xc3\xb3\x75"},
    {0x7698, "\x71\x20\x69\xc3\xa0\x6e"},
    {0x7699, "\x78\x20\xc4\xab"},
    {0x769A, "\xc3\xa1\x69"},
    {0x769B, "\x78\x20\x69\xc7\x8e\x6f"},
    {0x769C, "\x68\x20\xc3\xa0\x6f"},
    {0x769D, "\x68\x20\x75\xc3\xa0\x6e\x67"},
    {0x769E, "\x68\x20\xc3\xa0\x6f"},
    {0x769F, "\x7a\x20\xc3\xa9"},
    {0x76A0, "\x63\x20\x75\xc7\x90"},
    {0x76A1, "\x68\x20\xc3\xa0\x6f"},
    {0x76A2, "\x78\x20\x69\xc7\x8e\x6f"},
    {0x76A3, "\x79\x20\xc3\xa8"},
    {0x76A4, "\x70\x20\xc3\xb3"},
    {0x76A5, "\x68\x20\xc3\xa0\x6f"},
    {0x76A6, "\x6a\x20\x69\xc7\x8e\x6f"},
    {0x76A7, "\xc3\xa0\x69"},
    {0x76A8, "\x78\x20\xc4\xab\x6e\x67"},
    {0x76A9, "\x68\x20\x75\xc3\xa0\x6e\x67"},
    {0x76AA, "\x6c\x20\xc3\xac"},
    {0x76AB, "\x70\x20\x69\xc7\x8e\x6f"},
    {0x76AC, "\x68\x20\xc3\xa9"},
    {0x76AD, "\x6a\x20\x69\xc3\xa0\x6f"},
    {0x76AE, "\x70\x20\xc3\xad"},
    {0x76AF, "\x67\x20\xc7\x8e\x6e"},
    {0x76B0, "\x70\x20\xc3\xa0\x6f"},
    {0x76B1, "\x7a\x68\x20\xc3\xb2\x75"},
    {0x76B2, "\x6a\x20\xc5\xab\x6e"},
    {0x76B3, "\x71\x20\x69\xc3\xba"},
    {0x76B4, "\x63\x20\xc5\xab\x6e"},
    {0x76B5, "\x71\x20\x75\xc3\xa8"},
    {0x76B6, "\x7a\x68\x20\xc4\x81"},
    {0x76B7, "\x67\x20\xc7\x94"},
    {0x76B8, "\x6a\x20\xc5\xab\x6e"},
    {0x76B9, "\x6a\x20\xc5\xab\x6e"},
    {0x76BA, "\x7a\x68\x20\xc3\xb2\x75"},
    {0x76BB, "\x7a\x68\x20\xc4\x81"},
    {0x76BC, "\x67\x20\xc7\x94"},
    {0x76BD, "\x7a\x68\x20\xc4\x81\x6f"},
    {0x76BE, "\x64\x20\xc3\xba"},
    {0x76BF, "\x6d\x20\xc7\x90\x6e"},
    {0x76C0, "\x71\x20\xc7\x90"},
    {0x76C1, "\x79\x20\xc3\xad\x6e\x67"},
    {0x76C2, "\x79\x20\xc3\xba"},
    {0x76C3, "\x62\x20\xc4\x93\x69"},
    {0x76C4, "\x7a\x68\x20\xc4\x81\x6f"},
    {0x76C5, "\x7a\x68\x20\xc5\x8d\x6e\x67"},
    {0x76C6, "\x70\x20\xc3\xa9\x6e"},
    {0x76C7, "\x68\x20\xc3\xa9"},
    {0x76C8, "\x79\x20\xc3\xad\x6e\x67"},
    {0x76C9, "\x68\x20\xc3\xa9"},
    {0x76CA, "\x79\x20\xc3\xac"},
    {0x76CB, "\x62\x20\xc5\x8d"},
    {0x76CC, "\x77\x20\xc7\x8e\x6e"},
    {0x76CD, "\x68\x20\xc3\xa9"},
    {0x76CE, "\xc3\xa0\x6e\x67"},
    {0x76CF, "\x7a\x68\x20\xc7\x8e\x6e"},
    {0x76D0, "\x79\x20\xc3\xa1\x6e"},
    {0x76D1, "\x6a\x20\x69\xc4\x81\x6e"},
    {0x76D2, "\x68\x20\xc3\xa9"},
    {0x76D3, "\x79\x20\xc5\xab"},
    {0x76D4, "\x6b\x20\x75\xc4\xab"},
    {0x76D5, "\x66\x20\xc3\xa0\x6e"},
    {0x76D6, "\x67\x20\xc3\xa0\x69"},
    {0x76D7, "\x64\x20\xc3\xa0\x6f"},
    {0x76D8, "\x70\x20\xc3\xa1\x6e"},
    {0x76D9, "\x66\x20\xc7\x94"},
    {0x76DA, "\x71\x20\x69\xc3\xba"},
    {0x76DB, "\x73\x68\x20\xc3\xa8\x6e\x67"},
    {0x76DC, "\x64\x20\xc3\xa0\x6f"},
    {0x76DD, "\x6c\x20\xc3\xb9"},
    {0x76DE, "\x7a\x68\x20\xc7\x8e\x6e"},
    {0x76DF, "\x6d\x20\xc3\xa9\x6e\x67"},
    {0x76E0, "\x6c\x20\xc3\xad"},
    {0x76E1, "\x6a\x20\xc7\x90\x6e"},
    {0x76E2, "\x78\x20\xc3\xb9"},
    {0x76E3, "\x6a\x20\x69\xc4\x81\x6e"},
    {0x76E4, "\x70\x20\xc3\xa1\x6e"},
    {0x76E5, "\x67\x20\x75\xc3\xa0\x6e"},
    {0x76E6, "\xc4\x81\x6e"},
    {0x76E7, "\x6c\x20\xc3\xba"},
    {0x76E8, "\x78\x20\xc7\x94"},
    {0x76E9, "\x7a\x68\x20\xc5\x8d\x75"},
    {0x76EA, "\x64\x20\xc3\xa0\x6e\x67"},
    {0x76EB, "\xc4\x81\x6e"},
    {0x76EC, "\x67\x20\xc7\x94"},
    {0x76ED, "\x6c\x20\xc3\xac"},
    {0x76EE, "\x6d\x20\xc3\xb9"},
    {0x76EF, "\x64\x20\xc4\xab\x6e\x67"},
    {0x76F0, "\x67\x20\xc3\xa0\x6e"},
    {0x76F1, "\x78\x20\xc5\xab"},
    {0x76F2, "\x6d\x20\xc3\xa1\x6e\x67"},
    {0x76F3, "\x77\x20\xc3\xa0\x6e\x67"},
    {0x76F4, "\x7a\x68\x20\xc3\xad"},
    {0x76F5, "\x71\x20\xc3\xac"},
    {0x76F6, "\x79\x20\x75\xc7\x8e\x6e"},
    {0x76F7, "\x74\x20\x69\xc3\xa1\x6e"},
    {0x76F8, "\x78\x20\x69\xc4\x81\x6e\x67"},
    {0x76F9, "\x64\x20\xc7\x94\x6e"},
    {0x76FA, "\x78\x20\xc4\xab\x6e"},
    {0x76FB, "\x78\x20\xc3\xac"},
    {0x76FC, "\x70\x20\xc3\xa0\x6e"},
    {0x76FD, "\x66\x20\xc4\x93\x6e\x67"},
    {0x76FE, "\x64\x20\xc3\xb9\x6e"},
    {0x76FF, "\x6d\x20\xc3\xad\x6e"},
    {0x7700, "\x6d\x20\xc3\xad\x6e\x67"},
    {0x7701, "\x73\x68\x20\xc4\x9b\x6e\x67"},
    {0x7702, "\x73\x68\x20\xc3\xac"},
    {0x7703, "\x79\x20\xc3\xba\x6e"},
    {0x7704, "\x6d\x20\x69\xc7\x8e\x6e"},
    {0x7705, "\x70\x20\xc4\x81\x6e"},
    {0x7706, "\x66\x20\xc7\x8e\x6e\x67"},
    {0x7707, "\x6d\x20\x69\xc7\x8e\x6f"},
    {0x7708, "\x64\x20\xc4\x81\x6e"},
    {0x7709, "\x6d\x20\xc3\xa9\x69"},
    {0x770A, "\x6d\x20\xc3\xa0\x6f"},
    {0x770B, "\x6b\x20\xc3\xa0\x6e"},
    {0x770C, "\x78\x20\x69\xc3\xa0\x6e"},
    {0x770D, "\x6b\x20\xc5\x8d\x75"},
    {0x770E, "\x73\x68\x20\xc3\xac"},
    {0x770F, "\x79\x20\xc4\x81\x6e\x67"},
    {0x7710, "\x7a\x68\x20\xc4\x93\x6e\x67"},
    {0x7711, "\x79\x20\xc7\x8e\x6f"},
    {0x7712, "\x73\x68\x20\xc4\x93\x6e"},
    {0x7713, "\x68\x20\x75\xc3\xb2"},
    {0x7714, "\x64\x20\xc3\xa0"},
    {0x7715, "\x7a\x68\x20\xc4\x9b\x6e"},
    {0x7716, "\x6b\x20\x75\xc3\xa0\x6e\x67"},
    {0x7717, "\x6a\x20\xc5\xab"},
    {0x7718, "\x73\x68\x20\xc3\xa8\x6e"},
    {0x7719, "\x79\x20\xc3\xad"},
    {0x771A, "\x73\x68\x20\xc4\x9b\x6e\x67"},
    {0x771B, "\x6d\x20\xc3\xa8\x69"},
    {0x771C, "\x6d\x20\xc3\xb2"},
    {0x771D, "\x7a\x68\x20\xc3\xb9"},
    {0x771E, "\x7a\x68\x20\xc4\x93\x6e"},
    {0x771F, "\x7a\x68\x20\xc4\x93\x6e"},
    {0x7720, "\x6d\x20\x69\xc3\xa1\x6e"},
    {0x7721, "\x73\x68\x20\xc3\xac"},
    {0x7722, "\x79\x20\x75\xc4\x81\x6e"},
    {0x7723, "\x64\x20\x69\xc3\xa9"},
    {0x7724, "\x6e\x20\xc3\xac"},
    {0x7725, "\x7a\x20\xc3\xac"},
    {0x7726, "\x7a\x20\xc3\xac"},
    {0x7727, "\x63\x68\x20\xc7\x8e\x6f"},
    {0x7728, "\x7a\x68\x20\xc7\x8e"},
    {0x7729, "\x78\x20\x75\xc3\xa0\x6e"},
    {0x772A, "\x62\x20\xc7\x90\x6e\x67"},
    {0x772B, "\x6d\x20\xc7\x90"},
    {0x772C, "\x6c\x20\xc3\xb3\x6e\x67"},
    {0x772D, "\x73\x20\x75\xc4\xab"},
    {0x772E, "\x74\x20\xc3\xb3\x6e\x67"},
    {0x772F, "\x6d\x20\xc4\xab"},
    {0x7730, "\x64\x20\x69\xc3\xa8"},
    {0x7731, "\x64\x20\xc3\xac"},
    {0x7732, "\x6e\x20\xc3\xa8"},
    {0x7733, "\x6d\x20\xc3\xad\x6e\x67"},
    {0x7734, "\x78\x20\x75\xc3\xa0\x6e"},
    {0x7735, "\x63\x68\x20\xc4\xab"},
    {0x7736, "\x6b\x20\x75\xc3\xa0\x6e\x67"},
    {0x7737, "\x6a\x20\x75\xc3\xa0\x6e"},
    {0x7738, "\x6d\x20\xc3\xb3\x75"},
    {0x7739, "\x7a\x68\x20\xc3\xa8\x6e"},
    {0x773A, "\x74\x20\x69\xc3\xa0\x6f"},
    {0x773B, "\x79\x20\xc3\xa1\x6e\x67"},
    {0x773C, "\x79\x20\xc7\x8e\x6e"},
    {0x773D, "\x6d\x20\xc3\xb2"},
    {0x773E, "\x7a\x68\x20\xc3\xb2\x6e\x67"},
    {0x773F, "\x6d\x20\xc3\xb2"},
    {0x7740, "\x7a\x68\x20\x65"},
    {0x7741, "\x7a\x68\x20\xc4\x93\x6e\x67"},
    {0x7742, "\x6d\x20\xc3\xa9\x69"},
    {0x7743, "\x73\x20\x75\xc5\x8d"},
    {0x7744, "\x73\x68\x20\xc3\xa0\x6f"},
    {0x7745, "\x68\x20\xc3\xa0\x6e"},
    {0x7746, "\x68\x20\x75\xc3\xa0\x6e"},
    {0x7747, "\x64\x20\xc3\xac"},
    {0x7748, "\x63\x68\x20\xc4\x9b\x6e\x67"},
    {0x7749, "\x63\x20\x75\xc3\xb3"},
    {0x774A, "\x6a\x20\x75\xc3\xa0\x6e"},
    {0x774B, "\xc3\xa9"},
    {0x774C, "\x6d\x20\xc7\x8e\x6e"},
    {0x774D, "\x78\x20\x69\xc3\xa0\x6e"},
    {0x774E, "\x78\x20\xc4\xab"},
    {0x774F, "\x6b\x20\xc3\xb9\x6e"},
    {0x7750, "\x6c\x20\xc3\xa0\x69"},
    {0x7751, "\x6a\x20\x69\xc7\x8e\x6e"},
    {0x7752, "\x73\x68\x20\xc7\x8e\x6e"},
    {0x7753, "\x74\x20\x69\xc7\x8e\x6e"},
    {0x7754, "\x67\x20\xc3\xb9\x6e"},
    {0x7755, "\x77\x20\xc7\x8e\x6e"},
    {0x7756, "\x6c\x20\xc3\xa8\x6e\x67"},
    {0x7757, "\x73\x68\x20\xc3\xac"},
    {0x7758, "\x71\x20\x69\xc3\xb3\x6e\x67"},
    {0x7759, "\x6c\x20\x69\xc3\xa8"},
    {0x775A, "\x79\x20\xc3\xa1"},
    {0x775B, "\x6a\x20\xc4\xab\x6e\x67"},
    {0x775C, "\x7a\x68\x20\xc4\x93\x6e\x67"},
    {0x775D, "\x6c\x20\xc3\xad"},
    {0x775E, "\x6c\x20\xc3\xa0\x69"},
    {0x775F, "\x73\x20\x75\xc3\xac"},
    {0x7760, "\x6a\x20\x75\xc3\xa0\x6e"},
    {0x7761, "\x73\x68\x20\x75\xc3\xac"},
    {0x7762, "\x73\x20\x75\xc4\xab"},
    {0x7763, "\x64\x20\xc5\xab"},
    {0x7764, "\x62\x20\xc3\xac"},
    {0x7765, "\x70\x20\xc3\xac"},
    {0x7766, "\x6d\x20\xc3\xb9"},
    {0x7767, "\x68\x20\xc5\xab\x6e"},
    {0x7768, "\x6e\x20\xc3\xac"},
    {0x7769, "\x6c\x20\xc3\xb9"},
    {0x776A, "\x79\x20\xc3\xac"},
    {0x776B, "\x6a\x20\x69\xc3\xa9"},
    {0x776C, "\x63\x20\xc7\x8e\x69"},
    {0x776D, "\x7a\x68\x20\xc7\x92\x75"},
    {0x776E, "\x79\x20\xc3\xba"},
    {0x776F, "\x68\x20\xc5\xab\x6e"},
    {0x7770, "\x6d\x20\xc3\xa0"},
    {0x7771, "\x78\x20\x69\xc3\xa0"},
    {0x7772, "\x78\x20\xc7\x90\x6e\x67"},
    {0x7773, "\x68\x20\x75\xc4\xab"},
    {0x7774, "\x67\x20\xc3\xb9\x6e"},
    {0x7775, "\x7a\x20\xc4\x81\x69"},
    {0x7776, "\x63\x68\x20\xc7\x94\x6e"},
    {0x7777, "\x6a\x20\x69\xc4\x81\x6e"},
    {0x7778, "\x6d\x20\xc3\xa8\x69"},
    {0x7779, "\x64\x20\xc7\x94"},
    {0x777A, "\x68\x20\xc3\xb3\x75"},
    {0x777B, "\x78\x20\x75\xc4\x81\x6e"},
    {0x777C, "\x74\x20\x69\xc3\xa0\x6e"},
    {0x777D, "\x6b\x20\x75\xc3\xad"},
    {0x777E, "\x67\x20\xc4\x81\x6f"},
    {0x777F, "\x72\x20\x75\xc3\xac"},
    {0x7780, "\x6d\x20\xc3\xa0\x6f"},
    {0x7781, "\x78\x20\xc3\xb9"},
    {0x7782, "\x66\x20\xc3\xa1"},
    {0x7783, "\x77\x20\xc3\xb2"},
    {0x7784, "\x6d\x20\x69\xc3\xa1\x6f"},
    {0x7785, "\x63\x68\x20\xc7\x92\x75"},
    {0x7786, "\x6b\x20\x75\xc3\xac"},
    {0x7787, "\x6d\x20\xc4\xab"},
    {0x7788, "\x77\x20\xc4\x9b\x6e\x67"},
    {0x7789, "\x6b\x20\xc3\xb2\x75"},
    {0x778A, "\x64\x20\xc3\xa0\x6e\x67"},
    {0x778B, "\x63\x68\x20\xc4\x93\x6e"},
    {0x778C, "\x6b\x20\xc4\x93"},
    {0x778D, "\x73\x20\xc7\x92\x75"},
    {0x778E, "\x78\x20\x69\xc4\x81"},
    {0x778F, "\x71\x20\x69\xc3\xb3\x6e\x67"},
    {0x7790, "\x6d\x20\xc3\xb2"},
    {0x7791, "\x6d\x20\xc3\xad\x6e\x67"},
    {0x7792, "\x6d\x20\xc3\xa1\x6e"},
    {0x7793, "\x66\x20\xc3\xa8\x6e"},
    {0x7794, "\x7a\x20\xc3\xa9"},
    {0x7795, "\x7a\x68\x20\xc3\xa0\x6e\x67"},
    {0x7796, "\x79\x20\xc3\xac"},
    {0x7797, "\x64\x20\x69\xc4\x81\x6f"},
    {0x7798, "\x6b\x20\xc5\x8d\x75"},
    {0x7799, "\x6d\x20\xc3\xb2"},
    {0x779A, "\x73\x68\x20\xc3\xb9\x6e"},
    {0x779B, "\x63\x20\xc5\x8d\x6e\x67"},
    {0x779C, "\x6c\x20\xc5\x8d\x75"},
    {0x779D, "\x63\x68\x20\xc4\xab"},
    {0x779E, "\x6d\x20\xc3\xa1\x6e"},
    {0x779F, "\x70\x20\x69\xc7\x8e\x6f"},
    {0x77A0, "\x63\x68\x20\xc4\x93\x6e\x67"},
    {0x77A1, "\x67\x20\x75\xc4\xab"},
    {0x77A2, "\x6d\x20\xc3\xa9\x6e\x67"},
    {0x77A3, "\x77\x20\xc3\xa0\x6e"},
    {0x77A4, "\x72\x20\xc3\xba\x6e"},
    {0x77A5, "\x70\x20\x69\xc4\x93"},
    {0x77A6, "\x78\x20\xc4\xab"},
    {0x77A7, "\x71\x20\x69\xc3\xa1\x6f"},
    {0x77A8, "\x70\x20\xc3\xba"},
    {0x77A9, "\x7a\x68\x20\xc7\x94"},
    {0x77AA, "\x64\x20\xc3\xa8\x6e\x67"},
    {0x77AB, "\x73\x68\x20\xc4\x9b\x6e"},
    {0x77AC, "\x73\x68\x20\xc3\xb9\x6e"},
    {0x77AD, "\x6c\x20\x69\xc7\x8e\x6f"},
    {0x77AE, "\x63\x68\x20\xc3\xa8"},
    {0x77AF, "\x78\x20\x69\xc3\xa1\x6e"},
    {0x77B0, "\x6b\x20\xc3\xa0\x6e"},
    {0x77B1, "\x79\x20\xc3\xa8"},
    {0x77B2, "\x78\x20\xc3\xb9"},
    {0x77B3, "\x74\x20\xc3\xb3\x6e\x67"},
    {0x77B4, "\x6d\x20\xc3\xb3\x75"},
    {0x77B5, "\x6c\x20\xc3\xad\x6e"},
    {0x77B6, "\x67\x20\x75\xc3\xac"},
    {0x77B7, "\x6a\x20\x69\xc3\xa0\x6e"},
    {0x77B8, "\x79\x20\xc3\xa8"},
    {0x77B9, "\xc3\xa0\x69"},
    {0x77BA, "\x68\x20\x75\xc3\xac"},
    {0x77BB, "\x7a\x68\x20\xc4\x81\x6e"},
    {0x77BC, "\x6a\x20\x69\xc7\x8e\x6e"},
    {0x77BD, "\x67\x20\xc7\x94"},
    {0x77BE, "\x7a\x68\x20\xc3\xa0\x6f"},
    {0x77BF, "\x71\x20\xc3\xba"},
    {0x77C0, "\x6d\x20\xc3\xa9\x69"},
    {0x77C1, "\x63\x68\x20\xc7\x92\x75"},
    {0x77C2, "\x73\x20\xc3\xa0\x6f"},
    {0x77C3, "\x6e\x20\xc7\x90\x6e\x67"},
    {0x77C4, "\x78\x20\xc5\xab\x6e"},
    {0x77C5, "\x79\x20\xc3\xa0\x6f"},
    {0x77C6, "\x68\x20\x75\xc3\xb2"},
    {0x77C7, "\x6d\x20\xc3\xa9\x6e\x67"},
    {0x77C8, "\x6d\x20\x69\xc3\xa1\x6e"},
    {0x77C9, "\x70\x20\xc3\xad\x6e"},
    {0x77CA, "\x6d\x20\x69\xc3\xa1\x6e"},
    {0x77CB, "\x6c\x20\xc4\x9b\x69"},
    {0x77CC, "\x6b\x20\x75\xc3\xa0\x6e\x67"},
    {0x77CD, "\x6a\x20\x75\xc3\xa9"},
    {0x77CE, "\x78\x20\x75\xc4\x81\x6e"},
    {0x77CF, "\x6d\x20\x69\xc3\xa1\x6e"},
    {0x77D0, "\x68\x20\x75\xc3\xb2"},
    {0x77D1, "\x6c\x20\xc3\xba"},
    {0x77D2, "\x6d\x20\xc3\xa9\x6e\x67"},
    {0x77D3, "\x6c\x20\xc3\xb3\x6e\x67"},
    {0x77D4, "\x67\x20\x75\xc3\xa0\x6e"},
    {0x77D5, "\x6d\x20\xc7\x8e\x6e"},
    {0x77D6, "\x78\x20\xc7\x90"},
    {0x77D7, "\x63\x68\x20\xc3\xb9"},
    {0x77D8, "\x74\x20\xc7\x8e\x6e\x67"},
    {0x77D9, "\x6b\x20\xc3\xa0\x6e"},
    {0x77DA, "\x7a\x68\x20\xc7\x94"},
    {0x77DB, "\x6d\x20\xc3\xa1\x6f"},
    {0x77DC, "\x6a\x20\xc4\xab\x6e"},
    {0x77DD, "\x6a\x20\xc4\xab\x6e"},
    {0x77DE, "\x79\x20\xc3\xb9"},
    {0x77DF, "\x73\x68\x20\x75\xc3\xb2"},
    {0x77E0, "\x7a\x20\xc3\xa9"},
    {0x77E1, "\x6a\x20\x75\xc3\xa9"},
    {0x77E2, "\x73\x68\x20\xc7\x90"},
    {0x77E3, "\x79\x20\xc7\x90"},
    {0x77E4, "\x73\x68\x20\xc4\x9b\x6e"},
    {0x77E5, "\x7a\x68\x20\xc4\xab"},
    {0x77E6, "\x68\x20\xc3\xb3\x75"},
    {0x77E7, "\x73\x68\x20\xc4\x9b\x6e"},
    {0x77E8, "\x79\x20\xc7\x90\x6e\x67"},
    {0x77E9, "\x6a\x20\xc7\x94"},
    {0x77EA, "\x7a\x68\x20\xc5\x8d\x75"},
    {0x77EB, "\x6a\x20\x69\xc7\x8e\x6f"},
    {0x77EC, "\x63\x20\x75\xc3\xb3"},
    {0x77ED, "\x64\x20\x75\xc7\x8e\x6e"},
    {0x77EE, "\xc7\x8e\x69"},
    {0x77EF, "\x6a\x20\x69\xc7\x8e\x6f"},
    {0x77F0, "\x7a\x20\xc4\x93\x6e\x67"},
    {0x77F1, "\x79\x20\x75\xc4\x93"},
    {0x77F2, "\x62\x20\xc3\xa0"},
    {0x77F3, "\x73\x68\x20\xc3\xad"},
    {0x77F4, "\x64\x20\xc3\xac\x6e\x67"},
    {0x77F5, "\x71\x20\xc3\xac"},
    {0x77F6, "\x6a\x20\xc4\xab"},
    {0x77F7, "\x7a\x20\xc7\x90"},
    {0x77F8, "\x67\x20\xc4\x81\x6e"},
    {0x77F9, "\x77\x20\xc3\xb9"},
    {0x77FA, "\x7a\x68\x20\xc3\xa9"},
    {0x77FB, "\x6b\x20\xc5\xab"},
    {0x77FC, "\x67\x20\xc4\x81\x6e\x67"},
    {0x77FD, "\x78\x20\xc3\xac"},
    {0x77FE, "\x66\x20\xc3\xa1\x6e"},
    {0x77FF, "\x6b\x20\x75\xc3\xa0\x6e\x67"},
    {0x7800, "\x64\x20\xc3\xa0\x6e\x67"},
    {0x7801, "\x6d\x20\xc7\x8e"},
    {0x7802, "\x73\x68\x20\xc4\x81"},
    {0x7803, "\x64\x20\xc4\x81\x6e"},
    {0x7804, "\x6a\x20\x75\xc3\xa9"},
    {0x7805, "\x6c\x20\xc3\xac"},
    {0x7806, "\x66\x20\xc5\xab"},
    {0x7807, "\x6d\x20\xc3\xad\x6e"},
    {0x7808, "\xc4\x9b"},
    {0x7809, "\x68\x20\x75\xc3\xb2"},
    {0x780A, "\x6b\x20\xc4\x81\x6e\x67"},
    {0x780B, "\x7a\x68\x20\xc7\x90"},
    {0x780C, "\x71\x20\xc3\xac"},
    {0x780D, "\x6b\x20\xc7\x8e\x6e"},
    {0x780E, "\x6a\x20\x69\xc3\xa8"},
    {0x780F, "\x62\x20\xc4\xab\x6e"},
    {0x7810, "\xc3\xa8"},
    {0x7811, "\x79\x20\xc3\xa0"},
    {0x7812, "\x70\x20\xc4\xab"},
    {0x7813, "\x7a\x68\x20\xc3\xa9"},
    {0x7814, "\x79\x20\xc3\xa1\x6e"},
    {0x7815, "\x73\x20\x75\xc3\xac"},
    {0x7816, "\x7a\x68\x20\x75\xc4\x81\x6e"},
    {0x7817, "\x63\x68\x20\xc4\x93"},
    {0x7818, "\x64\x20\xc3\xb9\x6e"},
    {0x7819, "\x77\x20\xc7\x8e"},
    {0x781A, "\x79\x20\xc3\xa0\x6e"},
    {0x781B, "\x6a\x20\xc4\xab\x6e"},
    {0x781C, "\x66\x20\xc4\x93\x6e\x67"},
    {0x781D, "\x66\x20\xc3\xa1"},
    {0x781E, "\x6d\x20\xc3\xb2"},
    {0x781F, "\x7a\x68\x20\xc7\x8e"},
    {0x7820, "\x6a\x20\xc5\xab"},
    {0x7821, "\x79\x20\xc3\xb9"},
    {0x7822, "\x6b\x20\xc4\x93"},
    {0x7823, "\x74\x20\x75\xc3\xb3"},
    {0x7824, "\x74\x20\x75\xc3\xb3"},
    {0x7825, "\x64\x20\xc7\x90"},
    {0x7826, "\x7a\x68\x20\xc3\xa0\x69"},
    {0x7827, "\x7a\x68\x20\xc4\x93\x6e"},
    {0x7828, "\xc3\xa8"},
    {0x7829, "\x66\x20\xc3\xba"},
    {0x782A, "\x6d\x20\xc7\x94"},
    {0x782B, "\x7a\x68\x20\xc3\xb9"},
    {0x782C, "\x6c\x20\xc3\xa1"},
    {0x782D, "\x62\x20\x69\xc4\x81\x6e"},
    {0x782E, "\x6e\x20\xc7\x94"},
    {0x782F, "\x70\x20\xc4\xab\x6e\x67"},
    {0x7830, "\x70\x20\xc4\x93\x6e\x67"},
    {0x7831, "\x6c\x20\xc3\xad\x6e\x67"},
    {0x7832, "\x70\x20\xc3\xa0\x6f"},
    {0x7833, "\x6c\x20\xc3\xa8"},
    {0x7834, "\x70\x20\xc3\xb2"},
    {0x7835, "\x62\x20\xc5\x8d"},
    {0x7836, "\x70\x20\xc3\xb2"},
    {0x7837, "\x73\x68\x20\xc4\x93\x6e"},
    {0x7838, "\x7a\x20\xc3\xa1"},
    {0x7839, "\xc3\xa0\x69"},
    {0x783A, "\x6c\x20\xc3\xac"},
    {0x783B, "\x6c\x20\xc3\xb3\x6e\x67"},
    {0x783C, "\x74\x20\xc3\xb3\x6e\x67"},
    {0x783D, "\x79\x20\xc3\xb2\x6e\x67"},
    {0x783E, "\x6c\x20\xc3\xac"},
    {0x783F, "\x6b\x20\x75\xc3\xa0\x6e\x67"},
    {0x7840, "\x63\x68\x20\xc7\x94"},
    {0x7841, "\x6b\x20\xc4\x93\x6e\x67"},
    {0x7842, "\x71\x20\x75\xc3\xa1\x6e"},
    {0x7843, "\x7a\x68\x20\xc5\xab"},
    {0x7844, "\x6b\x20\x75\xc4\x81\x6e\x67"},
    {0x7845, "\x67\x20\x75\xc4\xab"},
    {0x7846, "\xc3\xa8"},
    {0x7847, "\x6e\x20\xc3\xa1\x6f"},
    {0x7848, "\x71\x20\x69\xc3\xa0"},
    {0x7849, "\x6c\x20\xc3\xb9"},
    {0x784A, "\x77\x20\xc4\x9b\x69"},
    {0x784B, "\xc3\xa0\x69"},
    {0x784C, "\x67\x20\xc3\xa8"},
    {0x784D, "\x78\x20\x69\xc3\xa0\x6e"},
    {0x784E, "\x78\x20\xc3\xad\x6e\x67"},
    {0x784F, "\x79\x20\xc3\xa1\x6e"},
    {0x7850, "\x64\x20\xc3\xb2\x6e\x67"},
    {0x7851, "\x70\x20\xc4\x93\x6e\x67"},
    {0x7852, "\x78\x20\xc4\xab"},
    {0x7853, "\x6c\x20\xc7\x8e\x6f"},
    {0x7854, "\x68\x20\xc3\xb3\x6e\x67"},
    {0x7855, "\x73\x68\x20\x75\xc3\xb2"},
    {0x7856, "\x78\x20\x69\xc3\xa1"},
    {0x7857, "\x71\x20\x69\xc4\x81\x6f"},
    {0x7858, "\x71\x20\x69\x6e\x67"},
    {0x7859, "\x77\x20\xc3\xa9\x69"},
    {0x785A, "\x71\x20\x69\xc3\xa1\x6f"},
    {0x785B, "\x79\x20\xc3\xac"},
    {0x785C, "\x6b\x20\xc4\x93\x6e\x67"},
    {0x785D, "\x78\x20\x69\xc4\x81\x6f"},
    {0x785E, "\x71\x20\x75\xc3\xa8"},
    {0x785F, "\x63\x68\x20\xc3\xa0\x6e"},
    {0x7860, "\x6c\x20\xc3\xa1\x6e\x67"},
    {0x7861, "\x68\x20\xc5\x8d\x6e\x67"},
    {0x7862, "\x79\x20\xc3\xba"},
    {0x7863, "\x78\x20\x69\xc4\x81\x6f"},
    {0x7864, "\x78\x20\x69\xc3\xa1"},
    {0x7865, "\x6d\x20\xc7\x8e\x6e\x67"},
    {0x7866, "\x6c\x20\x75\xc3\xb2"},
    {0x7867, "\x79\x20\xc7\x92\x6e\x67"},
    {0x7868, "\x63\x68\x20\xc4\x93"},
    {0x7869, "\x63\x68\x20\xc3\xa8"},
    {0x786A, "\x77\x20\xc3\xb2"},
    {0x786B, "\x6c\x20\x69\xc3\xba"},
    {0x786C, "\x79\x20\xc3\xac\x6e\x67"},
    {0x786D, "\x6d\x20\xc3\xa1\x6e\x67"},
    {0x786E, "\x71\x20\x75\xc3\xa8"},
    {0x786F, "\x79\x20\xc3\xa0\x6e"},
    {0x7870, "\x73\x68\x20\xc4\x81"},
    {0x7871, "\x6b\x20\xc7\x94\x6e"},
    {0x7872, "\x79\x20\xc3\xb9"},
    {0x7873, "\x63\x68\x20\xc3\xac"},
    {0x7874, "\x68\x20\x75\xc4\x81"},
    {0x7875, "\x6c\x20\xc7\x94"},
    {0x7876, "\x63\x68\x20\xc4\x9b\x6e"},
    {0x7877, "\x6a\x20\x69\xc7\x8e\x6e"},
    {0x7878, "\x6e\x20\xc3\xbc\xc3\xa8"},
    {0x7879, "\x73\x20\xc5\x8d\x6e\x67"},
    {0x787A, "\x7a\x68\x20\x75\xc3\xb3"},
    {0x787B, "\x6b\x20\xc4\x93\x6e\x67"},
    {0x787C, "\x70\x20\xc3\xa9\x6e\x67"},
    {0x787D, "\x79\x20\xc4\x81\x6e"},
    {0x787E, "\x7a\x68\x20\x75\xc3\xac"},
    {0x787F, "\x6b\x20\xc5\x8d\x6e\x67"},
    {0x7880, "\x63\x68\x20\xc3\xa9\x6e\x67"},
    {0x7881, "\x71\x20\xc3\xad"},
    {0x7882, "\x7a\x20\xc3\xb2\x6e\x67"},
    {0x7883, "\x71\x20\xc3\xac\x6e\x67"},
    {0x7884, "\x6c\x20\xc3\xad\x6e"},
    {0x7885, "\x6a\x20\xc5\xab\x6e"},
    {0x7886, "\x62\x20\xc5\x8d"},
    {0x7887, "\x64\x20\xc3\xac\x6e\x67"},
    {0x7888, "\x6d\x20\xc3\xad\x6e"},
    {0x7889, "\x64\x20\x69\xc4\x81\x6f"},
    {0x788A, "\x6a\x20\x69\xc4\x81\x6e"},
    {0x788B, "\x68\x20\xc3\xa8"},
    {0x788C, "\x6c\x20\xc3\xb9"},
    {0x788D, "\xc3\xa0\x69"},
    {0x788E, "\x73\x20\x75\xc3\xac"},
    {0x788F, "\x71\x20\x75\xc3\xa8"},
    {0x7890, "\x6c\x20\xc3\xa9\x6e\x67"},
    {0x7891, "\x62\x20\xc4\x93\x69"},
    {0x7892, "\x79\x20\xc3\xad\x6e"},
    {0x7893, "\x64\x20\x75\xc3\xac"},
    {0x7894, "\x77\x20\xc7\x94"},
    {0x7895, "\x71\x20\xc3\xad"},
    {0x7896, "\x6c\x20\xc7\x94\x6e"},
    {0x7897, "\x77\x20\xc7\x8e\x6e"},
    {0x7898, "\x64\x20\x69\xc7\x8e\x6e"},
    {0x7899, "\x6e\x20\xc3\xa1\x6f"},
    {0x789A, "\x62\x20\xc3\xa8\x69"},
    {0x789B, "\x71\x20\xc3\xac"},
    {0x789C, "\x63\x68\x20\xc4\x9b\x6e"},
    {0x789D, "\x72\x20\x75\xc7\x8e\x6e"},
    {0x789E, "\x79\x20\xc3\xa1\x6e"},
    {0x789F, "\x64\x20\x69\xc3\xa9"},
    {0x78A0, "\x64\x20\xc3\xac\x6e\x67"},
    {0x78A1, "\x64\x20\xc3\xba"},
    {0x78A2, "\x74\x20\x75\xc3\xb3"},
    {0x78A3, "\x6a\x20\x69\xc3\xa9"},
    {0x78A4, "\x79\x20\xc4\xab\x6e\x67"},
    {0x78A5, "\x62\x20\x69\xc7\x8e\x6e"},
    {0x78A6, "\x6b\x20\xc3\xa8"},
    {0x78A7, "\x62\x20\xc3\xac"},
    {0x78A8, "\x77\x20\xc3\xa8\x69"},
    {0x78A9, "\x73\x68\x20\x75\xc3\xb2"},
    {0x78AA, "\x7a\x68\x20\xc4\x93\x6e"},
    {0x78AB, "\x64\x20\x75\xc3\xa0\x6e"},
    {0x78AC, "\x78\x20\x69\xc3\xa1"},
    {0x78AD, "\x64\x20\xc3\xa0\x6e\x67"},
    {0x78AE, "\x74\x20\xc3\xad"},
    {0x78AF, "\x6e\x20\xc7\x8e\x6f"},
    {0x78B0, "\x70\x20\xc3\xa8\x6e\x67"},
    {0x78B1, "\x6a\x20\x69\xc7\x8e\x6e"},
    {0x78B2, "\x64\x20\xc3\xac"},
    {0x78B3, "\x74\x20\xc3\xa0\x6e"},
    {0x78B4, "\x63\x68\x20\xc3\xa1"},
    {0x78B5, "\x74\x20\x69\xc3\xa1\x6e"},
    {0x78B6, "\x71\x20\xc3\xac"},
    {0x78B7, "\x64\x20\xc3\xb9\x6e"},
    {0x78B8, "\x66\x20\xc4\x93\x6e\x67"},
    {0x78B9, "\x78\x20\x75\xc3\xa0\x6e"},
    {0x78BA, "\x71\x20\x75\xc3\xa8"},
    {0x78BB, "\x71\x20\x75\xc3\xa8"},
    {0x78BC, "\x6d\x20\xc7\x8e"},
    {0x78BD, "\x67\x20\xc5\x8d\x6e\x67"},
    {0x78BE, "\x6e\x20\x69\xc7\x8e\x6e"},
    {0x78BF, "\x73\x20\xc3\xb9"},
    {0x78C0, "\xc3\xa9"},
    {0x78C1, "\x63\x20\xc3\xad"},
    {0x78C2, "\x6c\x20\x69\xc3\xba"},
    {0x78C3, "\x73\x20\xc4\xab"},
    {0x78C4, "\x74\x20\xc3\xa1\x6e\x67"},
    {0x78C5, "\x62\x20\xc3\xa0\x6e\x67"},
    {0x78C6, "\x68\x20\x75\xc3\xa1"},
    {0x78C7, "\x70\x20\xc4\xab"},
    {0x78C8, "\x77\x20\xc4\x9b\x69"},
    {0x78C9, "\x73\x20\xc7\x8e\x6e\x67"},
    {0x78CA, "\x6c\x20\xc4\x9b\x69"},
    {0x78CB, "\x63\x20\x75\xc5\x8d"},
    {0x78CC, "\x74\x20\x69\xc3\xa1\x6e"},
    {0x78CD, "\x78\x20\x69\xc3\xa1"},
    {0x78CE, "\x78\x20\xc4\xab"},
    {0x78CF, "\x6c\x20\x69\xc3\xa1\x6e"},
    {0x78D0, "\x70\x20\xc3\xa1\x6e"},
    {0x78D1, "\x77\x20\xc3\xa9\x69"},
    {0x78D2, "\x79\x20\xc7\x94\x6e"},
    {0x78D3, "\x64\x20\x75\xc4\xab"},
    {0x78D4, "\x7a\x68\x20\xc3\xa9"},
    {0x78D5, "\x6b\x20\xc4\x93"},
    {0x78D6, "\x6c\x20\xc3\xa1"},
    {0x78D7, "\x7a\x68\x20\x75\xc4\x81\x6e"},
    {0x78D8, "\x79\x20\xc3\xa1\x6f"},
    {0x78D9, "\x67\x20\xc7\x94\x6e"},
    {0x78DA, "\x7a\x68\x20\x75\xc4\x81\x6e"},
    {0x78DB, "\x63\x68\x20\xc3\xa1\x6e"},
    {0x78DC, "\x71\x20\xc3\xac"},
    {0x78DD, "\xc3\xa1\x6f"},
    {0x78DE, "\x70\x20\xc4\x93\x6e\x67"},
    {0x78DF, "\x6c\x20\x69\xc3\xb9"},
    {0x78E0, "\x6c\x20\xc7\x94"},
    {0x78E1, "\x6b\x20\xc3\xa0\x6e"},
    {0x78E2, "\x63\x68\x20\x75\xc7\x8e\x6e\x67"},
    {0x78E3, "\x63\x68\x20\xc4\x9b\x6e"},
    {0x78E4, "\x79\x20\xc7\x90\x6e"},
    {0x78E5, "\x6c\x20\xc4\x9b\x69"},
    {0x78E6, "\x62\x20\x69\xc4\x81\x6f"},
    {0x78E7, "\x71\x20\xc3\xac"},
    {0x78E8, "\x6d\x20\xc3\xb3"},
    {0x78E9, "\x71\x20\xc3\xac"},
    {0x78EA, "\x63\x20\x75\xc4\xab"},
    {0x78EB, "\x7a\x20\xc5\x8d\x6e\x67"},
    {0x78EC, "\x71\x20\xc3\xac\x6e\x67"},
    {0x78ED, "\x63\x68\x20\x75\xc3\xb2"},
    {0x78EE, "\x6c\x20\xc3\xba\x6e"},
    {0x78EF, "\x6a\x20\xc4\xab"},
    {0x78F0, "\x73\x68\x20\xc3\xa0\x6e"},
    {0x78F1, "\x6c\x20\xc3\xa1\x6f"},
    {0x78F2, "\x71\x20\xc3\xba"},
    {0x78F3, "\x7a\x20\xc4\x93\x6e\x67"},
    {0x78F4, "\x64\x20\xc3\xa8\x6e\x67"},
    {0x78F5, "\x6a\x20\x69\xc3\xa0\x6e"},
    {0x78F6, "\x78\x20\xc3\xac"},
    {0x78F7, "\x6c\x20\xc3\xad\x6e"},
    {0x78F8, "\x64\x20\xc3\xac\x6e\x67"},
    {0x78F9, "\x74\x20\xc3\xa1\x6e"},
    {0x78FA, "\x68\x20\x75\xc3\xa1\x6e\x67"},
    {0x78FB, "\x70\x20\xc3\xa1\x6e"},
    {0x78FC, "\x7a\x20\xc3\xa1"},
    {0x78FD, "\x71\x20\x69\xc4\x81\x6f"},
    {0x78FE, "\x64\x20\xc4\xab"},
    {0x78FF, "\x6c\x20\xc3\xac"},
    {0x7900, "\x6a\x20\x69\xc3\xa0\x6e"},
    {0x7901, "\x6a\x20\x69\xc4\x81\x6f"},
    {0x7902, "\x78\x20\xc4\xab"},
    {0x7903, "\x7a\x68\x20\xc7\x8e\x6e\x67"},
    {0x7904, "\x71\x20\x69\xc3\xa1\x6f"},
    {0x7905, "\x64\x20\xc5\xab\x6e"},
    {0x7906, "\x6a\x20\x69\xc7\x8e\x6e"},
    {0x7907, "\x79\x20\xc3\xb9"},
    {0x7908, "\x7a\x68\x20\x75\xc3\xac"},
    {0x7909, "\x68\x20\xc3\xa9"},
    {0x790A, "\x6b\x20\xc3\xa8"},
    {0x790B, "\x7a\x20\xc3\xa9"},
    {0x790C, "\x6c\x20\xc3\xa9\x69"},
    {0x790D, "\x6a\x20\x69\xc3\xa9"},
    {0x790E, "\x63\x68\x20\xc7\x94"},
    {0x790F, "\x79\x20\xc3\xa8"},
    {0x7910, "\x71\x20\x75\xc3\xa8"},
    {0x7911, "\x64\x20\xc3\xa0\x6e\x67"},
    {0x7912, "\x79\x20\xc7\x90"},
    {0x7913, "\x6a\x20\x69\xc4\x81\x6e\x67"},
    {0x7914, "\x70\x20\xc4\xab"},
    {0x7915, "\x70\x20\xc4\xab"},
    {0x7916, "\x79\x20\xc3\xb9"},
    {0x7917, "\x70\x20\xc4\xab\x6e"},
    {0x7918, "\xc3\xa8"},
    {0x7919, "\xc3\xa0\x69"},
    {0x791A, "\x6b\x20\xc4\x93"},
    {0x791B, "\x6a\x20\x69\xc4\x81\x6e"},
    {0x791C, "\x79\x20\xc3\xb9"},
    {0x791D, "\x72\x20\x75\xc7\x8e\x6e"},
    {0x791E, "\x6d\x20\xc3\xa9\x6e\x67"},
    {0x791F, "\x70\x20\xc3\xa0\x6f"},
    {0x7920, "\x63\x20\xc3\xad"},
    {0x7921, "\x62\x20\xc3\xb3"},
    {0x7922, "\x79\x20\xc7\x8e\x6e\x67"},
    {0x7923, "\x6d\x20\xc3\xa0"},
    {0x7924, "\x63\x20\xc7\x8e"},
    {0x7925, "\x78\x20\x69\xc3\xa1\x6e"},
    {0x7926, "\x6b\x20\x75\xc3\xa0\x6e\x67"},
    {0x7927, "\x6c\x20\xc3\xa9\x69"},
    {0x7928, "\x6c\x20\xc4\x9b\x69"},
    {0x7929, "\x7a\x68\x20\xc3\xac"},
    {0x792A, "\x6c\x20\xc3\xac"},
    {0x792B, "\x6c\x20\xc3\xac"},
    {0x792C, "\x66\x20\xc3\xa1\x6e"},
    {0x792D, "\x71\x20\x75\xc3\xa8"},
    {0x792E, "\x70\x20\xc3\xa0\x6f"},
    {0x792F, "\x79\x20\xc4\xab\x6e\x67"},
    {0x7930, "\x6c\x20\xc3\xac"},
    {0x7931, "\x6c\x20\xc3\xb3\x6e\x67"},
    {0x7932, "\x6c\x20\xc3\xb3\x6e\x67"},
    {0x7933, "\x6d\x20\xc3\xb2"},
    {0x7934, "\x62\x20\xc3\xb3"},
    {0x7935, "\x73\x68\x20\x75\xc4\x81\x6e\x67"},
    {0x7936, "\x67\x20\x75\xc3\xa0\x6e"},
    {0x7937, "\x6c\x20\xc3\xa1\x6e"},
    {0x7938, "\x63\x20\xc7\x8e"},
    {0x7939, "\x79\x20\xc3\xa1\x6e"},
    {0x793A, "\x73\x68\x20\xc3\xac"},
    {0x793B, "\x73\x68\x20\xc3\xac"},
    {0x793C, "\x6c\x20\xc7\x90"},
    {0x793D, "\x72\x20\xc3\xa9\x6e\x67"},
    {0x793E, "\x73\x68\x20\xc3\xa8"},
    {0x793F, "\x79\x20\x75\xc3\xa8"},
    {0x7940, "\x73\x20\xc3\xac"},
    {0x7941, "\x71\x20\xc3\xad"},
    {0x7942, "\x74\x20\xc4\x81"},
    {0x7943, "\x6d\x20\xc3\xa0"},
    {0x7944, "\x78\x20\x69\xc3\xa8"},
    {0x7945, "\x79\x20\xc4\x81\x6f"},
    {0x7946, "\x78\x20\x69\xc4\x81\x6e"},
    {0x7947, "\x71\x20\xc3\xad"},
    {0x7948, "\x71\x20\xc3\xad"},
    {0x7949, "\x7a\x68\x20\xc7\x90"},
    {0x794A, "\x62\x20\xc4\x93\x6e\x67"},
    {0x794B, "\x64\x20\x75\xc3\xac"},
    {0x794C, "\x7a\x68\x20\xc3\xb2\x6e\x67"},
    {0x794D, "\x72\x20\xc3\xa8\x6e"},
    {0x794E, "\x79\x20\xc4\xab"},
    {0x794F, "\x73\x68\x20\xc3\xad"},
    {0x7950, "\x79\x20\xc3\xb2\x75"},
    {0x7951, "\x7a\x68\x20\xc3\xac"},
    {0x7952, "\x74\x20\x69\xc3\xa1\x6f"},
    {0x7953, "\x66\x20\xc3\xba"},
    {0x7954, "\x66\x20\xc3\xb9"},
    {0x7955, "\x6d\x20\xc3\xac"},
    {0x7956, "\x7a\x20\xc7\x94"},
    {0x7957, "\x7a\x68\x20\xc4\xab"},
    {0x7958, "\x73\x20\x75\xc3\xa0\x6e"},
    {0x7959, "\x6d\x20\xc3\xa8\x69"},
    {0x795A, "\x7a\x20\x75\xc3\xb2"},
    {0x795B, "\x71\x20\xc5\xab"},
    {0x795C, "\x68\x20\xc3\xb9"},
    {0x795D, "\x7a\x68\x20\xc3\xb9"},
    {0x795E, "\x73\x68\x20\xc3\xa9\x6e"},
    {0x795F, "\x73\x20\x75\xc3\xac"},
    {0x7960, "\x63\x20\xc3\xad"},
    {0x7961, "\x63\x68\x20\xc3\xa1\x69"},
    {0x7962, "\x6d\x20\xc3\xad"},
    {0x7963, "\x6c\x20\xc7\x9a"},
    {0x7964, "\x79\x20\xc7\x94"},
    {0x7965, "\x78\x20\x69\xc3\xa1\x6e\x67"},
    {0x7966, "\x77\x20\xc3\xba"},
    {0x7967, "\x74\x20\x69\xc4\x81\x6f"},
    {0x7968, "\x70\x20\x69\xc3\xa0\x6f"},
    {0x7969, "\x7a\x68\x20\xc3\xb9"},
    {0x796A, "\x67\x20\x75\xc7\x90"},
    {0x796B, "\x78\x20\x69\xc3\xa1"},
    {0x796C, "\x7a\x68\x20\xc4\xab"},
    {0x796D, "\x6a\x20\xc3\xac"},
    {0x796E, "\x67\x20\xc3\xa0\x6f"},
    {0x796F, "\x7a\x68\x20\xc4\x93\x6e"},
    {0x7970, "\x67\x20\xc3\xa0\x6f"},
    {0x7971, "\x73\x68\x20\x75\xc3\xac"},
    {0x7972, "\x6a\x20\xc3\xac\x6e"},
    {0x7973, "\x73\x68\x20\xc3\xa8\x6e"},
    {0x7974, "\x67\x20\xc4\x81\x69"},
    {0x7975, "\x6b\x20\xc7\x94\x6e"},
    {0x7976, "\x64\x20\xc3\xac"},
    {0x7977, "\x64\x20\xc7\x8e\x6f"},
    {0x7978, "\x68\x20\x75\xc3\xb2"},
    {0x7979, "\x74\x20\xc3\xa1\x6f"},
    {0x797A, "\x71\x20\xc3\xad"},
    {0x797B, "\x67\x20\xc3\xb9"},
    {0x797C, "\x67\x20\x75\xc3\xa0\x6e"},
    {0x797D, "\x7a\x20\x75\xc3\xac"},
    {0x797E, "\x6c\x20\xc3\xad\x6e\x67"},
    {0x797F, "\x6c\x20\xc3\xb9"},
    {0x7980, "\x62\x20\xc7\x90\x6e\x67"},
    {0x7981, "\x6a\x20\xc3\xac\x6e"},
    {0x7982, "\x64\x20\xc7\x8e\x6f"},
    {0x7983, "\x7a\x68\x20\xc3\xad"},
    {0x7984, "\x6c\x20\xc3\xb9"},
    {0x7985, "\x63\x68\x20\xc3\xa1\x6e"},
    {0x7986, "\x62\x20\xc3\xac"},
    {0x7987, "\x7a\x68\x20\xc4\x9b"},
    {0x7988, "\x68\x20\x75\xc4\xab"},
    {0x7989, "\x79\x20\xc7\x92\x75"},
    {0x798A, "\x78\x20\xc3\xac"},
    {0x798B, "\x79\x20\xc4\xab\x6e"},
    {0x798C, "\x7a\x20\xc4\xab"},
    {0x798D, "\x68\x20\x75\xc3\xb2"},
    {0x798E, "\x7a\x68\x20\xc4\x93\x6e"},
    {0x798F, "\x66\x20\xc3\xba"},
    {0x7990, "\x79\x20\x75\xc3\xa0\x6e"},
    {0x7991, "\x77\x20\xc3\xba"},
    {0x7992, "\x78\x20\x69\xc7\x8e\x6e"},
    {0x7993, "\x79\x20\xc3\xa1\x6e\x67"},
    {0x7994, "\x7a\x68\x20\xc4\xab"},
    {0x7995, "\x79\x20\xc4\xab"},
    {0x7996, "\x6d\x20\xc3\xa9\x69"},
    {0x7997, "\x73\x20\xc4\xab"},
    {0x7998, "\x64\x20\xc3\xac"},
    {0x7999, "\x62\x20\xc3\xa8\x69"},
    {0x799A, "\x7a\x68\x20\x75\xc3\xb3"},
    {0x799B, "\x7a\x68\x20\xc4\x93\x6e"},
    {0x799C, "\x79\x20\xc7\x92\x6e\x67"},
    {0x799D, "\x6a\x20\xc3\xac"},
    {0x799E, "\x67\x20\xc3\xa0\x6f"},
    {0x799F, "\x74\x20\xc3\xa1\x6e\x67"},
    {0x79A0, "\x73\x20\xc4\xab"},
    {0x79A1, "\x6d\x20\xc3\xa0"},
    {0x79A2, "\x74\x20\xc3\xa0"},
    {0x79A3, "\x66\x20\xc3\xb9"},
    {0x79A4, "\x78\x20\x75\xc4\x81\x6e"},
    {0x79A5, "\x71\x20\xc3\xad"},
    {0x79A6, "\x79\x20\xc3\xb9"},
    {0x79A7, "\x78\x20\xc7\x90"},
    {0x79A8, "\x6a\x20\xc4\xab"},
    {0x79A9, "\x73\x20\xc3\xac"},
    {0x79AA, "\x63\x68\x20\xc3\xa1\x6e"},
    {0x79AB, "\x64\x20\xc3\xa0\x6e"},
    {0x79AC, "\x67\x20\x75\xc3\xac"},
    {0x79AD, "\x73\x20\x75\xc3\xac"},
    {0x79AE, "\x6c\x20\xc7\x90"},
    {0x79AF, "\x6e\x20\xc3\xb3\x6e\x67"},
    {0x79B0, "\x6d\x20\xc3\xad"},
    {0x79B1, "\x64\x20\xc7\x8e\x6f"},
    {0x79B2, "\x6c\x20\xc3\xac"},
    {0x79B3, "\x72\x20\xc3\xa1\x6e\x67"},
    {0x79B4, "\x79\x20\x75\xc3\xa8"},
    {0x79B5, "\x74\x20\xc3\xad"},
    {0x79B6, "\x7a\x20\xc3\xa0\x6e"},
    {0x79B7, "\x6c\x20\xc3\xa8\x69"},
    {0x79B8, "\x72\x20\xc3\xb3\x75"},
    {0x79B9, "\x79\x20\xc7\x94"},
    {0x79BA, "\x79\x20\xc3\xba"},
    {0x79BB, "\x6c\x20\xc3\xad"},
    {0x79BC, "\x78\x20\x69\xc3\xa8"},
    {0x79BD, "\x71\x20\xc3\xad\x6e"},
    {0x79BE, "\x68\x20\xc3\xa9"},
    {0x79BF, "\x74\x20\xc5\xab"},
    {0x79C0, "\x78\x20\x69\xc3\xb9"},
    {0x79C1, "\x73\x20\xc4\xab"},
    {0x79C2, "\x72\x20\xc3\xa9\x6e"},
    {0x79C3, "\x74\x20\xc5\xab"},
    {0x79C4, "\x7a\x20\xc7\x90"},
    {0x79C5, "\x63\x68\x20\xc3\xa1"},
    {0x79C6, "\x67\x20\xc7\x8e\x6e"},
    {0x79C7, "\x79\x20\xc3\xac"},
    {0x79C8, "\x78\x20\x69\xc4\x81\x6e"},
    {0x79C9, "\x62\x20\xc7\x90\x6e\x67"},
    {0x79CA, "\x6e\x20\x69\xc3\xa1\x6e"},
    {0x79CB, "\x71\x20\x69\xc5\xab"},
    {0x79CC, "\x71\x20\x69\xc5\xab"},
    {0x79CD, "\x7a\x68\x20\xc7\x92\x6e\x67"},
    {0x79CE, "\x66\x20\xc3\xa8\x6e"},
    {0x79CF, "\x68\x20\xc3\xa0\x6f"},
    {0x79D0, "\x79\x20\xc3\xba\x6e"},
    {0x79D1, "\x6b\x20\xc4\x93"},
    {0x79D2, "\x6d\x20\x69\xc7\x8e\x6f"},
    {0x79D3, "\x7a\x68\x20\xc4\xab"},
    {0x79D4, "\x6a\x20\xc4\xab\x6e\x67"},
    {0x79D5, "\x62\x20\xc7\x90"},
    {0x79D6, "\x7a\x68\x20\xc4\xab"},
    {0x79D7, "\x79\x20\xc3\xb9"},
    {0x79D8, "\x6d\x20\xc3\xac"},
    {0x79D9, "\x6b\x20\xc3\xb9"},
    {0x79DA, "\x62\x20\xc3\xa0\x6e"},
    {0x79DB, "\x70\x20\xc4\xab"},
    {0x79DC, "\x6e\x20\xc3\xad"},
    {0x79DD, "\x6c\x20\xc3\xac"},
    {0x79DE, "\x79\x20\xc3\xb3\x75"},
    {0x79DF, "\x7a\x20\xc5\xab"},
    {0x79E0, "\x70\x20\xc4\xab"},
    {0x79E1, "\x62\x20\xc3\xb3"},
    {0x79E2, "\x6c\x20\xc3\xad\x6e\x67"},
    {0x79E3, "\x6d\x20\xc3\xb2"},
    {0x79E4, "\x63\x68\x20\xc3\xa8\x6e\x67"},
    {0x79E5, "\x6e\x20\x69\xc3\xa1\x6e"},
    {0x79E6, "\x71\x20\xc3\xad\x6e"},
    {0x79E7, "\x79\x20\xc4\x81\x6e\x67"},
    {0x79E8, "\x7a\x20\x75\xc3\xb3"},
    {0x79E9, "\x7a\x68\x20\xc3\xac"},
    {0x79EA, "\x7a\x68\x20\xc4\xab"},
    {0x79EB, "\x73\x68\x20\xc3\xba"},
    {0x79EC, "\x6a\x20\xc3\xb9"},
    {0x79ED, "\x7a\x20\xc7\x90"},
    {0x79EE, "\x68\x20\x75\xc3\xb3"},
    {0x79EF, "\x6a\x20\xc4\xab"},
    {0x79F0, "\x63\x68\x20\xc4\x93\x6e\x67"},
    {0x79F1, "\x74\x20\xc3\xb3\x6e\x67"},
    {0x79F2, "\x7a\x68\x20\xc3\xac"},
    {0x79F3, "\x68\x20\x75\xc3\xb3"},
    {0x79F4, "\x68\x20\xc3\xa9"},
    {0x79F5, "\x79\x20\xc4\xab\x6e"},
    {0x79F6, "\x7a\x20\xc4\xab"},
    {0x79F7, "\x7a\x68\x20\xc3\xac"},
    {0x79F8, "\x6a\x20\x69\xc4\x93"},
    {0x79F9, "\x72\x20\xc4\x9b\x6e"},
    {0x79FA, "\x64\x20\xc3\xb9"},
    {0x79FB, "\x79\x20\xc3\xad"},
    {0x79FC, "\x7a\x68\x20\xc5\xab"},
    {0x79FD, "\x68\x20\x75\xc3\xac"},
    {0x79FE, "\x6e\x20\xc3\xb3\x6e\x67"},
    {0x79FF, "\x66\x20\xc3\xb9"},
    {0x7A00, "\x78\x20\xc4\xab"},
    {0x7A01, "\x67\x20\xc7\x8e\x6f"},
    {0x7A02, "\x6c\x20\xc3\xa1\x6e\x67"},
    {0x7A03, "\x66\x20\xc5\xab"},
    {0x7A04, "\x78\x20\xc3\xb9\x6e"},
    {0x7A05, "\x73\x68\x20\x75\xc3\xac"},
    {0x7A06, "\x6c\x20\xc7\x9a"},
    {0x7A07, "\x6b\x20\xc7\x94\x6e"},
    {0x7A08, "\x67\x20\xc7\x8e\x6e"},
    {0x7A09, "\x6a\x20\xc4\xab\x6e\x67"},
    {0x7A0A, "\x74\x20\xc3\xad"},
    {0x7A0B, "\x63\x68\x20\xc3\xa9\x6e\x67"},
    {0x7A0C, "\x74\x20\xc3\xba"},
    {0x7A0D, "\x73\x68\x20\xc4\x81\x6f"},
    {0x7A0E, "\x73\x68\x20\x75\xc3\xac"},
    {0x7A0F, "\x79\x20\xc3\xa0"},
    {0x7A10, "\x6c\x20\xc7\x94\x6e"},
    {0x7A11, "\x6c\x20\xc3\xb9"},
    {0x7A12, "\x67\x20\xc3\xb9"},
    {0x7A13, "\x7a\x20\x75\xc3\xb3"},
    {0x7A14, "\x72\x20\xc4\x9b\x6e"},
    {0x7A15, "\x7a\x68\x20\xc3\xb9\x6e"},
    {0x7A16, "\x62\x20\xc3\xa0\x6e\x67"},
    {0x7A17, "\x62\x20\xc3\xa0\x69"},
    {0x7A18, "\x6a\x20\xc4\xab"},
    {0x7A19, "\x7a\x68\x20\xc4\xab"},
    {0x7A1A, "\x7a\x68\x20\xc3\xac"},
    {0x7A1B, "\x6b\x20\xc7\x94\x6e"},
    {0x7A1C, "\x6c\x20\xc3\xa9\x6e\x67"},
    {0x7A1D, "\x70\x20\xc3\xa9\x6e\x67"},
    {0x7A1E, "\x6b\x20\xc4\x93"},
    {0x7A1F, "\x62\x20\xc7\x90\x6e\x67"},
    {0x7A20, "\x63\x68\x20\xc3\xb3\x75"},
    {0x7A21, "\x7a\x20\x75\xc3\xac"},
    {0x7A22, "\x79\x20\xc3\xb9"},
    {0x7A23, "\x73\x20\xc5\xab"},
    {0x7A24, "\x6c\x20\xc3\xbc\xc3\xa8"},
    {0x7A25, "\x78\x20\x69\xc4\x81\x6e\x67"},
    {0x7A26, "\x79\x20\xc4\xab"},
    {0x7A27, "\x78\x20\xc3\xac"},
    {0x7A28, "\x62\x20\x69\xc7\x8e\x6e"},
    {0x7A29, "\x6a\x20\xc3\xac"},
    {0x7A2A, "\x66\x20\xc3\xba"},
    {0x7A2B, "\x70\x20\xc3\xac"},
    {0x7A2C, "\x6e\x20\x75\xc3\xb2"},
    {0x7A2D, "\x6a\x20\x69\xc4\x93"},
    {0x7A2E, "\x7a\x68\x20\xc7\x92\x6e\x67"},
    {0x7A2F, "\x7a\x20\xc5\x8d\x6e\x67"},
    {0x7A30, "\x78\x20\xc7\x94"},
    {0x7A31, "\x63\x68\x20\xc4\x93\x6e\x67"},
    {0x7A32, "\x64\x20\xc3\xa0\x6f"},
    {0x7A33, "\x77\x20\xc4\x9b\x6e"},
    {0x7A34, "\x78\x20\x69\xc3\xa1\x6e"},
    {0x7A35, "\x7a\x20\xc4\xab"},
    {0x7A36, "\x79\x20\xc3\xb9"},
    {0x7A37, "\x6a\x20\xc3\xac"},
    {0x7A38, "\x78\x20\xc3\xb9"},
    {0x7A39, "\x7a\x68\x20\xc4\x9b\x6e"},
    {0x7A3A, "\x7a\x68\x20\xc3\xac"},
    {0x7A3B, "\x64\x20\xc3\xa0\x6f"},
    {0x7A3C, "\x6a\x20\x69\xc3\xa0"},
    {0x7A3D, "\x6a\x20\xc4\xab"},
    {0x7A3E, "\x67\x20\xc7\x8e\x6f"},
    {0x7A3F, "\x67\x20\xc7\x8e\x6f"},
    {0x7A40, "\x67\x20\xc7\x94"},
    {0x7A41, "\x72\x20\xc3\xb3\x6e\x67"},
    {0x7A42, "\x73\x20\x75\xc3\xac"},
    {0x7A43, "\x72\x20\x6f\x6e\x67"},
    {0x7A44, "\x6a\x20\xc3\xac"},
    {0x7A45, "\x6b\x20\xc4\x81\x6e\x67"},
    {0x7A46, "\x6d\x20\xc3\xb9"},
    {0x7A47, "\x63\x20\xc7\x8e\x6e"},
    {0x7A48, "\x6d\x20\xc3\xa9\x69"},
    {0x7A49, "\x7a\x68\x20\xc3\xac"},
    {0x7A4A, "\x6a\x20\xc3\xac"},
    {0x7A4B, "\x6c\x20\xc3\xb9"},
    {0x7A4C, "\x73\x20\xc5\xab"},
    {0x7A4D, "\x6a\x20\xc4\xab"},
    {0x7A4E, "\x79\x20\xc7\x90\x6e\x67"},
    {0x7A4F, "\x77\x20\xc4\x9b\x6e"},
    {0x7A50, "\x71\x20\x69\xc5\xab"},
    {0x7A51, "\x73\x20\xc3\xa8"},
    {0x7A52, "\x68\x20\xc3\xa8"},
    {0x7A53, "\x79\x20\xc3\xac"},
    {0x7A54, "\x68\x20\x75\xc3\xa1\x6e\x67"},
    {0x7A55, "\x71\x20\x69\xc3\xa8"},
    {0x7A56, "\x6a\x20\xc7\x90"},
    {0x7A57, "\x73\x20\x75\xc3\xac"},
    {0x7A58, "\x78\x20\x69\xc4\x81\x6f"},
    {0x7A59, "\x70\x20\xc3\xba"},
    {0x7A5A, "\x6a\x20\x69\xc4\x81\x6f"},
    {0x7A5B, "\x7a\x68\x20\x75\xc5\x8d"},
    {0x7A5C, "\x7a\x68\x20\xc7\x92\x6e\x67"},
    {0x7A5D, "\x7a\x20\x75\x69"},
    {0x7A5E, "\x6c\x20\xc7\x9a"},
    {0x7A5F, "\x73\x20\x75\xc3\xac"},
    {0x7A60, "\x6e\x20\xc3\xb3\x6e\x67"},
    {0x7A61, "\x73\x20\xc3\xa8"},
    {0x7A62, "\x68\x20\x75\xc3\xac"},
    {0x7A63, "\x72\x20\xc3\xa1\x6e\x67"},
    {0x7A64, "\x6e\x20\x75\xc3\xb2"},
    {0x7A65, "\x79\x20\xc3\xb9"},
    {0x7A66, "\x70\x20\xc4\xab\x6e"},
    {0x7A67, "\x6a\x20\xc3\xac"},
    {0x7A68, "\x74\x20\x75\xc3\xad"},
    {0x7A69, "\x77\x20\xc4\x9b\x6e"},
    {0x7A6A, "\x63\x68\x20\xc4\x93\x6e\x67"},
    {0x7A6B, "\x68\x20\x75\xc3\xb2"},
    {0x7A6C, "\x6b\x20\x75\xc3\xa0\x6e\x67"},
    {0x7A6D, "\x6c\x20\xc7\x9a"},
    {0x7A6E, "\x62\x20\x69\xc4\x81\x6f"},
    {0x7A6F, "\x73\x20\xc3\xa8"},
    {0x7A70, "\x72\x20\xc3\xa1\x6e\x67"},
    {0x7A71, "\x7a\x68\x20\x75\xc5\x8d"},
    {0x7A72, "\x6c\x20\xc3\xad"},
    {0x7A73, "\x63\x20\x75\xc3\xa1\x6e"},
    {0x7A74, "\x78\x20\x75\xc3\xa9"},
    {0x7A75, "\x77\x20\xc4\x81"},
    {0x7A76, "\x6a\x20\x69\xc5\xab"},
    {0x7A77, "\x71\x20\x69\xc3\xb3\x6e\x67"},
    {0x7A78, "\x78\x20\xc4\xab"},
    {0x7A79, "\x71\x20\x69\xc3\xb3\x6e\x67"},
    {0x7A7A, "\x6b\x20\xc5\x8d\x6e\x67"},
    {0x7A7B, "\x79\x20\xc5\xab"},
    {0x7A7C, "\x73\x68\x20\xc4\x93\x6e"},
    {0x7A7D, "\x6a\x20\xc7\x90\x6e\x67"},
    {0x7A7E, "\x79\x20\xc3\xa0\x6f"},
    {0x7A7F, "\x63\x68\x20\x75\xc4\x81\x6e"},
    {0x7A80, "\x7a\x68\x20\xc5\xab\x6e"},
    {0x7A81, "\x74\x20\xc5\xab"},
    {0x7A82, "\x6c\x20\xc3\xa1\x6f"},
    {0x7A83, "\x71\x20\x69\xc3\xa8"},
    {0x7A84, "\x7a\x68\x20\xc7\x8e\x69"},
    {0x7A85, "\x79\x20\xc7\x8e\x6f"},
    {0x7A86, "\x62\x20\x69\xc7\x8e\x6e"},
    {0x7A87, "\x62\x20\xc3\xa1\x6f"},
    {0x7A88, "\x79\x20\xc7\x8e\x6f"},
    {0x7A89, "\x62\x20\xc7\x90\x6e\x67"},
    {0x7A8A, "\x77\x20\xc4\x81"},
    {0x7A8B, "\x7a\x68\x20\xc3\xba"},
    {0x7A8C, "\x6a\x20\x69\xc3\xa0\x6f"},
    {0x7A8D, "\x71\x20\x69\xc3\xa0\x6f"},
    {0x7A8E, "\x64\x20\x69\xc3\xa0\x6f"},
    {0x7A8F, "\x77\x20\xc5\xab"},
    {0x7A90, "\x67\x20\x75\xc4\xab"},
    {0x7A91, "\x79\x20\xc3\xa1\x6f"},
    {0x7A92, "\x7a\x68\x20\xc3\xac"},
    {0x7A93, "\x63\x68\x20\x75\xc4\x81\x6e\x67"},
    {0x7A94, "\x79\x20\xc3\xa0\x6f"},
    {0x7A95, "\x74\x20\x69\xc7\x8e\x6f"},
    {0x7A96, "\x6a\x20\x69\xc3\xa0\x6f"},
    {0x7A97, "\x63\x68\x20\x75\xc4\x81\x6e\x67"},
    {0x7A98, "\x6a\x20\x69\xc7\x92\x6e\x67"},
    {0x7A99, "\x78\x20\x69\xc4\x81\x6f"},
    {0x7A9A, "\x63\x68\x20\xc3\xa9\x6e\x67"},
    {0x7A9B, "\x6b\x20\xc3\xb2\x75"},
    {0x7A9C, "\x63\x20\x75\xc3\xa0\x6e"},
    {0x7A9D, "\x77\x20\xc5\x8d"},
    {0x7A9E, "\x64\x20\xc3\xa0\x6e"},
    {0x7A9F, "\x6b\x20\xc5\xab"},
    {0x7AA0, "\x6b\x20\xc4\x93"},
    {0x7AA1, "\x7a\x68\x20\x75\xc3\xb3"},
    {0x7AA2, "\x78\x20\xc5\xab"},
    {0x7AA3, "\x73\x20\xc5\xab"},
    {0x7AA4, "\x67\x20\x75\xc4\x81\x6e"},
    {0x7AA5, "\x6b\x20\x75\xc4\xab"},
    {0x7AA6, "\x64\x20\xc3\xb2\x75"},
    {0x7AA7, "\x7a\x68\x20\x75\x6f"},
    {0x7AA8, "\x78\x20\xc5\xab\x6e"},
    {0x7AA9, "\x77\x20\xc5\x8d"},
    {0x7AAA, "\x77\x20\xc4\x81"},
    {0x7AAB, "\x79\x20\xc3\xa0"},
    {0x7AAC, "\x79\x20\xc3\xba"},
    {0x7AAD, "\x6a\x20\xc3\xb9"},
    {0x7AAE, "\x71\x20\x69\xc3\xb3\x6e\x67"},
    {0x7AAF, "\x79\x20\xc3\xa1\x6f"},
    {0x7AB0, "\x79\x20\xc3\xa1\x6f"},
    {0x7AB1, "\x74\x20\x69\xc7\x8e\x6f"},
    {0x7AB2, "\x63\x68\x20\xc3\xa1\x6f"},
    {0x7AB3, "\x79\x20\xc7\x94"},
    {0x7AB4, "\x74\x20\x69\xc3\xa1\x6e"},
    {0x7AB5, "\x64\x20\x69\xc3\xa0\x6f"},
    {0x7AB6, "\x6a\x20\xc3\xb9"},
    {0x7AB7, "\x6c\x20\x69\xc3\xa0\x6f"},
    {0x7AB8, "\x78\x20\xc4\xab"},
    {0x7AB9, "\x77\x20\xc3\xb9"},
    {0x7ABA, "\x6b\x20\x75\xc4\xab"},
    {0x7ABB, "\x63\x68\x20\x75\xc4\x81\x6e\x67"},
    {0x7ABC, "\x7a\x68\x20\xc4\x81\x6f"},
    {0x7ABD, "\x6b\x20\x75\xc7\x8e\x6e"},
    {0x7ABE, "\x6b\x20\x75\xc7\x8e\x6e"},
    {0x7ABF, "\x6c\x20\xc3\xb3\x6e\x67"},
    {0x7AC0, "\x63\x68\x20\xc4\x93\x6e\x67"},
    {0x7AC1, "\x63\x20\x75\xc3\xac"},
    {0x7AC2, "\x6c\x20\x69\xc3\xa1\x6f"},
    {0x7AC3, "\x7a\x20\xc3\xa0\x6f"},
    {0x7AC4, "\x63\x20\x75\xc3\xa0\x6e"},
    {0x7AC5, "\x71\x20\x69\xc3\xa0\x6f"},
    {0x7AC6, "\x71\x20\x69\xc3\xb3\x6e\x67"},
    {0x7AC7, "\x64\x20\xc3\xb2\x75"},
    {0x7AC8, "\x7a\x20\xc3\xa0\x6f"},
    {0x7AC9, "\x6c\x20\xc7\x92\x6e\x67"},
    {0x7ACA, "\x71\x20\x69\xc3\xa8"},
    {0x7ACB, "\x6c\x20\xc3\xac"},
    {0x7ACC, "\x63\x68\x20\xc3\xb9"},
    {0x7ACD, "\x73\x68\x20\xc3\xad"},
    {0x7ACE, "\x66\x20\xc3\xb9"},
    {0x7ACF, "\x71\x20\x69\xc4\x81\x6e"},
    {0x7AD0, "\x63\x68\x20\xc3\xb9"},
    {0x7AD1, "\x68\x20\xc3\xb3\x6e\x67"},
    {0x7AD2, "\x71\x20\xc3\xad"},
    {0x7AD3, "\x68\x20\xc3\xa1\x6f"},
    {0x7AD4, "\x73\x68\x20\xc4\x93\x6e\x67"},
    {0x7AD5, "\x66\x20\xc4\x93\x6e"},
    {0x7AD6, "\x73\x68\x20\xc3\xb9"},
    {0x7AD7, "\x6d\x20\x69\xc3\xa0\x6f"},
    {0x7AD8, "\x71\x20\xc7\x94"},
    {0x7AD9, "\x7a\x68\x20\xc3\xa0\x6e"},
    {0x7ADA, "\x7a\x68\x20\xc3\xb9"},
    {0x7ADB, "\x6c\x20\xc3\xad\x6e\x67"},
    {0x7ADC, "\x6c\x20\xc3\xb3\x6e\x67"},
    {0x7ADD, "\x62\x20\xc3\xac\x6e\x67"},
    {0x7ADE, "\x6a\x20\xc3\xac\x6e\x67"},
    {0x7ADF, "\x6a\x20\xc3\xac\x6e\x67"},
    {0x7AE0, "\x7a\x68\x20\xc4\x81\x6e\x67"},
    {0x7AE1, "\x62\x20\xc7\x8e\x69"},
    {0x7AE2, "\x73\x20\xc3\xac"},
    {0x7AE3, "\x6a\x20\xc3\xb9\x6e"},
    {0x7AE4, "\x68\x20\xc3\xb3\x6e\x67"},
    {0x7AE5, "\x74\x20\xc3\xb3\x6e\x67"},
    {0x7AE6, "\x73\x20\xc7\x92\x6e\x67"},
    {0x7AE7, "\x6a\x20\xc3\xac\x6e\x67"},
    {0x7AE8, "\x64\x20\x69\xc3\xa0\x6f"},
    {0x7AE9, "\x79\x20\xc3\xac"},
    {0x7AEA, "\x73\x68\x20\xc3\xb9"},
    {0x7AEB, "\x6a\x20\xc3\xac\x6e\x67"},
    {0x7AEC, "\x71\x20\xc7\x94"},
    {0x7AED, "\x6a\x20\x69\xc3\xa9"},
    {0x7AEE, "\x70\x20\xc4\xab\x6e\x67"},
    {0x7AEF, "\x64\x20\x75\xc4\x81\x6e"},
    {0x7AF0, "\x6c\x20\xc3\xad"},
    {0x7AF1, "\x7a\x68\x20\x75\xc7\x8e\x6e"},
    {0x7AF2, "\x63\x20\xc3\xa9\x6e\x67"},
    {0x7AF3, "\x64\x20\xc4\x93\x6e\x67"},
    {0x7AF4, "\x63\x20\xc5\xab\x6e"},
    {0x7AF5, "\x77\x20\xc4\x81\x69"},
    {0x7AF6, "\x6a\x20\xc3\xac\x6e\x67"},
    {0x7AF7, "\x6b\x20\xc7\x8e\x6e"},
    {0x7AF8, "\x6a\x20\xc3\xac\x6e\x67"},
    {0x7AF9, "\x7a\x68\x20\xc3\xba"},
    {0x7AFA, "\x7a\x68\x20\xc3\xba"},
    {0x7AFB, "\x6c\x20\xc3\xa8"},
    {0x7AFC, "\x70\x20\xc3\xa9\x6e\x67"},
    {0x7AFD, "\x79\x20\xc3\xba"},
    {0x7AFE, "\x63\x68\x20\xc3\xad"},
    {0x7AFF, "\x67\x20\xc4\x81\x6e"},
    {0x7B00, "\x6d\x20\xc3\xa1\x6e\x67"},
    {0x7B01, "\x7a\x68\x20\xc3\xba"},
    {0x7B02, "\x77\x20\xc3\xa1\x6e"},
    {0x7B03, "\x64\x20\xc7\x94"},
    {0x7B04, "\x6a\x20\xc4\xab"},
    {0x7B05, "\x6a\x20\x69\xc7\x8e\x6f"},
    {0x7B06, "\x62\x20\xc4\x81"},
    {0x7B07, "\x73\x20\x75\xc3\xa0\x6e"},
    {0x7B08, "\x6a\x20\xc3\xad"},
    {0x7B09, "\x71\x20\xc7\x90\x6e"},
    {0x7B0A, "\x7a\x68\x20\xc3\xa0\x6f"},
    {0x7B0B, "\x73\x20\xc7\x94\x6e"},
    {0x7B0C, "\x79\x20\xc3\xa1"},
    {0x7B0D, "\x7a\x68\x20\x75\xc3\xac"},
    {0x7B0E, "\x79\x20\x75\xc3\xa1\x6e"},
    {0x7B0F, "\x68\x20\xc3\xb9"},
    {0x7B10, "\x68\x20\xc3\xa1\x6e\x67"},
    {0x7B11, "\x78\x20\x69\xc3\xa0\x6f"},
    {0x7B12, "\x63\x20\xc3\xa9\x6e"},
    {0x7B13, "\x62\x20\xc3\xac"},
    {0x7B14, "\x62\x20\xc7\x90"},
    {0x7B15, "\x6a\x20\x69\xc7\x8e\x6e"},
    {0x7B16, "\x79\x20\xc7\x90"},
    {0x7B17, "\x64\x20\xc5\x8d\x6e\x67"},
    {0x7B18, "\x73\x68\x20\xc4\x81\x6e"},
    {0x7B19, "\x73\x68\x20\xc4\x93\x6e\x67"},
    {0x7B1A, "\x64\x20\xc4\x81"},
    {0x7B1B, "\x64\x20\xc3\xad"},
    {0x7B1C, "\x7a\x68\x20\xc3\xba"},
    {0x7B1D, "\x6e\x20\xc3\xa0"},
    {0x7B1E, "\x63\x68\x20\xc4\xab"},
    {0x7B1F, "\x67\x20\xc5\xab"},
    {0x7B20, "\x6c\x20\xc3\xac"},
    {0x7B21, "\x71\x20\x69\xc3\xa8"},
    {0x7B22, "\x6d\x20\xc7\x90\x6e"},
    {0x7B23, "\x62\x20\xc4\x81\x6f"},
    {0x7B24, "\x74\x20\x69\xc3\xa1\x6f"},
    {0x7B25, "\x73\x20\xc3\xac"},
    {0x7B26, "\x66\x20\xc3\xba"},
    {0x7B27, "\x63\x20\xc3\xa8"},
    {0x7B28, "\x62\x20\xc3\xa8\x6e"},
    {0x7B29, "\x66\x20\xc3\xa1"},
    {0x7B2A, "\x64\x20\xc3\xa1"},
    {0x7B2B, "\x7a\x20\xc7\x90"},
    {0x7B2C, "\x64\x20\xc3\xac"},
    {0x7B2D, "\x6c\x20\xc3\xad\x6e\x67"},
    {0x7B2E, "\x7a\x20\xc3\xa9"},
    {0x7B2F, "\x6e\x20\xc3\xba"},
    {0x7B30, "\x66\x20\xc3\xba"},
    {0x7B31, "\x67\x20\xc7\x92\x75"},
    {0x7B32, "\x66\x20\xc3\xa1\x6e"},
    {0x7B33, "\x6a\x20\x69\xc4\x81"},
    {0x7B34, "\x67\x20\xc7\x8e\x6e"},
    {0x7B35, "\x66\x20\xc3\xa0\x6e"},
    {0x7B36, "\x73\x68\x20\xc7\x90"},
    {0x7B37, "\x6d\x20\xc7\x8e\x6f"},
    {0x7B38, "\x70\x20\xc7\x92"},
    {0x7B39, "\x74\x20\xc3\xac"},
    {0x7B3A, "\x6a\x20\x69\xc4\x81\x6e"},
    {0x7B3B, "\x71\x20\x69\xc3\xb3\x6e\x67"},
    {0x7B3C, "\x6c\x20\xc3\xb3\x6e\x67"},
    {0x7B3D, "\x6d\x20\xc7\x90\x6e"},
    {0x7B3E, "\x62\x20\x69\xc4\x81\x6e"},
    {0x7B3F, "\x6c\x20\x75\xc3\xb2"},
    {0x7B40, "\x67\x20\x75\xc3\xac"},
    {0x7B41, "\x71\x20\xc5\xab"},
    {0x7B42, "\x63\x68\x20\xc3\xad"},
    {0x7B43, "\x79\x20\xc4\xab\x6e"},
    {0x7B44, "\x79\x20\xc3\xa0\x6f"},
    {0x7B45, "\x78\x20\x69\xc7\x8e\x6e"},
    {0x7B46, "\x62\x20\xc7\x90"},
    {0x7B47, "\x71\x20\x69\xc3\xb3\x6e\x67"},
    {0x7B48, "\x6b\x20\x75\xc3\xb2"},
    {0x7B49, "\x64\x20\xc4\x9b\x6e\x67"},
    {0x7B4A, "\x78\x20\x69\xc3\xa1\x6f"},
    {0x7B4B, "\x6a\x20\xc4\xab\x6e"},
    {0x7B4C, "\x71\x20\x75\xc3\xa1\x6e"},
    {0x7B4D, "\x73\x20\xc7\x94\x6e"},
    {0x7B4E, "\x72\x20\xc3\xba"},
    {0x7B4F, "\x66\x20\xc3\xa1"},
    {0x7B50, "\x6b\x20\x75\xc4\x81\x6e\x67"},
    {0x7B51, "\x7a\x68\x20\xc3\xb9"},
    {0x7B52, "\x74\x20\xc7\x92\x6e\x67"},
    {0x7B53, "\x6a\x20\xc4\xab"},
    {0x7B54, "\x64\x20\xc3\xa1"},
    {0x7B55, "\x68\x20\xc3\xa1\x6e\x67"},
    {0x7B56, "\x63\x20\xc3\xa8"},
    {0x7B57, "\x7a\x68\x20\xc3\xb2\x6e\x67"},
    {0x7B58, "\x6b\x20\xc3\xb2\x75"},
    {0x7B59, "\x6c\x20\xc3\xa1\x69"},
    {0x7B5A, "\x62\x20\xc3\xac"},
    {0x7B5B, "\x73\x68\x20\xc4\x81\x69"},
    {0x7B5C, "\x64\x20\xc4\x81\x6e\x67"},
    {0x7B5D, "\x7a\x68\x20\xc4\x93\x6e\x67"},
    {0x7B5E, "\x63\x20\xc3\xa8"},
    {0x7B5F, "\x66\x20\xc5\xab"},
    {0x7B60, "\x79\x20\xc3\xba\x6e"},
    {0x7B61, "\x74\x20\xc3\xba"},
    {0x7B62, "\x70\x20\xc3\xa1"},
    {0x7B63, "\x6c\x20\xc3\xad"},
    {0x7B64, "\x6c\x20\xc3\xa1\x6e\x67"},
    {0x7B65, "\x6a\x20\xc7\x94"},
    {0x7B66, "\x67\x20\x75\xc7\x8e\x6e"},
    {0x7B67, "\x6a\x20\x69\xc7\x8e\x6e"},
    {0x7B68, "\x68\x20\xc3\xa1\x6e"},
    {0x7B69, "\x74\x20\xc3\xb3\x6e\x67"},
    {0x7B6A, "\x78\x20\x69\xc3\xa1"},
    {0x7B6B, "\x7a\x68\x20\xc3\xac"},
    {0x7B6C, "\x63\x68\x20\xc3\xa9\x6e\x67"},
    {0x7B6D, "\x73\x20\x75\xc3\xa0\x6e"},
    {0x7B6E, "\x73\x68\x20\xc3\xac"},
    {0x7B6F, "\x7a\x68\x20\xc3\xb9"},
    {0x7B70, "\x7a\x20\x75\xc3\xb3"},
    {0x7B71, "\x78\x20\x69\xc7\x8e\x6f"},
    {0x7B72, "\x73\x68\x20\xc4\x81\x6f"},
    {0x7B73, "\x74\x20\xc3\xad\x6e\x67"},
    {0x7B74, "\x63\x20\xc3\xa8"},
    {0x7B75, "\x79\x20\xc3\xa1\x6e"},
    {0x7B76, "\x67\x20\xc3\xa0\x6f"},
    {0x7B77, "\x6b\x20\x75\xc3\xa0\x69"},
    {0x7B78, "\x67\x20\xc4\x81\x6e"},
    {0x7B79, "\x63\x68\x20\xc3\xb3\x75"},
    {0x7B7A, "\x6b\x20\x75\xc4\x81\x6e\x67"},
    {0x7B7B, "\x67\x20\xc3\xa0\x6e\x67"},
    {0x7B7C, "\x79\x20\xc3\xba\x6e"},
    {0x7B7D, "\xc5\x8d\x75"},
    {0x7B7E, "\x71\x20\x69\xc4\x81\x6e"},
    {0x7B7F, "\x78\x20\x69\xc7\x8e\x6f"},
    {0x7B80, "\x6a\x20\x69\xc7\x8e\x6e"},
    {0x7B81, "\x70\x20\xc3\xb3\x75"},
    {0x7B82, "\x6c\x20\xc3\xa1\x69"},
    {0x7B83, "\x7a\x20\xc5\x8d\x75"},
    {0x7B84, "\x62\x20\xc7\x90"},
    {0x7B85, "\x62\x20\xc3\xac"},
    {0x7B86, "\x62\x20\xc3\xac"},
    {0x7B87, "\x67\x20\xc3\xa8"},
    {0x7B88, "\x74\x20\xc3\xa1\x69"},
    {0x7B89, "\x67\x20\x75\xc7\x8e\x69"},
    {0x7B8A, "\x79\x20\xc5\xab"},
    {0x7B8B, "\x6a\x20\x69\xc4\x81\x6e"},
    {0x7B8C, "\x64\x20\xc3\xa0\x6f"},
    {0x7B8D, "\x67\x20\xc5\xab"},
    {0x7B8E, "\x63\x68\x20\xc3\xad"},
    {0x7B8F, "\x7a\x68\x20\xc4\x93\x6e\x67"},
    {0x7B90, "\x71\x20\xc3\xac\x6e\x67"},
    {0x7B91, "\x73\x68\x20\xc3\xa0"},
    {0x7B92, "\x7a\x68\x20\xc7\x92\x75"},
    {0x7B93, "\x6c\x20\xc3\xb9"},
    {0x7B94, "\x62\x20\xc3\xb3"},
    {0x7B95, "\x6a\x20\xc4\xab"},
    {0x7B96, "\x6c\x20\xc3\xad\x6e"},
    {0x7B97, "\x73\x20\x75\xc3\xa0\x6e"},
    {0x7B98, "\x6a\x20\xc3\xb9\x6e"},
    {0x7B99, "\x66\x20\xc3\xba"},
    {0x7B9A, "\x7a\x68\x20\xc3\xa1"},
    {0x7B9B, "\x67\x20\xc5\xab"},
    {0x7B9C, "\x6b\x20\xc5\x8d\x6e\x67"},
    {0x7B9D, "\x71\x20\x69\xc3\xa1\x6e"},
    {0x7B9E, "\x71\x20\x69\xc4\x81\x6e"},
    {0x7B9F, "\x6a\x20\xc3\xb9\x6e"},
    {0x7BA0, "\x63\x68\x20\x75\xc3\xad"},
    {0x7BA1, "\x67\x20\x75\xc7\x8e\x6e"},
    {0x7BA2, "\x79\x20\x75\xc4\x81\x6e"},
    {0x7BA3, "\x63\x20\xc3\xa8"},
    {0x7BA4, "\x7a\x20\xc3\xba"},
    {0x7BA5, "\x62\x20\xc7\x92"},
    {0x7BA6, "\x7a\x20\xc3\xa9"},
    {0x7BA7, "\x71\x20\x69\xc3\xa8"},
    {0x7BA8, "\x74\x20\x75\xc3\xb2"},
    {0x7BA9, "\x6c\x20\x75\xc3\xb3"},
    {0x7BAA, "\x64\x20\xc4\x81\x6e"},
    {0x7BAB, "\x78\x20\x69\xc4\x81\x6f"},
    {0x7BAC, "\x72\x20\x75\xc3\xb2"},
    {0x7BAD, "\x6a\x20\x69\xc3\xa0\x6e"},
    {0x7BAE, "\x78\x20\x75\xc4\x81\x6e"},
    {0x7BAF, "\x62\x20\x69\xc4\x81\x6e"},
    {0x7BB0, "\x73\x20\xc7\x94\x6e"},
    {0x7BB1, "\x78\x20\x69\xc4\x81\x6e\x67"},
    {0x7BB2, "\x78\x20\x69\xc7\x8e\x6e"},
    {0x7BB3, "\x70\x20\xc3\xad\x6e\x67"},
    {0x7BB4, "\x7a\x68\x20\xc4\x93\x6e"},
    {0x7BB5, "\x78\x20\xc4\xab\x6e\x67"},
    {0x7BB6, "\x68\x20\xc3\xba"},
    {0x7BB7, "\x79\x20\xc3\xad"},
    {0x7BB8, "\x7a\x68\x20\xc3\xb9"},
    {0x7BB9, "\x79\x20\x75\xc4\x93"},
    {0x7BBA, "\x63\x68\x20\xc5\xab\x6e"},
    {0x7BBB, "\x6c\x20\xc7\x9c"},
    {0x7BBC, "\x77\x20\xc5\xab"},
    {0x7BBD, "\x64\x20\xc7\x92\x6e\x67"},
    {0x7BBE, "\x73\x68\x20\x75\xc3\xb2"},
    {0x7BBF, "\x6a\x20\xc3\xad"},
    {0x7BC0, "\x6a\x20\x69\xc3\xa9"},
    {0x7BC1, "\x68\x20\x75\xc3\xa1\x6e\x67"},
    {0x7BC2, "\x78\x20\xc4\xab\x6e\x67"},
    {0x7BC3, "\x6d\x20\xc3\xa8\x69"},
    {0x7BC4, "\x66\x20\xc3\xa0\x6e"},
    {0x7BC5, "\x63\x68\x20\x75\xc3\xa1\x6e"},
    {0x7BC6, "\x7a\x68\x20\x75\xc3\xa0\x6e"},
    {0x7BC7, "\x70\x20\x69\xc4\x81\x6e"},
    {0x7BC8, "\x66\x20\xc4\x93\x6e\x67"},
    {0x7BC9, "\x7a\x68\x20\xc3\xb9"},
    {0x7BCA, "\x68\x20\x75\xc3\xa1\x6e\x67"},
    {0x7BCB, "\x71\x20\x69\xc3\xa8"},
    {0x7BCC, "\x68\x20\xc3\xb3\x75"},
    {0x7BCD, "\x71\x20\x69\xc5\xab"},
    {0x7BCE, "\x6d\x20\x69\xc7\x8e\x6f"},
    {0x7BCF, "\x71\x20\x69\xc3\xa0\x6e"},
    {0x7BD0, "\x67\x20\xc5\xab"},
    {0x7BD1, "\x6b\x20\x75\xc3\xac"},
    {0x7BD2, "\x73\x68\x20\x69"},
    {0x7BD3, "\x6c\x20\xc7\x92\x75"},
    {0x7BD4, "\x79\x20\xc3\xba\x6e"},
    {0x7BD5, "\x68\x20\xc3\xa9"},
    {0x7BD6, "\x74\x20\xc3\xa1\x6e\x67"},
    {0x7BD7, "\x79\x20\x75\xc3\xa8"},
    {0x7BD8, "\x63\x68\x20\xc5\x8d\x75"},
    {0x7BD9, "\x67\x20\xc4\x81\x6f"},
    {0x7BDA, "\x66\x20\xc4\x9b\x69"},
    {0x7BDB, "\x72\x20\x75\xc3\xb2"},
    {0x7BDC, "\x7a\x68\x20\xc4\x93\x6e\x67"},
    {0x7BDD, "\x67\x20\xc5\x8d\x75"},
    {0x7BDE, "\x6e\x20\x69\xc3\xa8"},
    {0x7BDF, "\x71\x20\x69\xc3\xa0\x6e"},
    {0x7BE0, "\x78\x20\x69\xc7\x8e\x6f"},
    {0x7BE1, "\x63\x20\x75\xc3\xa0\x6e"},
    {0x7BE2, "\x6c\x20\xc7\x92\x6e\x67"},
    {0x7BE3, "\x70\x20\xc3\xa9\x6e\x67"},
    {0x7BE4, "\x64\x20\xc7\x94"},
    {0x7BE5, "\x6c\x20\xc3\xac"},
    {0x7BE6, "\x62\x20\xc3\xac"},
    {0x7BE7, "\x7a\x68\x20\x75\xc3\xb3"},
    {0x7BE8, "\x63\x68\x20\xc3\xba"},
    {0x7BE9, "\x73\x68\x20\xc4\x81\x69"},
    {0x7BEA, "\x63\x68\x20\xc3\xad"},
    {0x7BEB, "\x7a\x68\x20\xc3\xb9"},
    {0x7BEC, "\x71\x20\x69\xc4\x81\x6e\x67"},
    {0x7BED, "\x6c\x20\xc3\xb3\x6e\x67"},
    {0x7BEE, "\x6c\x20\xc3\xa1\x6e"},
    {0x7BEF, "\x6a\x20\x69\xc4\x81\x6e"},
    {0x7BF0, "\x62\x20\xc3\xb9"},
    {0x7BF1, "\x6c\x20\xc3\xad"},
    {0x7BF2, "\x68\x20\x75\xc3\xac"},
    {0x7BF3, "\x62\x20\xc3\xac"},
    {0x7BF4, "\x64\x20\xc3\xad"},
    {0x7BF5, "\x63\x20\xc5\x8d\x6e\x67"},
    {0x7BF6, "\x79\x20\xc4\x81\x6e"},
    {0x7BF7, "\x70\x20\xc3\xa9\x6e\x67"},
    {0x7BF8, "\x63\x20\xc7\x8e\x6e"},
    {0x7BF9, "\x7a\x68\x20\x75\xc3\xa0\x6e"},
    {0x7BFA, "\x70\x20\xc3\xad"},
    {0x7BFB, "\x70\x20\x69\xc7\x8e\x6f"},
    {0x7BFC, "\x64\x20\xc5\x8d\x75"},
    {0x7BFD, "\x79\x20\xc3\xb9"},
    {0x7BFE, "\x6d\x20\x69\xc3\xa8"},
    {0x7BFF, "\x74\x20\x75\xc3\xa1\x6e"},
    {0x7C00, "\x7a\x20\xc3\xa9"},
    {0x7C01, "\x73\x68\x20\xc4\x81\x69"},
    {0x7C02, "\x67\x20\x75\xc3\xac"},
    {0x7C03, "\x79\x20\xc3\xad"},
    {0x7C04, "\x68\x20\xc3\xb9"},
    {0x7C05, "\x63\x68\x20\xc7\x8e\x6e"},
    {0x7C06, "\x6b\x20\xc3\xb2\x75"},
    {0x7C07, "\x63\x20\xc3\xb9"},
    {0x7C08, "\x70\x20\xc3\xad\x6e\x67"},
    {0x7C09, "\x7a\x20\xc3\xa0\x6f"},
    {0x7C0A, "\x6a\x20\xc4\xab"},
    {0x7C0B, "\x67\x20\x75\xc7\x90"},
    {0x7C0C, "\x73\x20\xc3\xb9"},
    {0x7C0D, "\x6c\x20\xc7\x92\x75"},
    {0x7C0E, "\x63\x20\xc3\xa8"},
    {0x7C0F, "\x6c\x20\xc3\xb9"},
    {0x7C10, "\x6e\x20\x69\xc7\x8e\x6e"},
    {0x7C11, "\x73\x20\x75\xc5\x8d"},
    {0x7C12, "\x63\x20\x75\xc3\xa0\x6e"},
    {0x7C13, "\x64\x20\x69\xc4\x81\x6f"},
    {0x7C14, "\x73\x20\x75\xc5\x8d"},
    {0x7C15, "\x6c\x20\xc3\xa8"},
    {0x7C16, "\x64\x20\x75\xc3\xa0\x6e"},
    {0x7C17, "\x7a\x68\x20\xc3\xb9"},
    {0x7C18, "\x78\x20\x69\xc4\x81\x6f"},
    {0x7C19, "\x62\x20\xc3\xb3"},
    {0x7C1A, "\x6d\x20\xc3\xac"},
    {0x7C1B, "\x73\x68\x20\xc4\x81\x69"},
    {0x7C1C, "\x64\x20\xc3\xa0\x6e\x67"},
    {0x7C1D, "\x6c\x20\x69\xc3\xa1\x6f"},
    {0x7C1E, "\x64\x20\xc4\x81\x6e"},
    {0x7C1F, "\x64\x20\x69\xc3\xa0\x6e"},
    {0x7C20, "\x66\x20\xc7\x94"},
    {0x7C21, "\x6a\x20\x69\xc7\x8e\x6e"},
    {0x7C22, "\x6d\x20\xc7\x90\x6e"},
    {0x7C23, "\x6b\x20\x75\xc3\xac"},
    {0x7C24, "\x64\x20\xc3\xa0\x69"},
    {0x7C25, "\x6a\x20\x69\xc4\x81\x6f"},
    {0x7C26, "\x64\x20\xc4\x93\x6e\x67"},
    {0x7C27, "\x68\x20\x75\xc3\xa1\x6e\x67"},
    {0x7C28, "\x73\x20\xc7\x94\x6e"},
    {0x7C29, "\x6c\x20\xc3\xa1\x6f"},
    {0x7C2A, "\x7a\x20\xc4\x81\x6e"},
    {0x7C2B, "\x78\x20\x69\xc4\x81\x6f"},
    {0x7C2C, "\x6c\x20\xc3\xb9"},
    {0x7C2D, "\x73\x68\x20\xc3\xac"},
    {0x7C2E, "\x7a\x20\xc4\x81\x6e"},
    {0x7C2F, "\x71\x20\x69"},
    {0x7C30, "\x70\x20\xc3\xa1\x69"},
    {0x7C31, "\x71\x20\xc3\xad"},
    {0x7C32, "\x70\x20\xc3\xa1\x69"},
    {0x7C33, "\x67\x20\xc7\x8e\x6e"},
    {0x7C34, "\x6a\x20\xc3\xb9"},
    {0x7C35, "\x6c\x20\xc3\xb9"},
    {0x7C36, "\x6c\x20\xc3\xb9"},
    {0x7C37, "\x79\x20\xc3\xa1\x6e"},
    {0x7C38, "\x62\x20\xc7\x92"},
    {0x7C39, "\x64\x20\xc4\x81\x6e\x67"},
    {0x7C3A, "\x73\x20\xc3\xa0\x69"},
    {0x7C3B, "\x7a\x68\x20\x75\xc4\x81"},
    {0x7C3C, "\x67\x20\xc5\x8d\x75"},
    {0x7C3D, "\x71\x20\x69\xc4\x81\x6e"},
    {0x7C3E, "\x6c\x20\x69\xc3\xa1\x6e"},
    {0x7C3F, "\x62\x20\xc3\xb9"},
    {0x7C40, "\x7a\x68\x20\xc3\xb2\x75"},
    {0x7C41, "\x6c\x20\xc3\xa0\x69"},
    {0x7C42, "\x73\x68\x20\x69"},
    {0x7C43, "\x6c\x20\xc3\xa1\x6e"},
    {0x7C44, "\x6b\x20\x75\xc3\xac"},
    {0x7C45, "\x79\x20\xc3\xba"},
    {0x7C46, "\x79\x20\x75\xc3\xa8"},
    {0x7C47, "\x68\x20\xc3\xa1\x6f"},
    {0x7C48, "\x7a\x68\x20\xc4\x93\x6e"},
    {0x7C49, "\x74\x20\xc3\xa1\x69"},
    {0x7C4A, "\x74\x20\xc3\xac"},
    {0x7C4B, "\x6e\x20\x69\xc3\xa8"},
    {0x7C4C, "\x63\x68\x20\xc3\xb3\x75"},
    {0x7C4D, "\x6a\x20\xc3\xad"},
    {0x7C4E, "\x79\x20\xc3\xad"},
    {0x7C4F, "\x71\x20\xc3\xad"},
    {0x7C50, "\x74\x20\xc3\xa9\x6e\x67"},
    {0x7C51, "\x7a\x68\x20\x75\xc3\xa0\x6e"},
    {0x7C52, "\x7a\x68\x20\xc3\xb2\x75"},
    {0x7C53, "\x66\x20\xc4\x81\x6e"},
    {0x7C54, "\x73\x20\xc7\x92\x75"},
    {0x7C55, "\x7a\x68\x20\xc3\xb2\x75"},
    {0x7C56, "\x71\x20\x69\x61\x6e"},
    {0x7C57, "\x7a\x68\x20\x75\xc3\xb3"},
    {0x7C58, "\x74\x20\xc3\xa9\x6e\x67"},
    {0x7C59, "\x6c\x20\xc3\xb9"},
    {0x7C5A, "\x6c\x20\xc3\xba"},
    {0x7C5B, "\x6a\x20\x69\xc7\x8e\x6e"},
    {0x7C5C, "\x74\x20\x75\xc3\xb2"},
    {0x7C5D, "\x79\x20\xc3\xad\x6e\x67"},
    {0x7C5E, "\x79\x20\xc3\xb9"},
    {0x7C5F, "\x6c\x20\xc3\xa0\x69"},
    {0x7C60, "\x6c\x20\xc3\xb3\x6e\x67"},
    {0x7C61, "\x71\x20\x69\xc3\xa8"},
    {0x7C62, "\x6c\x20\x69\xc3\xa1\x6e"},
    {0x7C63, "\x6c\x20\xc3\xa1\x6e"},
    {0x7C64, "\x71\x20\x69\xc4\x81\x6e"},
    {0x7C65, "\x79\x20\x75\xc3\xa8"},
    {0x7C66, "\x7a\x68\x20\xc5\x8d\x6e\x67"},
    {0x7C67, "\x71\x20\xc3\xba"},
    {0x7C68, "\x6c\x20\x69\xc3\xa1\x6e"},
    {0x7C69, "\x62\x20\x69\xc4\x81\x6e"},
    {0x7C6A, "\x64\x20\x75\xc3\xa0\x6e"},
    {0x7C6B, "\x7a\x20\x75\xc7\x8e\x6e"},
    {0x7C6C, "\x6c\x20\xc3\xad"},
    {0x7C6D, "\x73\x20\xc4\xab"},
    {0x7C6E, "\x6c\x20\x75\xc3\xb3"},
    {0x7C6F, "\x79\x20\xc3\xad\x6e\x67"},
    {0x7C70, "\x79\x20\x75\xc3\xa8"},
    {0x7C71, "\x7a\x68\x20\x75\xc3\xb3"},
    {0x7C72, "\x79\x20\xc3\xb9"},
    {0x7C73, "\x6d\x20\xc7\x90"},
    {0x7C74, "\x64\x20\xc3\xad"},
    {0x7C75, "\x66\x20\xc3\xa1\x6e"},
    {0x7C76, "\x73\x68\x20\xc4\x93\x6e"},
    {0x7C77, "\x7a\x68\x20\xc3\xa9"},
    {0x7C78, "\x73\x68\x20\xc4\x93\x6e"},
    {0x7C79, "\x6e\x20\xc7\x9a"},
    {0x7C7A, "\x68\x20\xc3\xa9"},
    {0x7C7B, "\x6c\x20\xc3\xa8\x69"},
    {0x7C7C, "\x78\x20\x69\xc4\x81\x6e"},
    {0x7C7D, "\x7a\x20\xc7\x90"},
    {0x7C7E, "\x6e\x20\xc3\xad"},
    {0x7C7F, "\x63\x20\xc3\xb9\x6e"},
    {0x7C80, "\x7a\x68\x20\xc3\xa0\x6e\x67"},
    {0x7C81, "\x71\x20\x69\xc4\x81\x6e"},
    {0x7C82, "\x7a\x68\x20\xc4\x81\x69"},
    {0x7C83, "\x62\x20\xc7\x90"},
    {0x7C84, "\x62\x20\xc7\x8e\x6e"},
    {0x7C85, "\x77\x20\xc3\xb9"},
    {0x7C86, "\x73\x68\x20\xc4\x81"},
    {0x7C87, "\x6b\x20\xc4\x81\x6e\x67"},
    {0x7C88, "\x72\x20\xc3\xb3\x75"},
    {0x7C89, "\x66\x20\xc4\x9b\x6e"},
    {0x7C8A, "\x62\x20\xc3\xac"},
    {0x7C8B, "\x63\x20\x75\xc3\xac"},
    {0x7C8C, "\x79\x20\x69\x6e"},
    {0x7C8D, "\x7a\x68\x20\xc3\xa9"},
    {0x7C8E, "\x6d\x20\xc7\x90"},
    {0x7C8F, "\x74\x20\x61\x69"},
    {0x7C90, "\x68\x20\xc3\xb9"},
    {0x7C91, "\x62\x20\xc4\x81"},
    {0x7C92, "\x6c\x20\xc3\xac"},
    {0x7C93, "\x67\x20\xc4\x81\x6e"},
    {0x7C94, "\x6a\x20\xc3\xb9"},
    {0x7C95, "\x70\x20\xc3\xb2"},
    {0x7C96, "\x6d\x20\xc3\xb2"},
    {0x7C97, "\x63\x20\xc5\xab"},
    {0x7C98, "\x7a\x68\x20\xc4\x81\x6e"},
    {0x7C99, "\x7a\x68\x20\xc3\xb2\x75"},
    {0x7C9A, "\x63\x68\x20\xc4\xab"},
    {0x7C9B, "\x73\x20\xc3\xb9"},
    {0x7C9C, "\x74\x20\x69\xc3\xa0\x6f"},
    {0x7C9D, "\x6c\x20\xc3\xac"},
    {0x7C9E, "\x78\x20\xc4\xab"},
    {0x7C9F, "\x73\x20\xc3\xb9"},
    {0x7CA0, "\x68\x20\xc3\xb3\x6e\x67"},
    {0x7CA1, "\x74\x20\xc3\xb3\x6e\x67"},
    {0x7CA2, "\x7a\x20\xc4\xab"},
    {0x7CA3, "\x63\x20\xc3\xa8"},
    {0x7CA4, "\x79\x20\x75\xc3\xa8"},
    {0x7CA5, "\x7a\x68\x20\xc5\x8d\x75"},
    {0x7CA6, "\x6c\x20\xc3\xad\x6e"},
    {0x7CA7, "\x7a\x68\x20\x75\xc4\x81\x6e\x67"},
    {0x7CA8, "\x62\x20\xc7\x8e\x69"},
    {0x7CA9, "\x6c\x20\xc4\x81\x6f"},
    {0x7CAA, "\x66\x20\xc3\xa8\x6e"},
    {0x7CAB, "\xc3\xa9\x72"},
    {0x7CAC, "\x71\x20\xc5\xab"},
    {0x7CAD, "\x68\x20\xc3\xa9"},
    {0x7CAE, "\x6c\x20\x69\xc3\xa1\x6e\x67"},
    {0x7CAF, "\x78\x20\x69\xc3\xa0\x6e"},
    {0x7CB0, "\x66\x20\xc3\xba"},
    {0x7CB1, "\x6c\x20\x69\xc3\xa1\x6e\x67"},
    {0x7CB2, "\x63\x20\xc3\xa0\x6e"},
    {0x7CB3, "\x6a\x20\xc4\xab\x6e\x67"},
    {0x7CB4, "\x6c\x20\xc7\x90"},
    {0x7CB5, "\x79\x20\x75\xc3\xa8"},
    {0x7CB6, "\x6c\x20\xc3\xb9"},
    {0x7CB7, "\x6a\x20\xc3\xba"},
    {0x7CB8, "\x71\x20\xc3\xad"},
    {0x7CB9, "\x63\x20\x75\xc3\xac"},
    {0x7CBA, "\x62\x20\xc3\xa0\x69"},
    {0x7CBB, "\x7a\x68\x20\xc4\x81\x6e\x67"},
    {0x7CBC, "\x6c\x20\xc3\xad\x6e"},
    {0x7CBD, "\x7a\x20\xc3\xb2\x6e\x67"},
    {0x7CBE, "\x6a\x20\xc4\xab\x6e\x67"},
    {0x7CBF, "\x67\x20\x75\xc7\x92"},
    {0x7CC0, "\x68\x20\x75\xc4\x81"},
    {0x7CC1, "\x73\x20\xc7\x8e\x6e"},
    {0x7CC2, "\x73\x20\xc7\x8e\x6e"},
    {0x7CC3, "\x74\x20\xc3\xa1\x6e\x67"},
    {0x7CC4, "\x62\x20\x69\xc7\x8e\x6e"},
    {0x7CC5, "\x72\x20\xc3\xb3\x75"},
    {0x7CC6, "\x6d\x20\x69\xc3\xa0\x6e"},
    {0x7CC7, "\x68\x20\xc3\xb3\x75"},
    {0x7CC8, "\x78\x20\xc7\x94"},
    {0x7CC9, "\x7a\x20\xc3\xb2\x6e\x67"},
    {0x7CCA, "\x68\x20\xc3\xba"},
    {0x7CCB, "\x6a\x20\x69\xc3\xa0\x6e"},
    {0x7CCC, "\x7a\x20\xc4\x81\x6e"},
    {0x7CCD, "\x63\x20\xc3\xad"},
    {0x7CCE, "\x6c\x20\xc3\xad"},
    {0x7CCF, "\x78\x20\x69\xc3\xa8"},
    {0x7CD0, "\x66\x20\xc5\xab"},
    {0x7CD1, "\x6e\x20\x75\xc3\xb2"},
    {0x7CD2, "\x62\x20\xc3\xa8\x69"},
    {0x7CD3, "\x67\x20\xc7\x94"},
    {0x7CD4, "\x78\x20\x69\xc7\x94"},
    {0x7CD5, "\x67\x20\xc4\x81\x6f"},
    {0x7CD6, "\x74\x20\xc3\xa1\x6e\x67"},
    {0x7CD7, "\x71\x20\x69\xc7\x94"},
    {0x7CD8, "\x6a\x20\x69\xc4\x81"},
    {0x7CD9, "\x63\x20\xc4\x81\x6f"},
    {0x7CDA, "\x7a\x68\x20\x75\xc4\x81\x6e\x67"},
    {0x7CDB, "\x74\x20\xc3\xa1\x6e\x67"},
    {0x7CDC, "\x6d\x20\xc3\xad"},
    {0x7CDD, "\x73\x20\xc7\x8e\x6e"},
    {0x7CDE, "\x66\x20\xc3\xa8\x6e"},
    {0x7CDF, "\x7a\x20\xc4\x81\x6f"},
    {0x7CE0, "\x6b\x20\xc4\x81\x6e\x67"},
    {0x7CE1, "\x6a\x20\x69\xc3\xa0\x6e\x67"},
    {0x7CE2, "\x6d\x20\xc3\xb3"},
    {0x7CE3, "\x73\x20\xc7\x8e\x6e"},
    {0x7CE4, "\x73\x20\xc7\x8e\x6e"},
    {0x7CE5, "\x6e\x20\x75\xc3\xb2"},
    {0x7CE6, "\x78\x20\xc4\xab"},
    {0x7CE7, "\x6c\x20\x69\xc3\xa1\x6e\x67"},
    {0x7CE8, "\x6a\x20\x69\xc3\xa0\x6e\x67"},
    {0x7CE9, "\x6b\x20\x75\xc3\xa0\x69"},
    {0x7CEA, "\x62\x20\xc3\xb2"},
    {0x7CEB, "\x68\x20\x75\xc3\xa1\x6e"},
    {0x7CEC, "\x73\x68\x20\xc7\x94"},
    {0x7CED, "\x7a\x20\xc3\xb2\x6e\x67"},
    {0x7CEE, "\x78\x20\x69\xc3\xa0\x6e"},
    {0x7CEF, "\x6e\x20\x75\xc3\xb2"},
    {0x7CF0, "\x74\x20\x75\xc3\xa1\x6e"},
    {0x7CF1, "\x6e\x20\x69\xc3\xa8"},
    {0x7CF2, "\x6c\x20\xc3\xac"},
    {0x7CF3, "\x7a\x20\x75\xc3\xb2"},
    {0x7CF4, "\x64\x20\xc3\xad"},
    {0x7CF5, "\x6e\x20\x69\xc3\xa8"},
    {0x7CF6, "\x74\x20\x69\xc3\xa0\x6f"},
    {0x7CF7, "\x6c\x20\xc3\xa0\x6e"},
    {0x7CF8, "\x6d\x20\xc3\xac"},
    {0x7CF9, "\x73\x20\xc4\xab"},
    {0x7CFA, "\x6a\x20\x69\xc5\xab"},
    {0x7CFB, "\x78\x20\xc3\xac"},
    {0x7CFC, "\x67\x20\xc5\x8d\x6e\x67"},
    {0x7CFD, "\x7a\x68\x20\xc4\x9b\x6e\x67"},
    {0x7CFE, "\x6a\x20\x69\xc5\xab"},
    {0x7CFF, "\x79\x20\xc3\xb2\x75"},
    {0x7D00, "\x6a\x20\xc3\xac"},
    {0x7D01, "\x63\x68\x20\xc3\xa0"},
    {0x7D02, "\x7a\x68\x20\xc3\xb2\x75"},
    {0x7D03, "\x78\x20\xc3\xba\x6e"},
    {0x7D04, "\x79\x20\x75\xc4\x93"},
    {0x7D05, "\x68\x20\xc3\xb3\x6e\x67"},
    {0x7D06, "\x79\x20\xc5\xab"},
    {0x7D07, "\x68\x20\xc3\xa9"},
    {0x7D08, "\x77\x20\xc3\xa1\x6e"},
    {0x7D09, "\x72\x20\xc3\xa8\x6e"},
    {0x7D0A, "\x77\x20\xc4\x9b\x6e"},
    {0x7D0B, "\x77\x20\xc3\xa9\x6e"},
    {0x7D0C, "\x71\x20\x69\xc3\xba"},
    {0x7D0D, "\x6e\x20\xc3\xa0"},
    {0x7D0E, "\x7a\x20\xc4\xab"},
    {0x7D0F, "\x74\x20\xc7\x92\x75"},
    {0x7D10, "\x6e\x20\x69\xc7\x94"},
    {0x7D11, "\x66\x20\xc3\xb3\x75"},
    {0x7D12, "\x6a\x20\xc3\xac"},
    {0x7D13, "\x73\x68\x20\xc5\xab"},
    {0x7D14, "\x63\x68\x20\xc3\xba\x6e"},
    {0x7D15, "\x70\x20\xc4\xab"},
    {0x7D16, "\x7a\x68\x20\xc3\xa8\x6e"},
    {0x7D17, "\x73\x68\x20\xc4\x81"},
    {0x7D18, "\x68\x20\xc3\xb3\x6e\x67"},
    {0x7D19, "\x7a\x68\x20\xc7\x90"},
    {0x7D1A, "\x6a\x20\xc3\xad"},
    {0x7D1B, "\x66\x20\xc4\x93\x6e"},
    {0x7D1C, "\x79\x20\xc3\xba\x6e"},
    {0x7D1D, "\x72\x20\xc3\xa8\x6e"},
    {0x7D1E, "\x64\x20\xc7\x8e\x6e"},
    {0x7D1F, "\x6a\x20\xc4\xab\x6e"},
    {0x7D20, "\x73\x20\xc3\xb9"},
    {0x7D21, "\x66\x20\xc7\x8e\x6e\x67"},
    {0x7D22, "\x73\x20\x75\xc7\x92"},
    {0x7D23, "\x63\x20\x75\xc3\xac"},
    {0x7D24, "\x6a\x20\x69\xc7\x94"},
    {0x7D25, "\x7a\x20\xc4\x81"},
    {0x7D26, "\x62\x20\x61"},
    {0x7D27, "\x6a\x20\xc7\x90\x6e"},
    {0x7D28, "\x66\x20\xc5\xab"},
    {0x7D29, "\x7a\x68\x20\xc3\xac"},
    {0x7D2A, "\x71\x20\xc4\xab"},
    {0x7D2B, "\x7a\x20\xc7\x90"},
    {0x7D2C, "\x63\x68\x20\xc3\xb3\x75"},
    {0x7D2D, "\x68\x20\xc3\xb3\x6e\x67"},
    {0x7D2E, "\x7a\x20\xc4\x81"},
    {0x7D2F, "\x6c\x20\xc3\xa8\x69"},
    {0x7D30, "\x78\x20\xc3\xac"},
    {0x7D31, "\x66\x20\xc3\xba"},
    {0x7D32, "\x78\x20\x69\xc3\xa8"},
    {0x7D33, "\x73\x68\x20\xc4\x93\x6e"},
    {0x7D34, "\x62\x20\xc5\x8d"},
    {0x7D35, "\x7a\x68\x20\xc3\xb9"},
    {0x7D36, "\x71\x20\xc5\xab"},
    {0x7D37, "\x6c\x20\xc3\xad\x6e\x67"},
    {0x7D38, "\x7a\x68\x20\xc3\xb9"},
    {0x7D39, "\x73\x68\x20\xc3\xa0\x6f"},
    {0x7D3A, "\x67\x20\xc3\xa0\x6e"},
    {0x7D3B, "\x79\x20\xc7\x8e\x6e\x67"},
    {0x7D3C, "\x66\x20\xc3\xba"},
    {0x7D3D, "\x74\x20\x75\xc3\xb3"},
    {0x7D3E, "\x7a\x68\x20\xc4\x9b\x6e"},
    {0x7D3F, "\x64\x20\xc3\xa0\x69"},
    {0x7D40, "\x63\x68\x20\xc3\xb9"},
    {0x7D41, "\x73\x68\x20\xc4\xab"},
    {0x7D42, "\x7a\x68\x20\xc5\x8d\x6e\x67"},
    {0x7D43, "\x78\x20\x69\xc3\xa1\x6e"},
    {0x7D44, "\x7a\x20\xc7\x94"},
    {0x7D45, "\x6a\x20\x69\xc5\x8d\x6e\x67"},
    {0x7D46, "\x62\x20\xc3\xa0\x6e"},
    {0x7D47, "\x71\x20\xc3\xba"},
    {0x7D48, "\x6d\x20\xc3\xb2"},
    {0x7D49, "\x73\x68\x20\xc3\xb9"},
    {0x7D4A, "\x7a\x20\x75\xc3\xac"},
    {0x7D4B, "\x6b\x20\x75\xc3\xa0\x6e\x67"},
    {0x7D4C, "\x6a\x20\xc4\xab\x6e\x67"},
    {0x7D4D, "\x72\x20\xc3\xa8\x6e"},
    {0x7D4E, "\x68\x20\xc3\xa1\x6e\x67"},
    {0x7D4F, "\x78\x20\x69\xc3\xa8"},
    {0x7D50, "\x6a\x20\x69\xc3\xa9"},
    {0x7D51, "\x7a\x68\x20\xc5\xab"},
    {0x7D52, "\x63\x68\x20\xc3\xb3\x75"},
    {0x7D53, "\x67\x20\x75\xc3\xa0"},
    {0x7D54, "\x62\x20\xc7\x8e\x69"},
    {0x7D55, "\x6a\x20\x75\xc3\xa9"},
    {0x7D56, "\x6b\x20\x75\xc3\xa0\x6e\x67"},
    {0x7D57, "\x68\x20\xc3\xba"},
    {0x7D58, "\x63\x20\xc3\xac"},
    {0x7D59, "\x68\x20\x75\xc3\xa1\x6e"},
    {0x7D5A, "\x67\x20\xc4\x93\x6e\x67"},
    {0x7D5B, "\x74\x20\xc4\x81\x6f"},
    {0x7D5C, "\x6a\x20\x69\xc3\xa9"},
    {0x7D5D, "\x6b\x20\xc3\xb9"},
    {0x7D5E, "\x6a\x20\x69\xc7\x8e\x6f"},
    {0x7D5F, "\x71\x20\x75\xc3\xa1\x6e"},
    {0x7D60, "\x67\x20\xc7\x8e\x69"},
    {0x7D61, "\x6c\x20\x75\xc3\xb2"},
    {0x7D62, "\x78\x20\x75\xc3\xa0\x6e"},
    {0x7D63, "\x62\x20\xc4\x93\x6e\x67"},
    {0x7D64, "\x78\x20\x69\xc3\xa0\x6e"},
    {0x7D65, "\x66\x20\xc3\xba"},
    {0x7D66, "\x67\x20\xc4\x9b\x69"},
    {0x7D67, "\x64\x20\xc3\xb2\x6e\x67"},
    {0x7D68, "\x72\x20\xc3\xb3\x6e\x67"},
    {0x7D69, "\x74\x20\x69\xc3\xa0\x6f"},
    {0x7D6A, "\x79\x20\xc4\xab\x6e"},
    {0x7D6B, "\x6c\x20\xc4\x9b\x69"},
    {0x7D6C, "\x78\x20\x69\xc3\xa8"},
    {0x7D6D, "\x6a\x20\x75\xc3\xa0\x6e"},
    {0x7D6E, "\x78\x20\xc3\xb9"},
    {0x7D6F, "\x67\x20\xc4\x81\x69"},
    {0x7D70, "\x64\x20\x69\xc3\xa9"},
    {0x7D71, "\x74\x20\xc7\x92\x6e\x67"},
    {0x7D72, "\x73\x20\xc4\xab"},
    {0x7D73, "\x6a\x20\x69\xc3\xa0\x6e\x67"},
    {0x7D74, "\x78\x20\x69\xc3\xa1\x6e\x67"},
    {0x7D75, "\x68\x20\x75\xc3\xac"},
    {0x7D76, "\x6a\x20\x75\xc3\xa9"},
    {0x7D77, "\x7a\x68\x20\xc3\xad"},
    {0x7D78, "\x6a\x20\x69\xc7\x8e\x6e"},
    {0x7D79, "\x6a\x20\x75\xc3\xa0\x6e"},
    {0x7D7A, "\x63\x68\x20\xc4\xab"},
    {0x7D7B, "\x6d\x20\x69\xc7\x8e\x6e"},
    {0x7D7C, "\x7a\x68\x20\xc3\xa8\x6e"},
    {0x7D7D, "\x6c\x20\xc7\x9a"},
    {0x7D7E, "\x63\x68\x20\xc3\xa9\x6e\x67"},
    {0x7D7F, "\x71\x20\x69\xc3\xba"},
    {0x7D80, "\x73\x68\x20\xc5\xab"},
    {0x7D81, "\x62\x20\xc7\x8e\x6e\x67"},
    {0x7D82, "\x74\x20\xc7\x92\x6e\x67"},
    {0x7D83, "\x78\x20\x69\xc4\x81\x6f"},
    {0x7D84, "\x68\x20\x75\xc3\xa1\x6e"},
    {0x7D85, "\x71\x20\xc4\xab\x6e"},
    {0x7D86, "\x67\x20\xc4\x9b\x6e\x67"},
    {0x7D87, "\x78\x20\x69\xc7\x94"},
    {0x7D88, "\x74\x20\xc3\xad"},
    {0x7D89, "\x74\x20\xc3\xb2\x75"},
    {0x7D8A, "\x78\x20\x69\xc3\xa9"},
    {0x7D8B, "\x68\x20\xc3\xb3\x6e\x67"},
    {0x7D8C, "\x78\x20\xc3\xac"},
    {0x7D8D, "\x66\x20\xc3\xba"},
    {0x7D8E, "\x74\x20\xc4\xab\x6e\x67"},
    {0x7D8F, "\x73\x20\x75\xc4\xab"},
    {0x7D90, "\x64\x20\x75\xc3\xac"},
    {0x7D91, "\x6b\x20\xc7\x94\x6e"},
    {0x7D92, "\x66\x20\xc5\xab"},
    {0x7D93, "\x6a\x20\xc4\xab\x6e\x67"},
    {0x7D94, "\x68\x20\xc3\xb9"},
    {0x7D95, "\x7a\x68\x20\xc4\xab"},
    {0x7D96, "\x79\x20\xc3\xa1\x6e"},
    {0x7D97, "\x6a\x20\x69\xc7\x92\x6e\x67"},
    {0x7D98, "\x66\x20\xc3\xa9\x6e\x67"},
    {0x7D99, "\x6a\x20\xc3\xac"},
    {0x7D9A, "\x78\x20\xc3\xb9"},
    {0x7D9B, "\x72\x20\xc4\x9b\x6e"},
    {0x7D9C, "\x7a\x20\xc5\x8d\x6e\x67"},
    {0x7D9D, "\x63\x68\x20\xc4\x93\x6e"},
    {0x7D9E, "\x64\x20\x75\xc7\x92"},
    {0x7D9F, "\x6c\x20\xc3\xac"},
    {0x7DA0, "\x6c\x20\xc7\x9c"},
    {0x7DA1, "\x6c\x20\x69\xc3\xa1\x6e\x67"},
    {0x7DA2, "\x63\x68\x20\xc3\xb3\x75"},
    {0x7DA3, "\x71\x20\x75\xc7\x8e\x6e"},
    {0x7DA4, "\x73\x68\x20\xc3\xa0\x6f"},
    {0x7DA5, "\x71\x20\xc3\xad"},
    {0x7DA6, "\x71\x20\xc3\xad"},
    {0x7DA7, "\x7a\x68\x20\xc7\x94\x6e"},
    {0x7DA8, "\x71\x20\xc3\xad"},
    {0x7DA9, "\x77\x20\xc7\x8e\x6e"},
    {0x7DAA, "\x71\x20\x69\xc3\xa0\x6e"},
    {0x7DAB, "\x78\x20\x69\xc3\xa0\x6e"},
    {0x7DAC, "\x73\x68\x20\xc3\xb2\x75"},
    {0x7DAD, "\x77\x20\xc3\xa9\x69"},
    {0x7DAE, "\x71\x20\xc7\x90"},
    {0x7DAF, "\x74\x20\xc3\xa1\x6f"},
    {0x7DB0, "\x77\x20\xc7\x8e\x6e"},
    {0x7DB1, "\x67\x20\xc4\x81\x6e\x67"},
    {0x7DB2, "\x77\x20\xc7\x8e\x6e\x67"},
    {0x7DB3, "\x62\x20\xc4\x93\x6e\x67"},
    {0x7DB4, "\x7a\x68\x20\x75\xc3\xac"},
    {0x7DB5, "\x63\x20\xc7\x8e\x69"},
    {0x7DB6, "\x67\x20\x75\xc7\x92"},
    {0x7DB7, "\x63\x20\x75\xc3\xac"},
    {0x7DB8, "\x6c\x20\xc3\xba\x6e"},
    {0x7DB9, "\x6c\x20\x69\xc7\x94"},
    {0x7DBA, "\x71\x20\xc7\x90"},
    {0x7DBB, "\x7a\x68\x20\xc3\xa0\x6e"},
    {0x7DBC, "\x62\x20\xc3\xac"},
    {0x7DBD, "\x63\x68\x20\x75\xc3\xb2"},
    {0x7DBE, "\x6c\x20\xc3\xad\x6e\x67"},
    {0x7DBF, "\x6d\x20\x69\xc3\xa1\x6e"},
    {0x7DC0, "\x71\x20\xc4\xab"},
    {0x7DC1, "\x71\x20\x69\xc3\xa8"},
    {0x7DC2, "\x74\x20\x69\xc3\xa1\x6e"},
    {0x7DC3, "\x7a\x20\xc5\x8d\x6e\x67"},
    {0x7DC4, "\x67\x20\xc7\x94\x6e"},
    {0x7DC5, "\x7a\x20\xc5\x8d\x75"},
    {0x7DC6, "\x78\x20\xc4\xab"},
    {0x7DC7, "\x7a\x20\xc4\xab"},
    {0x7DC8, "\x78\x20\xc3\xac\x6e\x67"},
    {0x7DC9, "\x6c\x20\x69\xc7\x8e\x6e\x67"},
    {0x7DCA, "\x6a\x20\xc7\x90\x6e"},
    {0x7DCB, "\x66\x20\xc4\x93\x69"},
    {0x7DCC, "\x72\x20\x75\xc3\xad"},
    {0x7DCD, "\x6d\x20\xc3\xad\x6e"},
    {0x7DCE, "\x79\x20\xc3\xb9"},
    {0x7DCF, "\x7a\x20\xc7\x92\x6e\x67"},
    {0x7DD0, "\x66\x20\xc3\xa1\x6e"},
    {0x7DD1, "\x6c\x20\xc7\x9c"},
    {0x7DD2, "\x78\x20\xc3\xb9"},
    {0x7DD3, "\x79\x20\xc4\xab\x6e\x67"},
    {0x7DD4, "\x73\x68\x20\xc3\xa0\x6e\x67"},
    {0x7DD5, "\x71\x20\x69"},
    {0x7DD6, "\x78\x20\xc3\xb9"},
    {0x7DD7, "\x78\x20\x69\xc4\x81\x6e\x67"},
    {0x7DD8, "\x6a\x20\x69\xc4\x81\x6e"},
    {0x7DD9, "\x6b\x20\xc3\xa8"},
    {0x7DDA, "\x78\x20\x69\xc3\xa0\x6e"},
    {0x7DDB, "\x72\x20\x75\xc7\x8e\x6e"},
    {0x7DDC, "\x6d\x20\x69\xc3\xa1\x6e"},
    {0x7DDD, "\x6a\x20\xc4\xab"},
    {0x7DDE, "\x64\x20\x75\xc3\xa0\x6e"},
    {0x7DDF, "\x63\x68\x20\xc3\xb3\x6e\x67"},
    {0x7DE0, "\x64\x20\xc3\xac"},
    {0x7DE1, "\x6d\x20\xc3\xad\x6e"},
    {0x7DE2, "\x6d\x20\x69\xc3\xa1\x6f"},
    {0x7DE3, "\x79\x20\x75\xc3\xa1\x6e"},
    {0x7DE4, "\x78\x20\x69\xc3\xa8"},
    {0x7DE5, "\x62\x20\xc7\x8e\x6f"},
    {0x7DE6, "\x73\x20\xc4\xab"},
    {0x7DE7, "\x71\x20\x69\xc5\xab"},
    {0x7DE8, "\x62\x20\x69\xc4\x81\x6e"},
    {0x7DE9, "\x68\x20\x75\xc7\x8e\x6e"},
    {0x7DEA, "\x67\x20\xc4\x93\x6e\x67"},
    {0x7DEB, "\x63\x20\xc5\x8d\x6e\x67"},
    {0x7DEC, "\x6d\x20\x69\xc7\x8e\x6e"},
    {0x7DED, "\x77\x20\xc3\xa8\x69"},
    {0x7DEE, "\x66\x20\xc3\xb9"},
    {0x7DEF, "\x77\x20\xc4\x9b\x69"},
    {0x7DF0, "\x74\x20\xc3\xb3\x75"},
    {0x7DF1, "\x67\x20\xc5\x8d\x75"},
    {0x7DF2, "\x6d\x20\x69\xc7\x8e\x6f"},
    {0x7DF3, "\x78\x20\x69\xc3\xa9"},
    {0x7DF4, "\x6c\x20\x69\xc3\xa0\x6e"},
    {0x7DF5, "\x7a\x20\xc5\x8d\x6e\x67"},
    {0x7DF6, "\x62\x20\x69\xc3\xa0\x6e"},
    {0x7DF7, "\x79\x20\xc3\xb9\x6e"},
    {0x7DF8, "\x79\x20\xc4\xab\x6e"},
    {0x7DF9, "\x74\x20\xc3\xad"},
    {0x7DFA, "\x67\x20\x75\xc4\x81"},
    {0x7DFB, "\x7a\x68\x20\xc3\xac"},
    {0x7DFC, "\x79\x20\xc3\xb9\x6e"},
    {0x7DFD, "\x63\x68\x20\xc4\x93\x6e\x67"},
    {0x7DFE, "\x63\x68\x20\xc3\xa1\x6e"},
    {0x7DFF, "\x64\x20\xc3\xa0\x69"},
    {0x7E00, "\x78\x20\x69\xc3\xa1"},
    {0x7E01, "\x79\x20\x75\xc3\xa1\x6e"},
    {0x7E02, "\x7a\x20\xc7\x92\x6e\x67"},
    {0x7E03, "\x78\x20\xc5\xab"},
    {0x7E04, "\x73\x68\x20\xc3\xa9\x6e\x67"},
    {0x7E05, "\x77\x20\xc4\x93\x69"},
    {0x7E06, "\x67\x20\xc4\x93\x6e\x67"},
    {0x7E07, "\x78\x20\x75\xc4\x81\x6e"},
    {0x7E08, "\x79\x20\xc3\xad\x6e\x67"},
    {0x7E09, "\x6a\x20\xc3\xac\x6e"},
    {0x7E0A, "\x79\x20\xc3\xac"},
    {0x7E0B, "\x7a\x68\x20\x75\xc3\xac"},
    {0x7E0C, "\x6e\x20\xc3\xac"},
    {0x7E0D, "\x62\x20\xc4\x81\x6e\x67"},
    {0x7E0E, "\x67\x20\xc7\x94"},
    {0x7E0F, "\x70\x20\xc3\xa1\x6e"},
    {0x7E10, "\x7a\x68\x20\xc3\xb2\x75"},
    {0x7E11, "\x6a\x20\x69\xc4\x81\x6e"},
    {0x7E12, "\x63\x20\xc4\xab"},
    {0x7E13, "\x71\x20\x75\xc3\xa1\x6e"},
    {0x7E14, "\x73\x68\x20\x75\xc7\x8e\x6e\x67"},
    {0x7E15, "\x79\x20\xc3\xb9\x6e"},
    {0x7E16, "\x78\x20\x69\xc3\xa1"},
    {0x7E17, "\x63\x20\x75\xc4\xab"},
    {0x7E18, "\x78\x20\xc4\xab"},
    {0x7E19, "\x72\x20\xc3\xb3\x6e\x67"},
    {0x7E1A, "\x74\x20\xc4\x81\x6f"},
    {0x7E1B, "\x66\x20\xc3\xb9"},
    {0x7E1C, "\x79\x20\xc3\xba\x6e"},
    {0x7E1D, "\x63\x68\x20\xc4\x93\x6e"},
    {0x7E1E, "\x67\x20\xc7\x8e\x6f"},
    {0x7E1F, "\x72\x20\xc3\xb9"},
    {0x7E20, "\x68\x20\xc3\xba"},
    {0x7E21, "\x7a\x20\xc3\xa0\x69"},
    {0x7E22, "\x74\x20\xc3\xa9\x6e\x67"},
    {0x7E23, "\x78\x20\x69\xc3\xa0\x6e"},
    {0x7E24, "\x73\x20\xc3\xb9"},
    {0x7E25, "\x7a\x68\x20\xc4\x9b\x6e"},
    {0x7E26, "\x7a\x20\xc3\xb2\x6e\x67"},
    {0x7E27, "\x74\x20\xc4\x81\x6f"},
    {0x7E28, "\x68\x20\x75\xc7\x8e\x6e\x67"},
    {0x7E29, "\x63\x20\xc3\xa0\x69"},
    {0x7E2A, "\x62\x20\xc3\xac"},
    {0x7E2B, "\x66\x20\xc3\xa8\x6e\x67"},
    {0x7E2C, "\x63\x20\xc3\xb9"},
    {0x7E2D, "\x6c\x20\xc3\xad"},
    {0x7E2E, "\x73\x20\x75\xc5\x8d"},
    {0x7E2F, "\x79\x20\xc7\x8e\x6e"},
    {0x7E30, "\x78\x20\xc7\x90"},
    {0x7E31, "\x7a\x20\xc3\xb2\x6e\x67"},
    {0x7E32, "\x6c\x20\xc3\xa9\x69"},
    {0x7E33, "\x6a\x20\x75\xc3\xa0\x6e"},
    {0x7E34, "\x71\x20\x69\xc3\xa0\x6e"},
    {0x7E35, "\x6d\x20\xc3\xa0\x6e"},
    {0x7E36, "\x7a\x68\x20\xc3\xad"},
    {0x7E37, "\x6c\x20\xc7\x9a"},
    {0x7E38, "\x6d\x20\xc3\xb9"},
    {0x7E39, "\x70\x20\x69\xc7\x8e\x6f"},
    {0x7E3A, "\x6c\x20\x69\xc3\xa1\x6e"},
    {0x7E3B, "\x6d\x20\xc3\xad"},
    {0x7E3C, "\x78\x20\x75\xc3\xa0\x6e"},
    {0x7E3D, "\x7a\x20\xc7\x92\x6e\x67"},
    {0x7E3E, "\x6a\x20\xc4\xab"},
    {0x7E3F, "\x73\x68\x20\xc4\x81\x6e"},
    {0x7E40, "\x73\x20\x75\xc3\xac"},
    {0x7E41, "\x66\x20\xc3\xa1\x6e"},
    {0x7E42, "\x6c\x20\xc7\x9c"},
    {0x7E43, "\x62\x20\xc4\x9b\x6e\x67"},
    {0x7E44, "\x79\x20\xc4\xab"},
    {0x7E45, "\x73\x20\xc4\x81\x6f"},
    {0x7E46, "\x6d\x20\xc3\xb3\x75"},
    {0x7E47, "\x79\x20\xc3\xa1\x6f"},
    {0x7E48, "\x71\x20\x69\xc7\x8e\x6e\x67"},
    {0x7E49, "\x68\x20\xc3\xba\x6e"},
    {0x7E4A, "\x78\x20\x69\xc4\x81\x6e"},
    {0x7E4B, "\x6a\x20\xc3\xac"},
    {0x7E4C, "\x73\x68\x20\x61"},
    {0x7E4D, "\x78\x20\x69\xc3\xb9"},
    {0x7E4E, "\x72\x20\xc3\xa1\x6e"},
    {0x7E4F, "\x78\x20\x75\xc3\xa0\x6e"},
    {0x7E50, "\x73\x20\x75\xc3\xac"},
    {0x7E51, "\x71\x20\x69\xc4\x81\x6f"},
    {0x7E52, "\x7a\x20\xc4\x93\x6e\x67"},
    {0x7E53, "\x7a\x20\x75\xc7\x92"},
    {0x7E54, "\x7a\x68\x20\xc4\xab"},
    {0x7E55, "\x73\x68\x20\xc3\xa0\x6e"},
    {0x7E56, "\x73\x20\xc7\x8e\x6e"},
    {0x7E57, "\x6c\x20\xc3\xad\x6e"},
    {0x7E58, "\x79\x20\xc3\xb9"},
    {0x7E59, "\x66\x20\xc4\x81\x6e"},
    {0x7E5A, "\x6c\x20\x69\xc3\xa1\x6f"},
    {0x7E5B, "\x63\x68\x20\x75\xc3\xb2"},
    {0x7E5C, "\x7a\x20\xc5\xab\x6e"},
    {0x7E5D, "\x6a\x20\x69\xc3\xa0\x6e"},
    {0x7E5E, "\x72\x20\xc3\xa0\x6f"},
    {0x7E5F, "\x63\x68\x20\xc7\x8e\x6e"},
    {0x7E60, "\x72\x20\x75\xc7\x90"},
    {0x7E61, "\x78\x20\x69\xc3\xb9"},
    {0x7E62, "\x68\x20\x75\xc3\xac"},
    {0x7E63, "\x68\x20\x75\xc3\xa0"},
    {0x7E64, "\x7a\x20\x75\xc7\x8e\x6e"},
    {0x7E65, "\x78\x20\xc4\xab"},
    {0x7E66, "\x71\x20\x69\xc7\x8e\x6e\x67"},
    {0x7E67, "\x79\x20\x75\x6e"},
    {0x7E68, "\x64\x20\x61"},
    {0x7E69, "\x73\x68\x20\xc3\xa9\x6e\x67"},
    {0x7E6A, "\x68\x20\x75\xc3\xac"},
    {0x7E6B, "\x78\x20\xc3\xac"},
    {0x7E6C, "\x73\x20\xc3\xa8"},
    {0x7E6D, "\x6a\x20\x69\xc7\x8e\x6e"},
    {0x7E6E, "\x6a\x20\x69\xc4\x81\x6e\x67"},
    {0x7E6F, "\x68\x20\x75\xc3\xa1\x6e"},
    {0x7E70, "\x7a\x20\xc7\x8e\x6f"},
    {0x7E71, "\x63\x20\xc5\x8d\x6e\x67"},
    {0x7E72, "\x78\x20\x69\xc3\xa8"},
    {0x7E73, "\x6a\x20\x69\xc7\x8e\x6f"},
    {0x7E74, "\x62\x20\xc3\xac"},
    {0x7E75, "\x64\x20\xc3\xa0\x6e"},
    {0x7E76, "\x79\x20\xc3\xac"},
    {0x7E77, "\x6e\x20\xc7\x92\x6e\x67"},
    {0x7E78, "\x73\x20\x75\xc3\xac"},
    {0x7E79, "\x79\x20\xc3\xac"},
    {0x7E7A, "\x73\x68\x20\xc7\x8e\x69"},
    {0x7E7B, "\x78\x20\xc5\xab"},
    {0x7E7C, "\x6a\x20\xc3\xac"},
    {0x7E7D, "\x62\x20\xc4\xab\x6e"},
    {0x7E7E, "\x71\x20\x69\xc7\x8e\x6e"},
    {0x7E7F, "\x6c\x20\xc3\xa1\x6e"},
    {0x7E80, "\x70\x20\xc3\xba"},
    {0x7E81, "\x78\x20\xc5\xab\x6e"},
    {0x7E82, "\x7a\x20\x75\xc7\x8e\x6e"},
    {0x7E83, "\x71\x20\xc3\xad"},
    {0x7E84, "\x70\x20\xc3\xa9\x6e\x67"},
    {0x7E85, "\x79\x20\xc3\xa0\x6f"},
    {0x7E86, "\x6d\x20\xc3\xb2"},
    {0x7E87, "\x6c\x20\xc3\xa8\x69"},
    {0x7E88, "\x78\x20\x69\xc3\xa9"},
    {0x7E89, "\x7a\x20\x75\xc7\x8e\x6e"},
    {0x7E8A, "\x6b\x20\x75\xc3\xa0\x6e\x67"},
    {0x7E8B, "\x79\x20\xc5\x8d\x75"},
    {0x7E8C, "\x78\x20\xc3\xb9"},
    {0x7E8D, "\x6c\x20\xc3\xa9\x69"},
    {0x7E8E, "\x78\x20\x69\xc4\x81\x6e"},
    {0x7E8F, "\x63\x68\x20\xc3\xa1\x6e"},
    {0x7E90, "\x6a\x20\x69\xc7\x8e\x6f"},
    {0x7E91, "\x6c\x20\xc3\xba"},
    {0x7E92, "\x63\x68\x20\xc3\xa1\x6e"},
    {0x7E93, "\x79\x20\xc4\xab\x6e\x67"},
    {0x7E94, "\x63\x20\xc3\xa1\x69"},
    {0x7E95, "\x72\x20\xc7\x8e\x6e\x67"},
    {0x7E96, "\x78\x20\x69\xc4\x81\x6e"},
    {0x7E97, "\x7a\x20\x75\xc4\xab"},
    {0x7E98, "\x7a\x20\x75\xc7\x8e\x6e"},
    {0x7E99, "\x6c\x20\x75\xc3\xb2"},
    {0x7E9A, "\x6c\x20\xc3\xad"},
    {0x7E9B, "\x64\x20\xc3\xa0\x6f"},
    {0x7E9C, "\x6c\x20\xc7\x8e\x6e"},
    {0x7E9D, "\x6c\x20\xc3\xa9\x69"},
    {0x7E9E, "\x6c\x20\x69\xc3\xa0\x6e"},
    {0x7E9F, "\x73\x20\xc4\xab"},
    {0x7EA0, "\x6a\x20\x69\xc5\xab"},
    {0x7EA1, "\x79\x20\xc5\xab"},
    {0x7EA2, "\x68\x20\xc3\xb3\x6e\x67"},
    {0x7EA3, "\x7a\x68\x20\xc3\xb2\x75"},
    {0x7EA4, "\x78\x20\x69\xc4\x81\x6e"},
    {0x7EA5, "\x67\x20\xc4\x93"},
    {0x7EA6, "\x79\x20\x75\xc4\x93"},
    {0x7EA7, "\x6a\x20\xc3\xad"},
    {0x7EA8, "\x77\x20\xc3\xa1\x6e"},
    {0x7EA9, "\x6b\x20\x75\xc3\xa0\x6e\x67"},
    {0x7EAA, "\x6a\x20\xc3\xac"},
    {0x7EAB, "\x72\x20\xc3\xa8\x6e"},
    {0x7EAC, "\x77\x20\xc4\x9b\x69"},
    {0x7EAD, "\x79\x20\xc3\xba\x6e"},
    {0x7EAE, "\x68\x20\xc3\xb3\x6e\x67"},
    {0x7EAF, "\x63\x68\x20\xc3\xba\x6e"},
    {0x7EB0, "\x70\x20\xc4\xab"},
    {0x7EB1, "\x73\x68\x20\xc4\x81"},
    {0x7EB2, "\x67\x20\xc4\x81\x6e\x67"},
    {0x7EB3, "\x6e\x20\xc3\xa0"},
    {0x7EB4, "\x72\x20\xc3\xa8\x6e"},
    {0x7EB5, "\x7a\x20\xc3\xb2\x6e\x67"},
    {0x7EB6, "\x6c\x20\xc3\xba\x6e"},
    {0x7EB7, "\x66\x20\xc4\x93\x6e"},
    {0x7EB8, "\x7a\x68\x20\xc7\x90"},
    {0x7EB9, "\x77\x20\xc3\xa9\x6e"},
    {0x7EBA, "\x66\x20\xc7\x8e\x6e\x67"},
    {0x7EBB, "\x7a\x68\x20\xc3\xb9"},
    {0x7EBC, "\x7a\x68\x20\xc3\xa8\x6e"},
    {0x7EBD, "\x6e\x20\x69\xc7\x94"},
    {0x7EBE, "\x73\x68\x20\xc5\xab"},
    {0x7EBF, "\x78\x20\x69\xc3\xa0\x6e"},
    {0x7EC0, "\x67\x20\xc3\xa0\x6e"},
    {0x7EC1, "\x78\x20\x69\xc3\xa8"},
    {0x7EC2, "\x66\x20\xc3\xba"},
    {0x7EC3, "\x6c\x20\x69\xc3\xa0\x6e"},
    {0x7EC4, "\x7a\x20\xc7\x94"},
    {0x7EC5, "\x73\x68\x20\xc4\x93\x6e"},
    {0x7EC6, "\x78\x20\xc3\xac"},
    {0x7EC7, "\x7a\x68\x20\xc4\xab"},
    {0x7EC8, "\x7a\x68\x20\xc5\x8d\x6e\x67"},
    {0x7EC9, "\x7a\x68\x20\xc3\xb2\x75"},
    {0x7ECA, "\x62\x20\xc3\xa0\x6e"},
    {0x7ECB, "\x66\x20\xc3\xba"},
    {0x7ECC, "\x63\x68\x20\xc3\xb9"},
    {0x7ECD, "\x73\x68\x20\xc3\xa0\x6f"},
    {0x7ECE, "\x79\x20\xc3\xac"},
    {0x7ECF, "\x6a\x20\xc4\xab\x6e\x67"},
    {0x7ED0, "\x64\x20\xc3\xa0\x69"},
    {0x7ED1, "\x62\x20\xc7\x8e\x6e\x67"},
    {0x7ED2, "\x72\x20\xc3\xb3\x6e\x67"},
    {0x7ED3, "\x6a\x20\x69\xc3\xa9"},
    {0x7ED4, "\x6b\x20\xc3\xb9"},
    {0x7ED5, "\x72\x20\xc3\xa0\x6f"},
    {0x7ED6, "\x64\x20\x69\xc3\xa9"},
    {0x7ED7, "\x68\x20\xc3\xa1\x6e\x67"},
    {0x7ED8, "\x68\x20\x75\xc3\xac"},
    {0x7ED9, "\x67\x20\xc4\x9b\x69"},
    {0x7EDA, "\x78\x20\x75\xc3\xa0\x6e"},
    {0x7EDB, "\x6a\x20\x69\xc3\xa0\x6e\x67"},
    {0x7EDC, "\x6c\x20\x75\xc3\xb2"},
    {0x7EDD, "\x6a\x20\x75\xc3\xa9"},
    {0x7EDE, "\x6a\x20\x69\xc7\x8e\x6f"},
    {0x7EDF, "\x74\x20\xc7\x92\x6e\x67"},
    {0x7EE0, "\x67\x20\xc4\x9b\x6e\x67"},
    {0x7EE1, "\x78\x20\x69\xc4\x81\x6f"},
    {0x7EE2, "\x6a\x20\x75\xc3\xa0\x6e"},
    {0x7EE3, "\x78\x20\x69\xc3\xb9"},
    {0x7EE4, "\x78\x20\xc3\xac"},
    {0x7EE5, "\x73\x20\x75\xc3\xad"},
    {0x7EE6, "\x74\x20\xc4\x81\x6f"},
    {0x7EE7, "\x6a\x20\xc3\xac"},
    {0x7EE8, "\x74\x20\xc3\xad"},
    {0x7EE9, "\x6a\x20\xc3\xac"},
    {0x7EEA, "\x78\x20\xc3\xb9"},
    {0x7EEB, "\x6c\x20\xc3\xad\x6e\x67"},
    {0x7EEC, "\x79\x20\xc4\xab\x6e\x67"},
    {0x7EED, "\x78\x20\xc3\xb9"},
    {0x7EEE, "\x71\x20\xc7\x90"},
    {0x7EEF, "\x66\x20\xc4\x93\x69"},
    {0x7EF0, "\x63\x68\x20\x75\xc3\xb2"},
    {0x7EF1, "\x73\x68\x20\xc3\xa0\x6e\x67"},
    {0x7EF2, "\x67\x20\xc7\x94\x6e"},
    {0x7EF3, "\x73\x68\x20\xc3\xa9\x6e\x67"},
    {0x7EF4, "\x77\x20\xc3\xa9\x69"},
    {0x7EF5, "\x6d\x20\x69\xc3\xa1\x6e"},
    {0x7EF6, "\x73\x68\x20\xc3\xb2\x75"},
    {0x7EF7, "\x62\x20\xc4\x93\x6e\x67"},
    {0x7EF8, "\x63\x68\x20\xc3\xb3\x75"},
    {0x7EF9, "\x74\x20\xc3\xa1\x6f"},
    {0x7EFA, "\x6c\x20\x69\xc7\x94"},
    {0x7EFB, "\x71\x20\x75\xc7\x8e\x6e"},
    {0x7EFC, "\x7a\x20\xc5\x8d\x6e\x67"},
    {0x7EFD, "\x7a\x68\x20\xc3\xa0\x6e"},
    {0x7EFE, "\x77\x20\xc7\x8e\x6e"},
    {0x7EFF, "\x6c\x20\xc7\x9c"},
    {0x7F00, "\x7a\x68\x20\x75\xc3\xac"},
    {0x7F01, "\x7a\x20\xc4\xab"},
    {0x7F02, "\x6b\x20\xc3\xa8"},
    {0x7F03, "\x78\x20\x69\xc4\x81\x6e\x67"},
    {0x7F04, "\x6a\x20\x69\xc4\x81\x6e"},
    {0x7F05, "\x6d\x20\x69\xc7\x8e\x6e"},
    {0x7F06, "\x6c\x20\xc7\x8e\x6e"},
    {0x7F07, "\x74\x20\xc3\xad"},
    {0x7F08, "\x6d\x20\x69\xc7\x8e\x6f"},
    {0x7F09, "\x6a\x20\xc4\xab"},
    {0x7F0A, "\x79\x20\xc5\xab\x6e"},
    {0x7F0B, "\x68\x20\x75\xc3\xac"},
    {0x7F0C, "\x73\x20\xc4\xab"},
    {0x7F0D, "\x64\x20\x75\xc7\x92"},
    {0x7F0E, "\x64\x20\x75\xc3\xa0\x6e"},
    {0x7F0F, "\x62\x20\x69\xc3\xa0\x6e"},
    {0x7F10, "\x78\x20\x69\xc3\xa0\x6e"},
    {0x7F11, "\x67\x20\xc5\x8d\x75"},
    {0x7F12, "\x7a\x68\x20\x75\xc3\xac"},
    {0x7F13, "\x68\x20\x75\xc7\x8e\x6e"},
    {0x7F14, "\x64\x20\xc3\xac"},
    {0x7F15, "\x6c\x20\xc7\x9a"},
    {0x7F16, "\x62\x20\x69\xc4\x81\x6e"},
    {0x7F17, "\x6d\x20\xc3\xad\x6e"},
    {0x7F18, "\x79\x20\x75\xc3\xa1\x6e"},
    {0x7F19, "\x6a\x20\xc3\xac\x6e"},
    {0x7F1A, "\x66\x20\xc3\xb9"},
    {0x7F1B, "\x72\x20\xc3\xb9"},
    {0x7F1C, "\x7a\x68\x20\xc4\x9b\x6e"},
    {0x7F1D, "\x66\x20\xc3\xa8\x6e\x67"},
    {0x7F1E, "\x63\x20\x75\xc4\xab"},
    {0x7F1F, "\x67\x20\xc7\x8e\x6f"},
    {0x7F20, "\x63\x68\x20\xc3\xa1\x6e"},
    {0x7F21, "\x6c\x20\xc3\xad"},
    {0x7F22, "\x79\x20\xc3\xac"},
    {0x7F23, "\x6a\x20\x69\xc4\x81\x6e"},
    {0x7F24, "\x62\x20\xc4\xab\x6e"},
    {0x7F25, "\x70\x20\x69\xc4\x81\x6f"},
    {0x7F26, "\x6d\x20\xc3\xa0\x6e"},
    {0x7F27, "\x6c\x20\xc3\xa9\x69"},
    {0x7F28, "\x79\x20\xc4\xab\x6e\x67"},
    {0x7F29, "\x73\x20\x75\xc5\x8d"},
    {0x7F2A, "\x6d\x20\xc3\xb3\x75"},
    {0x7F2B, "\x73\x20\xc4\x81\x6f"},
    {0x7F2C, "\x78\x20\x69\xc3\xa9"},
    {0x7F2D, "\x6c\x20\x69\xc3\xa1\x6f"},
    {0x7F2E, "\x73\x68\x20\xc3\xa0\x6e"},
    {0x7F2F, "\x7a\x20\xc4\x93\x6e\x67"},
    {0x7F30, "\x6a\x20\x69\xc4\x81\x6e\x67"},
    {0x7F31, "\x71\x20\x69\xc7\x8e\x6e"},
    {0x7F32, "\x71\x20\x69\xc4\x81\x6f"},
    {0x7F33, "\x68\x20\x75\xc3\xa1\x6e"},
    {0x7F34, "\x6a\x20\x69\xc7\x8e\x6f"},
    {0x7F35, "\x7a\x20\x75\xc7\x8e\x6e"},
    {0x7F36, "\x66\x20\xc7\x92\x75"},
    {0x7F37, "\x78\x20\x69\xc3\xa8"},
    {0x7F38, "\x67\x20\xc4\x81\x6e\x67"},
    {0x7F39, "\x66\x20\xc7\x92\x75"},
    {0x7F3A, "\x71\x20\x75\xc4\x93"},
    {0x7F3B, "\x66\x20\xc7\x92\x75"},
    {0x7F3C, "\x71\x20\x69"},
    {0x7F3D, "\x62\x20\xc5\x8d"},
    {0x7F3E, "\x70\x20\xc3\xad\x6e\x67"},
    {0x7F3F, "\x78\x20\x69\xc3\xa0\x6e\x67"},
    {0x7F40, "\x7a\x68\x20\x61\x6f"},
    {0x7F41, "\x67\x20\xc4\x81\x6e\x67"},
    {0x7F42, "\x79\x20\xc4\xab\x6e\x67"},
    {0x7F43, "\x79\x20\xc4\xab\x6e\x67"},
    {0x7F44, "\x71\x20\xc3\xac\x6e\x67"},
    {0x7F45, "\x78\x20\x69\xc3\xa0"},
    {0x7F46, "\x67\x20\x75\xc3\xa0\x6e"},
    {0x7F47, "\x7a\x20\xc5\xab\x6e"},
    {0x7F48, "\x74\x20\xc3\xa1\x6e"},
    {0x7F49, "\x63\x68\x20\xc4\x93\x6e\x67"},
    {0x7F4A, "\x71\x20\xc3\xac"},
    {0x7F4B, "\x77\x20\xc3\xa8\x6e\x67"},
    {0x7F4C, "\x79\x20\xc4\xab\x6e\x67"},
    {0x7F4D, "\x6c\x20\xc3\xa9\x69"},
    {0x7F4E, "\x74\x20\xc3\xa1\x6e"},
    {0x7F4F, "\x6c\x20\xc3\xba"},
    {0x7F50, "\x67\x20\x75\xc3\xa0\x6e"},
    {0x7F51, "\x77\x20\xc7\x8e\x6e\x67"},
    {0x7F52, "\x77\x20\xc7\x8e\x6e\x67"},
    {0x7F53, "\x67\x20\xc4\x81\x6e\x67"},
    {0x7F54, "\x77\x20\xc7\x8e\x6e\x67"},
    {0x7F55, "\x68\x20\xc7\x8e\x6e"},
    {0x7F56, "\x6c\x20\x75\xc3\xb3"},
    {0x7F57, "\x6c\x20\x75\xc3\xb3"},
    {0x7F58, "\x66\x20\xc3\xba"},
    {0x7F59, "\x73\x68\x20\xc4\x93\x6e"},
    {0x7F5A, "\x66\x20\xc3\xa1"},
    {0x7F5B, "\x67\x20\xc5\xab"},
    {0x7F5C, "\x7a\x68\x20\xc7\x94"},
    {0x7F5D, "\x6a\x20\xc5\xab"},
    {0x7F5E, "\x6d\x20\xc3\xa1\x6f"},
    {0x7F5F, "\x67\x20\xc7\x94"},
    {0x7F60, "\x6d\x20\xc3\xad\x6e"},
    {0x7F61, "\x67\x20\xc4\x81\x6e\x67"},
    {0x7F62, "\x62\x20\xc3\xa0"},
    {0x7F63, "\x67\x20\x75\xc3\xa0"},
    {0x7F64, "\x74\x20\xc3\xad"},
    {0x7F65, "\x6a\x20\x75\xc3\xa0\x6e"},
    {0x7F66, "\x66\x20\xc3\xba"},
    {0x7F67, "\x73\x68\x20\xc3\xa8\x6e"},
    {0x7F68, "\x79\x20\xc7\x8e\x6e"},
    {0x7F69, "\x7a\x68\x20\xc3\xa0\x6f"},
    {0x7F6A, "\x7a\x20\x75\xc3\xac"},
    {0x7F6B, "\x67\x20\x75\xc3\xa0"},
    {0x7F6C, "\x7a\x68\x20\x75\xc3\xb3"},
    {0x7F6D, "\x79\x20\xc3\xb9"},
    {0x7F6E, "\x7a\x68\x20\xc3\xac"},
    {0x7F6F, "\xc7\x8e\x6e"},
    {0x7F70, "\x66\x20\xc3\xa1"},
    {0x7F71, "\x6c\x20\xc7\x8e\x6e"},
    {0x7F72, "\x73\x68\x20\xc7\x94"},
    {0x7F73, "\x73\x20\xc4\xab"},
    {0x7F74, "\x70\x20\xc3\xad"},
    {0x7F75, "\x6d\x20\xc3\xa0"},
    {0x7F76, "\x6c\x20\x69\xc7\x94"},
    {0x7F77, "\x62\x20\xc3\xa0"},
    {0x7F78, "\x66\x20\xc3\xa1"},
    {0x7F79, "\x6c\x20\xc3\xad"},
    {0x7F7A, "\x63\x68\x20\xc3\xa1\x6f"},
    {0x7F7B, "\x77\x20\xc3\xa8\x69"},
    {0x7F7C, "\x62\x20\xc3\xac"},
    {0x7F7D, "\x6a\x20\xc3\xac"},
    {0x7F7E, "\x7a\x20\xc4\x93\x6e\x67"},
    {0x7F7F, "\x63\x68\x20\xc5\x8d\x6e\x67"},
    {0x7F80, "\x6c\x20\x69\xc7\x94"},
    {0x7F81, "\x6a\x20\xc4\xab"},
    {0x7F82, "\x6a\x20\x75\xc3\xa0\x6e"},
    {0x7F83, "\x6d\x20\xc3\xac"},
    {0x7F84, "\x7a\x68\x20\xc3\xa0\x6f"},
    {0x7F85, "\x6c\x20\x75\xc3\xb3"},
    {0x7F86, "\x70\x20\xc3\xad"},
    {0x7F87, "\x6a\x20\xc4\xab"},
    {0x7F88, "\x6a\x20\xc4\xab"},
    {0x7F89, "\x6c\x20\x75\xc3\xa1\x6e"},
    {0x7F8A, "\x79\x20\xc3\xa1\x6e\x67"},
    {0x7F8B, "\x6d\x20\xc7\x90"},
    {0x7F8C, "\x71\x20\x69\xc4\x81\x6e\x67"},
    {0x7F8D, "\x64\x20\xc3\xa1"},
    {0x7F8E, "\x6d\x20\xc4\x9b\x69"},
    {0x7F8F, "\x79\x20\xc3\xa1\x6e\x67"},
    {0x7F90, "\x79\x20\xc7\x92\x75"},
    {0x7F91, "\x79\x20\xc7\x92\x75"},
    {0x7F92, "\x66\x20\xc3\xa9\x6e"},
    {0x7F93, "\x62\x20\xc4\x81"},
    {0x7F94, "\x67\x20\xc4\x81\x6f"},
    {0x7F95, "\x79\x20\xc3\xa0\x6e\x67"},
    {0x7F96, "\x67\x20\xc7\x94"},
    {0x7F97, "\x71\x20\x69\xc4\x81\x6e\x67"},
    {0x7F98, "\x7a\x20\xc4\x81\x6e\x67"},
    {0x7F99, "\x67\x20\xc4\x81\x6f"},
    {0x7F9A, "\x6c\x20\xc3\xad\x6e\x67"},
    {0x7F9B, "\x79\x20\xc3\xac"},
    {0x7F9C, "\x7a\x68\x20\xc3\xb9"},
    {0x7F9D, "\x64\x20\xc4\xab"},
    {0x7F9E, "\x78\x20\x69\xc5\xab"},
    {0x7F9F, "\x71\x20\x69\xc7\x8e\x6e\x67"},
    {0x7FA0, "\x79\x20\xc3\xad"},
    {0x7FA1, "\x78\x20\x69\xc3\xa0\x6e"},
    {0x7FA2, "\x72\x20\xc3\xb3\x6e\x67"},
    {0x7FA3, "\x71\x20\xc3\xba\x6e"},
    {0x7FA4, "\x71\x20\xc3\xba\x6e"},
    {0x7FA5, "\x71\x20\x69\xc7\x8e\x6e\x67"},
    {0x7FA6, "\x68\x20\x75\xc3\xa1\x6e"},
    {0x7FA7, "\x73\x20\x75\xc5\x8d"},
    {0x7FA8, "\x78\x20\x69\xc3\xa0\x6e"},
    {0x7FA9, "\x79\x20\xc3\xac"},
    {0x7FAA, "\x79\x20\x61\x6e\x67"},
    {0x7FAB, "\x71\x20\x69\xc4\x81\x6e\x67"},
    {0x7FAC, "\x71\x20\x69\xc3\xa1\x6e"},
    {0x7FAD, "\x79\x20\xc3\xba"},
    {0x7FAE, "\x67\x20\xc4\x93\x6e\x67"},
    {0x7FAF, "\x6a\x20\x69\xc3\xa9"},
    {0x7FB0, "\x74\x20\xc4\x81\x6e\x67"},
    {0x7FB1, "\x79\x20\x75\xc3\xa1\x6e"},
    {0x7FB2, "\x78\x20\xc4\xab"},
    {0x7FB3, "\x66\x20\xc3\xa1\x6e"},
    {0x7FB4, "\x73\x68\x20\xc4\x81\x6e"},
    {0x7FB5, "\x66\x20\xc3\xa9\x6e"},
    {0x7FB6, "\x73\x68\x20\xc4\x81\x6e"},
    {0x7FB7, "\x6c\x20\x69\xc7\x8e\x6e"},
    {0x7FB8, "\x6c\x20\xc3\xa9\x69"},
    {0x7FB9, "\x67\x20\xc4\x93\x6e\x67"},
    {0x7FBA, "\x6e\x20\xc3\xb3\x75"},
    {0x7FBB, "\x71\x20\x69\xc3\xa0\x6e\x67"},
    {0x7FBC, "\x63\x68\x20\xc3\xa0\x6e"},
    {0x7FBD, "\x79\x20\xc7\x94"},
    {0x7FBE, "\x67\x20\xc3\xb2\x6e\x67"},
    {0x7FBF, "\x79\x20\xc3\xac"},
    {0x7FC0, "\x63\x68\x20\xc5\x8d\x6e\x67"},
    {0x7FC1, "\x77\x20\xc4\x93\x6e\x67"},
    {0x7FC2, "\x66\x20\xc4\x93\x6e"},
    {0x7FC3, "\x68\x20\xc3\xb3\x6e\x67"},
    {0x7FC4, "\x63\x68\x20\xc3\xac"},
    {0x7FC5, "\x63\x68\x20\xc3\xac"},
    {0x7FC6, "\x63\x20\x75\xc3\xac"},
    {0x7FC7, "\x66\x20\xc3\xba"},
    {0x7FC8, "\x78\x20\x69\xc3\xa1"},
    {0x7FC9, "\x62\x20\xc4\x9b\x6e"},
    {0x7FCA, "\x79\x20\xc3\xac"},
    {0x7FCB, "\x6c\x20\xc4\x81"},
    {0x7FCC, "\x79\x20\xc3\xac"},
    {0x7FCD, "\x70\x20\xc4\xab"},
    {0x7FCE, "\x6c\x20\xc3\xad\x6e\x67"},
    {0x7FCF, "\x6c\x20\x69\xc3\xb9"},
    {0x7FD0, "\x7a\x68\x20\xc3\xac"},
    {0x7FD1, "\x71\x20\xc3\xba"},
    {0x7FD2, "\x78\x20\xc3\xad"},
    {0x7FD3, "\x78\x20\x69\xc3\xa9"},
    {0x7FD4, "\x78\x20\x69\xc3\xa1\x6e\x67"},
    {0x7FD5, "\x78\x20\xc4\xab"},
    {0x7FD6, "\x78\x20\xc4\xab"},
    {0x7FD7, "\x6b\x20\xc3\xa9"},
    {0x7FD8, "\x71\x20\x69\xc3\xa0\x6f"},
    {0x7FD9, "\x68\x20\x75\xc3\xac"},
    {0x7FDA, "\x68\x20\x75\xc4\xab"},
    {0x7FDB, "\x78\x20\x69\xc4\x81\x6f"},
    {0x7FDC, "\x73\x68\x20\xc3\xa0"},
    {0x7FDD, "\x68\x20\xc3\xb3\x6e\x67"},
    {0x7FDE, "\x6a\x20\x69\xc4\x81\x6e\x67"},
    {0x7FDF, "\x64\x20\xc3\xad"},
    {0x7FE0, "\x63\x20\x75\xc3\xac"},
    {0x7FE1, "\x66\x20\xc4\x9b\x69"},
    {0x7FE2, "\x64\x20\xc3\xa0\x6f"},
    {0x7FE3, "\x73\x68\x20\xc3\xa0"},
    {0x7FE4, "\x63\x68\x20\xc3\xac"},
    {0x7FE5, "\x7a\x68\x20\xc3\xb9"},
    {0x7FE6, "\x6a\x20\x69\xc7\x8e\x6e"},
    {0x7FE7, "\x78\x20\x75\xc4\x81\x6e"},
    {0x7FE8, "\x63\x68\x20\xc3\xac"},
    {0x7FE9, "\x70\x20\x69\xc4\x81\x6e"},
    {0x7FEA, "\x7a\x20\xc5\x8d\x6e\x67"},
    {0x7FEB, "\x77\x20\xc3\xa1\x6e"},
    {0x7FEC, "\x68\x20\x75\xc4\xab"},
    {0x7FED, "\x68\x20\xc3\xb3\x75"},
    {0x7FEE, "\x68\x20\xc3\xa9"},
    {0x7FEF, "\x68\x20\xc3\xa8"},
    {0x7FF0, "\x68\x20\xc3\xa0\x6e"},
    {0x7FF1, "\xc3\xa1\x6f"},
    {0x7FF2, "\x70\x20\x69\xc4\x81\x6f"},
    {0x7FF3, "\x79\x20\xc3\xac"},
    {0x7FF4, "\x6c\x20\x69\xc3\xa1\x6e"},
    {0x7FF5, "\x68\x20\xc3\xb3\x75"},
    {0x7FF6, "\xc3\xa1\x6f"},
    {0x7FF7, "\x6c\x20\xc3\xad\x6e"},
    {0x7FF8, "\x70\x20\xc4\x9b\x6e"},
    {0x7FF9, "\x71\x20\x69\xc3\xa0\x6f"},
    {0x7FFA, "\xc3\xa1\x6f"},
    {0x7FFB, "\x66\x20\xc4\x81\x6e"},
    {0x7FFC, "\x79\x20\xc3\xac"},
    {0x7FFD, "\x68\x20\x75\xc3\xac"},
    {0x7FFE, "\x78\x20\x75\xc4\x81\x6e"},
    {0x7FFF, "\x64\x20\xc3\xa0\x6f"},
    {0x8000, "\x79\x20\xc3\xa0\x6f"},
    {0x8001, "\x6c\x20\xc7\x8e\x6f"},
    {0x8002, "\x6c\x20\xc7\x8e\x6f"},
    {0x8003, "\x6b\x20\xc7\x8e\x6f"},
    {0x8004, "\x6d\x20\xc3\xa0\x6f"},
    {0x8005, "\x7a\x68\x20\xc4\x9b"},
    {0x8006, "\x71\x20\xc3\xad"},
    {0x8007, "\x67\x20\xc7\x92\x75"},
    {0x8008, "\x67\x20\xc7\x92\x75"},
    {0x8009, "\x67\x20\xc7\x92\x75"},
    {0x800A, "\x64\x20\x69\xc3\xa9"},
    {0x800B, "\x64\x20\x69\xc3\xa9"},
    {0x800C, "\xc3\xa9\x72"},
    {0x800D, "\x73\x68\x20\x75\xc7\x8e"},
    {0x800E, "\x72\x20\x75\xc7\x8e\x6e"},
    {0x800F, "\x6e\x20\xc3\xa0\x69"},
    {0x8010, "\x6e\x20\xc3\xa0\x69"},
    {0x8011, "\x64\x20\x75\xc4\x81\x6e"},
    {0x8012, "\x6c\x20\xc4\x9b\x69"},
    {0x8013, "\x74\x20\xc4\xab\x6e\x67"},
    {0x8014, "\x7a\x20\xc7\x90"},
    {0x8015, "\x67\x20\xc4\x93\x6e\x67"},
    {0x8016, "\x63\x68\x20\xc3\xa0\x6f"},
    {0x8017, "\x68\x20\xc3\xa0\x6f"},
    {0x8018, "\x79\x20\xc3\xba\x6e"},
    {0x8019, "\x62\x20\xc3\xa0"},
    {0x801A, "\x70\x20\xc4\xab"},
    {0x801B, "\x79\x20\xc3\xad"},
    {0x801C, "\x73\x20\xc3\xac"},
    {0x801D, "\x71\x20\xc3\xb9"},
    {0x801E, "\x6a\x20\x69\xc4\x81"},
    {0x801F, "\x6a\x20\xc3\xb9"},
    {0x8020, "\x68\x20\x75\xc5\x8d"},
    {0x8021, "\x63\x68\x20\xc3\xba"},
    {0x8022, "\x6c\x20\xc3\xa0\x6f"},
    {0x8023, "\x6c\x20\xc7\x94\x6e"},
    {0x8024, "\x6a\x20\xc3\xad"},
    {0x8025, "\x74\x20\xc4\x81\x6e\x67"},
    {0x8026, "\xc7\x92\x75"},
    {0x8027, "\x6c\x20\xc3\xb3\x75"},
    {0x8028, "\x6e\x20\xc3\xb2\x75"},
    {0x8029, "\x6a\x20\x69\xc7\x8e\x6e\x67"},
    {0x802A, "\x70\x20\xc7\x8e\x6e\x67"},
    {0x802B, "\x7a\x68\x20\xc3\xa1"},
    {0x802C, "\x6c\x20\xc3\xb3\x75"},
    {0x802D, "\x6a\x20\xc4\xab"},
    {0x802E, "\x6c\x20\xc3\xa0\x6f"},
    {0x802F, "\x68\x20\x75\xc3\xb2"},
    {0x8030, "\x79\x20\xc5\x8d\x75"},
    {0x8031, "\x6d\x20\xc3\xb2"},
    {0x8032, "\x68\x20\x75\xc3\xa1\x69"},
    {0x8033, "\xc4\x9b\x72"},
    {0x8034, "\x79\x20\xc3\xac"},
    {0x8035, "\x64\x20\xc4\xab\x6e\x67"},
    {0x8036, "\x79\x20\xc3\xa9"},
    {0x8037, "\x64\x20\xc4\x81"},
    {0x8038, "\x73\x20\xc7\x92\x6e\x67"},
    {0x8039, "\x71\x20\xc3\xad\x6e"},
    {0x803A, "\x79\x20\xc3\xba\x6e"},
    {0x803B, "\x63\x68\x20\xc7\x90"},
    {0x803C, "\x64\x20\xc4\x81\x6e"},
    {0x803D, "\x64\x20\xc4\x81\x6e"},
    {0x803E, "\x68\x20\xc3\xb3\x6e\x67"},
    {0x803F, "\x67\x20\xc4\x9b\x6e\x67"},
    {0x8040, "\x7a\x68\x20\xc3\xad"},
    {0x8041, "\x70\x20\xc3\xa0\x6e"},
    {0x8042, "\x6e\x20\x69\xc3\xa8"},
    {0x8043, "\x64\x20\xc4\x81\x6e"},
    {0x8044, "\x7a\x68\x20\xc4\x9b\x6e"},
    {0x8045, "\x63\x68\x20\xc3\xa8"},
    {0x8046, "\x6c\x20\xc3\xad\x6e\x67"},
    {0x8047, "\x7a\x68\x20\xc4\x93\x6e\x67"},
    {0x8048, "\x79\x20\xc7\x92\x75"},
    {0x8049, "\x77\x20\xc3\xa0"},
    {0x804A, "\x6c\x20\x69\xc3\xa1\x6f"},
    {0x804B, "\x6c\x20\xc3\xb3\x6e\x67"},
    {0x804C, "\x7a\x68\x20\xc3\xad"},
    {0x804D, "\x6e\x20\xc3\xad\x6e\x67"},
    {0x804E, "\x74\x20\x69\xc4\x81\x6f"},
    {0x804F, "\xc3\xa9\x72"},
    {0x8050, "\x79\x20\xc3\xa0"},
    {0x8051, "\x74\x20\x69\xc4\x93"},
    {0x8052, "\x67\x20\x75\xc4\x81"},
    {0x8053, "\x78\x20\xc3\xb9"},
    {0x8054, "\x6c\x20\x69\xc3\xa1\x6e"},
    {0x8055, "\x68\x20\xc3\xa0\x6f"},
    {0x8056, "\x73\x68\x20\xc3\xa8\x6e\x67"},
    {0x8057, "\x6c\x20\x69\xc3\xa8"},
    {0x8058, "\x70\x20\xc3\xac\x6e"},
    {0x8059, "\x6a\x20\xc4\xab\x6e\x67"},
    {0x805A, "\x6a\x20\xc3\xb9"},
    {0x805B, "\x62\x20\xc7\x90"},
    {0x805C, "\x64\x20\xc7\x90"},
    {0x805D, "\x67\x20\x75\xc3\xb3"},
    {0x805E, "\x77\x20\xc3\xa9\x6e"},
    {0x805F, "\x78\x20\xc3\xb9"},
    {0x8060, "\x70\x20\xc4\xab\x6e\x67"},
    {0x8061, "\x63\x20\xc5\x8d\x6e\x67"},
    {0x8062, "\x64\x20\xc3\xac\x6e\x67"},
    {0x8063, "\x6e\x20\xc3\xad"},
    {0x8064, "\x74\x20\xc3\xad\x6e\x67"},
    {0x8065, "\x6a\x20\xc7\x94"},
    {0x8066, "\x63\x20\xc5\x8d\x6e\x67"},
    {0x8067, "\x6b\x20\x75\xc4\xab"},
    {0x8068, "\x6c\x20\x69\xc3\xa1\x6e"},
    {0x8069, "\x6b\x20\x75\xc3\xac"},
    {0x806A, "\x63\x20\xc5\x8d\x6e\x67"},
    {0x806B, "\x6c\x20\x69\xc3\xa1\x6e"},
    {0x806C, "\x77\x20\xc4\x9b\x6e\x67"},
    {0x806D, "\x6b\x20\x75\xc3\xac"},
    {0x806E, "\x6c\x20\x69\xc3\xa1\x6e"},
    {0x806F, "\x6c\x20\x69\xc3\xa1\x6e"},
    {0x8070, "\x63\x20\xc5\x8d\x6e\x67"},
    {0x8071, "\xc3\xa1\x6f"},
    {0x8072, "\x73\x68\x20\xc4\x93\x6e\x67"},
    {0x8073, "\x73\x20\xc7\x92\x6e\x67"},
    {0x8074, "\x74\x20\xc4\xab\x6e\x67"},
    {0x8075, "\x6b\x20\x75\xc3\xac"},
    {0x8076, "\x6e\x20\x69\xc3\xa8"},
    {0x8077, "\x7a\x68\x20\xc3\xad"},
    {0x8078, "\x64\x20\xc4\x81\x6e"},
    {0x8079, "\x6e\x20\xc3\xad\x6e\x67"},
    {0x807A, "\x71\x20\x69\xc3\xa9"},
    {0x807B, "\x6e\x20\xc7\x90"},
    {0x807C, "\x74\x20\xc4\xab\x6e\x67"},
    {0x807D, "\x74\x20\xc4\xab\x6e\x67"},
    {0x807E, "\x6c\x20\xc3\xb3\x6e\x67"},
    {0x807F, "\x79\x20\xc3\xb9"},
    {0x8080, "\x79\x20\xc3\xb9"},
    {0x8081, "\x7a\x68\x20\xc3\xa0\x6f"},
    {0x8082, "\x73\x20\xc3\xac"},
    {0x8083, "\x73\x20\xc3\xb9"},
    {0x8084, "\x79\x20\xc3\xac"},
    {0x8085, "\x73\x20\xc3\xb9"},
    {0x8086, "\x73\x20\xc3\xac"},
    {0x8087, "\x7a\x68\x20\xc3\xa0\x6f"},
    {0x8088, "\x7a\x68\x20\xc3\xa0\x6f"},
    {0x8089, "\x72\x20\xc3\xb2\x75"},
    {0x808A, "\x79\x20\xc3\xac"},
    {0x808B, "\x6c\x20\xc4\x93"},
    {0x808C, "\x6a\x20\xc4\xab"},
    {0x808D, "\x71\x20\x69\xc3\xba"},
    {0x808E, "\x6b\x20\xc4\x9b\x6e"},
    {0x808F, "\x63\x20\xc3\xa0\x6f"},
    {0x8090, "\x67\x20\xc4\x93"},
    {0x8091, "\x62\x20\xc3\xb3"},
    {0x8092, "\x68\x20\x75\xc3\xa0\x6e"},
    {0x8093, "\x68\x20\x75\xc4\x81\x6e\x67"},
    {0x8094, "\x63\x68\x20\xc7\x90"},
    {0x8095, "\x72\x20\xc3\xa8\x6e"},
    {0x8096, "\x78\x20\x69\xc3\xa0\x6f"},
    {0x8097, "\x72\x20\xc7\x94"},
    {0x8098, "\x7a\x68\x20\xc7\x92\x75"},
    {0x8099, "\x79\x20\x75\xc3\xa0\x6e"},
    {0x809A, "\x64\x20\xc3\xb9"},
    {0x809B, "\x67\x20\xc4\x81\x6e\x67"},
    {0x809C, "\x72\x20\xc3\xb3\x6e\x67"},
    {0x809D, "\x67\x20\xc4\x81\x6e"},
    {0x809E, "\x63\x68\x20\xc4\x81"},
    {0x809F, "\x77\x20\xc3\xb2"},
    {0x80A0, "\x63\x68\x20\xc3\xa1\x6e\x67"},
    {0x80A1, "\x67\x20\xc7\x94"},
    {0x80A2, "\x7a\x68\x20\xc4\xab"},
    {0x80A3, "\x68\x20\xc3\xa1\x6e"},
    {0x80A4, "\x66\x20\xc5\xab"},
    {0x80A5, "\x66\x20\xc3\xa9\x69"},
    {0x80A6, "\x66\x20\xc3\xa9\x6e"},
    {0x80A7, "\x70\x20\xc4\x93\x69"},
    {0x80A8, "\x70\x20\xc3\xa0\x6e\x67"},
    {0x80A9, "\x6a\x20\x69\xc4\x81\x6e"},
    {0x80AA, "\x66\x20\xc3\xa1\x6e\x67"},
    {0x80AB, "\x7a\x68\x20\xc5\xab\x6e"},
    {0x80AC, "\x79\x20\xc3\xb3\x75"},
    {0x80AD, "\x6e\x20\xc3\xa0"},
    {0x80AE, "\xc4\x81\x6e\x67"},
    {0x80AF, "\x6b\x20\xc4\x9b\x6e"},
    {0x80B0, "\x72\x20\xc3\xa1\x6e"},
    {0x80B1, "\x67\x20\xc5\x8d\x6e\x67"},
    {0x80B2, "\x79\x20\xc3\xb9"},
    {0x80B3, "\x77\x20\xc4\x9b\x6e"},
    {0x80B4, "\x79\x20\xc3\xa1\x6f"},
    {0x80B5, "\x71\x20\xc3\xad"},
    {0x80B6, "\x70\x20\xc3\xad"},
    {0x80B7, "\x71\x20\x69\xc7\x8e\x6e"},
    {0x80B8, "\x78\x20\xc4\xab"},
    {0x80B9, "\x78\x20\xc4\xab"},
    {0x80BA, "\x66\x20\xc3\xa8\x69"},
    {0x80BB, "\x6b\x20\xc4\x9b\x6e"},
    {0x80BC, "\x6a\x20\xc7\x90\x6e\x67"},
    {0x80BD, "\x74\x20\xc3\xa0\x69"},
    {0x80BE, "\x73\x68\x20\xc3\xa8\x6e"},
    {0x80BF, "\x7a\x68\x20\xc7\x92\x6e\x67"},
    {0x80C0, "\x7a\x68\x20\xc3\xa0\x6e\x67"},
    {0x80C1, "\x78\x20\x69\xc3\xa9"},
    {0x80C2, "\x73\x68\x20\xc3\xa8\x6e"},
    {0x80C3, "\x77\x20\xc3\xa8\x69"},
    {0x80C4, "\x7a\x68\x20\xc3\xb2\x75"},
    {0x80C5, "\x64\x20\x69\xc3\xa9"},
    {0x80C6, "\x64\x20\xc7\x8e\x6e"},
    {0x80C7, "\x66\x20\xc3\xa8\x69"},
    {0x80C8, "\x62\x20\xc3\xa1"},
    {0x80C9, "\x62\x20\xc3\xb3"},
    {0x80CA, "\x71\x20\xc3\xba"},
    {0x80CB, "\x74\x20\x69\xc3\xa1\x6e"},
    {0x80CC, "\x62\x20\xc3\xa8\x69"},
    {0x80CD, "\x67\x20\x75\xc4\x81"},
    {0x80CE, "\x74\x20\xc4\x81\x69"},
    {0x80CF, "\x7a\x20\xc7\x90"},
    {0x80D0, "\x66\x20\xc4\x9b\x69"},
    {0x80D1, "\x7a\x68\x20\xc4\xab"},
    {0x80D2, "\x6e\x20\xc3\xac"},
    {0x80D3, "\x70\x20\xc3\xad\x6e\x67"},
    {0x80D4, "\x7a\x20\xc3\xac"},
    {0x80D5, "\x66\x20\xc7\x94"},
    {0x80D6, "\x70\x20\xc3\xa0\x6e\x67"},
    {0x80D7, "\x7a\x68\x20\xc4\x93\x6e"},
    {0x80D8, "\x78\x20\x69\xc3\xa1\x6e"},
    {0x80D9, "\x7a\x20\x75\xc3\xb2"},
    {0x80DA, "\x70\x20\xc4\x93\x69"},
    {0x80DB, "\x6a\x20\x69\xc7\x8e"},
    {0x80DC, "\x73\x68\x20\xc3\xa8\x6e\x67"},
    {0x80DD, "\x7a\x68\x20\xc4\xab"},
    {0x80DE, "\x62\x20\xc4\x81\x6f"},
    {0x80DF, "\x6d\x20\xc7\x94"},
    {0x80E0, "\x71\x20\xc5\xab"},
    {0x80E1, "\x68\x20\xc3\xba"},
    {0x80E2, "\x6b\x20\xc4\x93"},
    {0x80E3, "\x63\x68\x20\xc7\x90"},
    {0x80E4, "\x79\x20\xc3\xac\x6e"},
    {0x80E5, "\x78\x20\xc5\xab"},
    {0x80E6, "\x79\x20\xc4\x81\x6e\x67"},
    {0x80E7, "\x6c\x20\xc3\xb3\x6e\x67"},
    {0x80E8, "\x64\x20\xc3\xb2\x6e\x67"},
    {0x80E9, "\x6b\x20\xc7\x8e"},
    {0x80EA, "\x6c\x20\xc3\xba"},
    {0x80EB, "\x6a\x20\xc3\xac\x6e\x67"},
    {0x80EC, "\x6e\x20\xc7\x94"},
    {0x80ED, "\x79\x20\xc4\x81\x6e"},
    {0x80EE, "\x70\x20\xc4\x81\x6e\x67"},
    {0x80EF, "\x6b\x20\x75\xc3\xa0"},
    {0x80F0, "\x79\x20\xc3\xad"},
    {0x80F1, "\x67\x20\x75\xc4\x81\x6e\x67"},
    {0x80F2, "\x68\x20\xc7\x8e\x69"},
    {0x80F3, "\x67\x20\xc4\x93"},
    {0x80F4, "\x64\x20\xc3\xb2\x6e\x67"},
    {0x80F5, "\x63\x68\x20\xc4\xab"},
    {0x80F6, "\x6a\x20\x69\xc4\x81\x6f"},
    {0x80F7, "\x78\x20\x69\xc5\x8d\x6e\x67"},
    {0x80F8, "\x78\x20\x69\xc5\x8d\x6e\x67"},
    {0x80F9, "\xc3\xa9\x72"},
    {0x80FA, "\xc3\xa0\x6e"},
    {0x80FB, "\x68\x20\xc3\xa9\x6e\x67"},
    {0x80FC, "\x70\x20\x69\xc3\xa1\x6e"},
    {0x80FD, "\x6e\x20\xc3\xa9\x6e\x67"},
    {0x80FE, "\x7a\x20\xc3\xac"},
    {0x80FF, "\x67\x20\x75\xc4\xab"},
    {0x8100, "\x63\x68\x20\xc3\xa9\x6e\x67"},
    {0x8101, "\x74\x20\x69\xc7\x8e\x6f"},
    {0x8102, "\x7a\x68\x20\xc4\xab"},
    {0x8103, "\x63\x20\x75\xc3\xac"},
    {0x8104, "\x6d\x20\xc3\xa9\x69"},
    {0x8105, "\x78\x20\x69\xc3\xa9"},
    {0x8106, "\x63\x20\x75\xc3\xac"},
    {0x8107, "\x78\x20\x69\xc3\xa9"},
    {0x8108, "\x6d\x20\xc3\xa0\x69"},
    {0x8109, "\x6d\x20\xc3\xa0\x69"},
    {0x810A, "\x6a\x20\xc3\xad"},
    {0x810B, "\x78\x20\x69\xc3\xa9"},
    {0x810C, "\x6e\x20\x69\x6e"},
    {0x810D, "\x6b\x20\x75\xc3\xa0\x69"},
    {0x810E, "\x73\x20\xc3\xa0"},
    {0x810F, "\x7a\x20\xc3\xa0\x6e\x67"},
    {0x8110, "\x71\x20\xc3\xad"},
    {0x8111, "\x6e\x20\xc7\x8e\x6f"},
    {0x8112, "\x6d\x20\xc7\x90"},
    {0x8113, "\x6e\x20\xc3\xb3\x6e\x67"},
    {0x8114, "\x6c\x20\x75\xc3\xa1\x6e"},
    {0x8115, "\x77\x20\xc3\xa0\x6e"},
    {0x8116, "\x62\x20\xc3\xb3"},
    {0x8117, "\x77\x20\xc4\x9b\x6e"},
    {0x8118, "\x77\x20\xc7\x8e\x6e"},
    {0x8119, "\x78\x20\x69\xc5\xab"},
    {0x811A, "\x6a\x20\x69\xc7\x8e\x6f"},
    {0x811B, "\x6a\x20\xc3\xac\x6e\x67"},
    {0x811C, "\x79\x20\xc7\x92\x75"},
    {0x811D, "\x68\x20\xc4\x93\x6e\x67"},
    {0x811E, "\x63\x20\x75\xc7\x92"},
    {0x811F, "\x6c\x20\x69\xc3\xa8"},
    {0x8120, "\x73\x68\x20\xc4\x81\x6e"},
    {0x8121, "\x74\x20\xc7\x90\x6e\x67"},
    {0x8122, "\x6d\x20\xc3\xa9\x69"},
    {0x8123, "\x63\x68\x20\xc3\xba\x6e"},
    {0x8124, "\x73\x68\x20\xc3\xa8\x6e"},
    {0x8125, "\x71\x20\x69\xc7\x8e\x6e"},
    {0x8126, "\x64\x20\x65"},
    {0x8127, "\x6a\x20\x75\xc4\x81\x6e"},
    {0x8128, "\x63\x20\xc3\xb9"},
    {0x8129, "\x78\x20\x69\xc5\xab"},
    {0x812A, "\x78\x20\xc3\xac\x6e"},
    {0x812B, "\x74\x20\x75\xc5\x8d"},
    {0x812C, "\x70\x20\xc4\x81\x6f"},
    {0x812D, "\x63\x68\x20\xc3\xa9\x6e\x67"},
    {0x812E, "\x6e\x20\xc4\x9b\x69"},
    {0x812F, "\x70\x20\xc3\xba"},
    {0x8130, "\x64\x20\xc3\xb2\x75"},
    {0x8131, "\x74\x20\x75\xc5\x8d"},
    {0x8132, "\x6e\x20\x69\xc3\xa0\x6f"},
    {0x8133, "\x6e\x20\xc7\x8e\x6f"},
    {0x8134, "\x70\x20\xc7\x90"},
    {0x8135, "\x67\x20\xc7\x94"},
    {0x8136, "\x6c\x20\x75\xc3\xb3"},
    {0x8137, "\x6c\x20\xc3\xac"},
    {0x8138, "\x6c\x20\x69\xc7\x8e\x6e"},
    {0x8139, "\x7a\x68\x20\xc3\xa0\x6e\x67"},
    {0x813A, "\x63\x20\x75\xc3\xac"},
    {0x813B, "\x6a\x20\x69\xc4\x93"},
    {0x813C, "\x6c\x20\x69\xc7\x8e\x6e\x67"},
    {0x813D, "\x73\x68\x20\x75\xc3\xad"},
    {0x813E, "\x70\x20\xc3\xad"},
    {0x813F, "\x62\x20\x69\xc4\x81\x6f"},
    {0x8140, "\x6c\x20\xc3\xba\x6e"},
    {0x8141, "\x70\x20\x69\xc3\xa1\x6e"},
    {0x8142, "\x6c\x20\xc4\x9b\x69"},
    {0x8143, "\x6b\x20\x75\xc3\xac"},
    {0x8144, "\x63\x68\x20\x75\xc3\xad"},
    {0x8145, "\x64\x20\xc3\xa0\x6e"},
    {0x8146, "\x74\x20\x69\xc7\x8e\x6e"},
    {0x8147, "\x6e\x20\xc4\x9b\x69"},
    {0x8148, "\x6a\x20\xc4\xab\x6e\x67"},
    {0x8149, "\x6e\x20\xc3\xa1\x69"},
    {0x814A, "\x6c\x20\xc3\xa0"},
    {0x814B, "\x79\x20\xc3\xa8"},
    {0x814C, "\x79\x20\xc4\x81\x6e"},
    {0x814D, "\x72\x20\xc3\xa8\x6e"},
    {0x814E, "\x73\x68\x20\xc3\xa8\x6e"},
    {0x814F, "\x63\x68\x20\x75\xc3\xb2"},
    {0x8150, "\x66\x20\xc7\x94"},
    {0x8151, "\x66\x20\xc7\x94"},
    {0x8152, "\x6a\x20\xc5\xab"},
    {0x8153, "\x66\x20\xc3\xa9\x69"},
    {0x8154, "\x71\x20\x69\xc4\x81\x6e\x67"},
    {0x8155, "\x77\x20\xc3\xa0\x6e"},
    {0x8156, "\x64\x20\xc3\xb2\x6e\x67"},
    {0x8157, "\x70\x20\xc3\xad"},
    {0x8158, "\x67\x20\x75\xc3\xb3"},
    {0x8159, "\x7a\x20\xc5\x8d\x6e\x67"},
    {0x815A, "\x64\x20\xc3\xac\x6e\x67"},
    {0x815B, "\x77\x20\xc3\xb2"},
    {0x815C, "\x6d\x20\xc3\xa9\x69"},
    {0x815D, "\x6e\x20\xc3\xad"},
    {0x815E, "\x7a\x68\x20\x75\xc3\xa0\x6e"},
    {0x815F, "\x63\x68\x20\xc3\xac"},
    {0x8160, "\x63\x20\xc3\xb2\x75"},
    {0x8161, "\x6c\x20\x75\xc3\xb3"},
    {0x8162, "\xc7\x92\x75"},
    {0x8163, "\x64\x20\xc3\xac"},
    {0x8164, "\xc4\x81\x6e"},
    {0x8165, "\x78\x20\xc4\xab\x6e\x67"},
    {0x8166, "\x6e\x20\xc7\x8e\x6f"},
    {0x8167, "\x73\x68\x20\xc3\xb9"},
    {0x8168, "\x73\x68\x20\x75\xc3\xa0\x6e"},
    {0x8169, "\x6e\x20\xc7\x8e\x6e"},
    {0x816A, "\x79\x20\xc3\xb9\x6e"},
    {0x816B, "\x7a\x68\x20\xc7\x92\x6e\x67"},
    {0x816C, "\x72\x20\xc3\xb3\x75"},
    {0x816D, "\xc3\xa8"},
    {0x816E, "\x73\x20\xc4\x81\x69"},
    {0x816F, "\x74\x20\xc3\xba"},
    {0x8170, "\x79\x20\xc4\x81\x6f"},
    {0x8171, "\x6a\x20\x69\xc3\xa0\x6e"},
    {0x8172, "\x77\x20\xc4\x9b\x69"},
    {0x8173, "\x6a\x20\x69\xc7\x8e\x6f"},
    {0x8174, "\x79\x20\xc3\xba"},
    {0x8175, "\x6a\x20\x69\xc4\x81"},
    {0x8176, "\x64\x20\x75\xc3\xa0\x6e"},
    {0x8177, "\x62\x20\xc3\xac"},
    {0x8178, "\x63\x68\x20\xc3\xa1\x6e\x67"},
    {0x8179, "\x66\x20\xc3\xb9"},
    {0x817A, "\x78\x20\x69\xc3\xa0\x6e"},
    {0x817B, "\x6e\x20\xc3\xac"},
    {0x817C, "\x6d\x20\x69\xc7\x8e\x6e"},
    {0x817D, "\x77\x20\xc3\xa0"},
    {0x817E, "\x74\x20\xc3\xa9\x6e\x67"},
    {0x817F, "\x74\x20\x75\xc7\x90"},
    {0x8180, "\x62\x20\xc7\x8e\x6e\x67"},
    {0x8181, "\x71\x20\x69\xc7\x8e\x6e"},
    {0x8182, "\x6c\x20\xc7\x9a"},
    {0x8183, "\x77\x20\xc3\xa0"},
    {0x8184, "\x73\x68\x20\xc3\xb2\x75"},
    {0x8185, "\x74\x20\xc3\xa1\x6e\x67"},
    {0x8186, "\x73\x20\xc3\xb9"},
    {0x8187, "\x7a\x68\x20\x75\xc3\xac"},
    {0x8188, "\x67\x20\xc3\xa9"},
    {0x8189, "\x79\x20\xc3\xac"},
    {0x818A, "\x62\x20\xc3\xb3"},
    {0x818B, "\x6c\x20\x69\xc3\xa1\x6f"},
    {0x818C, "\x6a\x20\xc3\xad"},
    {0x818D, "\x70\x20\xc3\xad"},
    {0x818E, "\x78\x20\x69\xc3\xa9"},
    {0x818F, "\x67\x20\xc4\x81\x6f"},
    {0x8190, "\x6c\x20\xc7\x9a"},
    {0x8191, "\x62\x20\xc3\xac\x6e"},
    {0x8192, "\xc5\x8d\x75"},
    {0x8193, "\x63\x68\x20\xc3\xa1\x6e\x67"},
    {0x8194, "\x6c\x20\xc3\xb9"},
    {0x8195, "\x67\x20\x75\xc3\xb3"},
    {0x8196, "\x70\x20\xc4\x81\x6e\x67"},
    {0x8197, "\x63\x68\x20\x75\xc3\xa1\x69"},
    {0x8198, "\x62\x20\x69\xc4\x81\x6f"},
    {0x8199, "\x6a\x20\x69\xc7\x8e\x6e\x67"},
    {0x819A, "\x66\x20\xc5\xab"},
    {0x819B, "\x74\x20\xc3\xa1\x6e\x67"},
    {0x819C, "\x6d\x20\xc3\xb3"},
    {0x819D, "\x78\x20\xc4\xab"},
    {0x819E, "\x7a\x68\x20\x75\xc4\x81\x6e"},
    {0x819F, "\x6c\x20\xc7\x9c"},
    {0x81A0, "\x6a\x20\x69\xc4\x81\x6f"},
    {0x81A1, "\x79\x20\xc3\xac\x6e\x67"},
    {0x81A2, "\x6c\x20\xc7\x98"},
    {0x81A3, "\x7a\x68\x20\xc3\xac"},
    {0x81A4, "\x78\x20\x75\xc4\x9b"},
    {0x81A5, "\x63\x20\xc5\xab\x6e"},
    {0x81A6, "\x6c\x20\xc3\xac\x6e"},
    {0x81A7, "\x74\x20\xc3\xb3\x6e\x67"},
    {0x81A8, "\x70\x20\xc3\xa9\x6e\x67"},
    {0x81A9, "\x6e\x20\xc3\xac"},
    {0x81AA, "\x63\x68\x20\x75\xc3\xa0\x69"},
    {0x81AB, "\x6c\x20\x69\xc3\xa1\x6f"},
    {0x81AC, "\x63\x20\x75\xc3\xac"},
    {0x81AD, "\x67\x20\x75\xc4\xab"},
    {0x81AE, "\x78\x20\x69\xc4\x81\x6f"},
    {0x81AF, "\x74\x20\xc4\x93\x6e\x67"},
    {0x81B0, "\x66\x20\xc3\xa1\x6e"},
    {0x81B1, "\x7a\x68\x20\xc3\xad"},
    {0x81B2, "\x6a\x20\x69\xc4\x81\x6f"},
    {0x81B3, "\x73\x68\x20\xc3\xa0\x6e"},
    {0x81B4, "\x68\x20\xc5\xab"},
    {0x81B5, "\x63\x20\x75\xc3\xac"},
    {0x81B6, "\x72\x20\xc3\xb9\x6e"},
    {0x81B7, "\x78\x20\x69\xc4\x81\x6e\x67"},
    {0x81B8, "\x73\x20\x75\xc7\x90"},
    {0x81B9, "\x66\x20\xc3\xa8\x6e"},
    {0x81BA, "\x79\x20\xc4\xab\x6e\x67"},
    {0x81BB, "\x73\x68\x20\xc4\x81\x6e"},
    {0x81BC, "\x7a\x68\x20\x75\xc4\x81"},
    {0x81BD, "\x64\x20\xc7\x8e\x6e"},
    {0x81BE, "\x6b\x20\x75\xc3\xa0\x69"},
    {0x81BF, "\x6e\x20\xc3\xb3\x6e\x67"},
    {0x81C0, "\x74\x20\xc3\xba\x6e"},
    {0x81C1, "\x6c\x20\x69\xc3\xa1\x6e"},
    {0x81C2, "\x62\x20\xc3\xac"},
    {0x81C3, "\x79\x20\xc5\x8d\x6e\x67"},
    {0x81C4, "\x6a\x20\x75\xc3\xa9"},
    {0x81C5, "\x63\x68\x20\xc3\xb9"},
    {0x81C6, "\x79\x20\xc3\xac"},
    {0x81C7, "\x6a\x20\x75\xc7\x8e\x6e"},
    {0x81C8, "\x6c\x20\xc3\xa0"},
    {0x81C9, "\x6c\x20\x69\xc7\x8e\x6e"},
    {0x81CA, "\x73\x20\xc4\x81\x6f"},
    {0x81CB, "\x74\x20\xc3\xba\x6e"},
    {0x81CC, "\x67\x20\xc7\x94"},
    {0x81CD, "\x71\x20\xc3\xad"},
    {0x81CE, "\x63\x20\x75\xc3\xac"},
    {0x81CF, "\x62\x20\xc3\xac\x6e"},
    {0x81D0, "\x78\x20\xc5\xab\x6e"},
    {0x81D1, "\x6e\x20\xc3\xa0\x6f"},
    {0x81D2, "\x77\x20\xc3\xb2"},
    {0x81D3, "\x7a\x20\xc3\xa0\x6e\x67"},
    {0x81D4, "\x78\x20\x69\xc3\xa0\x6e"},
    {0x81D5, "\x62\x20\x69\xc4\x81\x6f"},
    {0x81D6, "\x78\x20\xc3\xac\x6e\x67"},
    {0x81D7, "\x6b\x20\x75\xc4\x81\x6e"},
    {0x81D8, "\x6c\x20\xc3\xa0"},
    {0x81D9, "\x79\x20\xc4\x81\x6e"},
    {0x81DA, "\x6c\x20\xc3\xba"},
    {0x81DB, "\x68\x20\x75\xc3\xb2"},
    {0x81DC, "\x7a\x20\xc4\x81"},
    {0x81DD, "\x6c\x20\x75\xc7\x92"},
    {0x81DE, "\x71\x20\xc3\xba"},
    {0x81DF, "\x7a\x20\xc3\xa0\x6e\x67"},
    {0x81E0, "\x6c\x20\x75\xc3\xa1\x6e"},
    {0x81E1, "\x6e\x20\xc3\xad"},
    {0x81E2, "\x7a\x20\xc4\x81"},
    {0x81E3, "\x63\x68\x20\xc3\xa9\x6e"},
    {0x81E4, "\x71\x20\x69\xc4\x81\x6e"},
    {0x81E5, "\x77\x20\xc3\xb2"},
    {0x81E6, "\x67\x20\x75\xc3\xa0\x6e\x67"},
    {0x81E7, "\x7a\x20\xc4\x81\x6e\x67"},
    {0x81E8, "\x6c\x20\xc3\xad\x6e"},
    {0x81E9, "\x67\x20\x75\xc7\x8e\x6e\x67"},
    {0x81EA, "\x7a\x20\xc3\xac"},
    {0x81EB, "\x6a\x20\x69\xc7\x8e\x6f"},
    {0x81EC, "\x6e\x20\x69\xc3\xa8"},
    {0x81ED, "\x63\x68\x20\xc3\xb2\x75"},
    {0x81EE, "\x6a\x20\xc3\xac"},
    {0x81EF, "\x67\x20\xc4\x81\x6f"},
    {0x81F0, "\x63\x68\x20\xc3\xb2\x75"},
    {0x81F1, "\x6d\x20\x69\xc3\xa1\x6e"},
    {0x81F2, "\x6e\x20\x69\xc3\xa8"},
    {0x81F3, "\x7a\x68\x20\xc3\xac"},
    {0x81F4, "\x7a\x68\x20\xc3\xac"},
    {0x81F5, "\x67\x20\xc3\xa9"},
    {0x81F6, "\x6a\x20\x69\xc3\xa0\x6e"},
    {0x81F7, "\x64\x20\x69\xc3\xa9"},
    {0x81F8, "\x7a\x68\x20\xc4\xab"},
    {0x81F9, "\x78\x20\x69\xc5\xab"},
    {0x81FA, "\x74\x20\xc3\xa1\x69"},
    {0x81FB, "\x7a\x68\x20\xc4\x93\x6e"},
    {0x81FC, "\x6a\x20\x69\xc3\xb9"},
    {0x81FD, "\x78\x20\x69\xc3\xa0\x6e"},
    {0x81FE, "\x79\x20\xc3\xba"},
    {0x81FF, "\x63\x68\x20\xc4\x81"},
    {0x8200, "\x79\x20\xc7\x8e\x6f"},
    {0x8201, "\x79\x20\xc3\xba"},
    {0x8202, "\x63\x68\x20\xc5\x8d\x6e\x67"},
    {0x8203, "\x78\x20\xc3\xac"},
    {0x8204, "\x78\x20\xc3\xac"},
    {0x8205, "\x6a\x20\x69\xc3\xb9"},
    {0x8206, "\x79\x20\xc3\xba"},
    {0x8207, "\x79\x20\xc7\x94"},
    {0x8208, "\x78\x20\xc3\xac\x6e\x67"},
    {0x8209, "\x6a\x20\xc7\x94"},
    {0x820A, "\x6a\x20\x69\xc3\xb9"},
    {0x820B, "\x78\x20\xc3\xac\x6e"},
    {0x820C, "\x73\x68\x20\xc3\xa9"},
    {0x820D, "\x73\x68\x20\xc4\x9b"},
    {0x820E, "\x73\x68\x20\xc3\xa8"},
    {0x820F, "\x6a\x20\x69\xc7\x94"},
    {0x8210, "\x73\x68\x20\xc3\xac"},
    {0x8211, "\x74\x20\xc4\x81\x6e"},
    {0x8212, "\x73\x68\x20\xc5\xab"},
    {0x8213, "\x73\x68\x20\xc3\xac"},
    {0x8214, "\x74\x20\x69\xc7\x8e\x6e"},
    {0x8215, "\x74\x20\xc3\xa0\x6e"},
    {0x8216, "\x70\x20\xc3\xb9"},
    {0x8217, "\x70\x20\xc3\xb9"},
    {0x8218, "\x67\x20\x75\xc7\x8e\x6e"},
    {0x8219, "\x68\x20\x75\xc3\xa0"},
    {0x821A, "\x74\x20\x69\xc3\xa0\x6e"},
    {0x821B, "\x63\x68\x20\x75\xc7\x8e\x6e"},
    {0x821C, "\x73\x68\x20\xc3\xb9\x6e"},
    {0x821D, "\x78\x20\x69\xc3\xa1"},
    {0x821E, "\x77\x20\xc7\x94"},
    {0x821F, "\x7a\x68\x20\xc5\x8d\x75"},
    {0x8220, "\x64\x20\xc4\x81\x6f"},
    {0x8221, "\x63\x68\x20\x75\xc3\xa1\x6e"},
    {0x8222, "\x73\x68\x20\xc4\x81\x6e"},
    {0x8223, "\x79\x20\xc7\x90"},
    {0x8224, "\x66\x20\xc3\xa1\x6e"},
    {0x8225, "\x70\x20\xc4\x81"},
    {0x8226, "\x74\x20\xc3\xa0\x69"},
    {0x8227, "\x66\x20\xc3\xa1\x6e"},
    {0x8228, "\x62\x20\xc7\x8e\x6e"},
    {0x8229, "\x63\x68\x20\x75\xc3\xa1\x6e"},
    {0x822A, "\x68\x20\xc3\xa1\x6e\x67"},
    {0x822B, "\x66\x20\xc7\x8e\x6e\x67"},
    {0x822C, "\x62\x20\xc4\x81\x6e"},
    {0x822D, "\x62\x20\xc7\x90"},
    {0x822E, "\x6c\x20\xc3\xba"},
    {0x822F, "\x7a\x68\x20\xc5\x8d\x6e\x67"},
    {0x8230, "\x6a\x20\x69\xc3\xa0\x6e"},
    {0x8231, "\x63\x20\xc4\x81\x6e\x67"},
    {0x8232, "\x6c\x20\xc3\xad\x6e\x67"},
    {0x8233, "\x7a\x68\x20\xc3\xba"},
    {0x8234, "\x7a\x20\xc3\xa9"},
    {0x8235, "\x64\x20\x75\xc3\xb2"},
    {0x8236, "\x62\x20\xc3\xb3"},
    {0x8237, "\x78\x20\x69\xc3\xa1\x6e"},
    {0x8238, "\x67\x20\xc4\x9b"},
    {0x8239, "\x63\x68\x20\x75\xc3\xa1\x6e"},
    {0x823A, "\x78\x20\x69\xc3\xa1"},
    {0x823B, "\x6c\x20\xc3\xba"},
    {0x823C, "\x71\x20\x69\xc3\xb3\x6e\x67"},
    {0x823D, "\x70\x20\xc3\xa1\x6e\x67"},
    {0x823E, "\x78\x20\xc4\xab"},
    {0x823F, "\x6b\x20\x75\xc4\x81"},
    {0x8240, "\x66\x20\xc3\xba"},
    {0x8241, "\x7a\x20\xc3\xa0\x6f"},
    {0x8242, "\x66\x20\xc3\xa9\x6e\x67"},
    {0x8243, "\x6c\x20\xc3\xad"},
    {0x8244, "\x73\x68\x20\xc4\x81\x6f"},
    {0x8245, "\x79\x20\xc3\xba"},
    {0x8246, "\x6c\x20\xc3\xa1\x6e\x67"},
    {0x8247, "\x74\x20\xc7\x90\x6e\x67"},
    {0x8248, "\x79\x20\xc3\xb9"},
    {0x8249, "\x77\x20\xc4\x9b\x69"},
    {0x824A, "\x62\x20\xc3\xb3"},
    {0x824B, "\x6d\x20\xc4\x9b\x6e\x67"},
    {0x824C, "\x6e\x20\x69\xc3\xa0\x6e"},
    {0x824D, "\x6a\x20\xc5\xab"},
    {0x824E, "\x68\x20\x75\xc3\xa1\x6e\x67"},
    {0x824F, "\x73\x68\x20\xc7\x92\x75"},
    {0x8250, "\x6b\x20\xc3\xa8"},
    {0x8251, "\x62\x20\x69\xc3\xa0\x6e"},
    {0x8252, "\x6d\x20\xc3\xb9"},
    {0x8253, "\x64\x20\x69\xc3\xa9"},
    {0x8254, "\x64\x20\xc3\xa0\x6f"},
    {0x8255, "\x62\x20\xc3\xa0\x6e\x67"},
    {0x8256, "\x63\x68\x20\xc4\x81"},
    {0x8257, "\x79\x20\xc3\xac"},
    {0x8258, "\x73\x20\xc5\x8d\x75"},
    {0x8259, "\x63\x20\xc4\x81\x6e\x67"},
    {0x825A, "\x63\x20\xc3\xa1\x6f"},
    {0x825B, "\x6c\x20\xc3\xb3\x75"},
    {0x825C, "\x64\x20\xc3\xa0\x69"},
    {0x825D, "\x78\x20\x75\xc4\x9b"},
    {0x825E, "\x79\x20\xc3\xa0\x6f"},
    {0x825F, "\x63\x68\x20\xc5\x8d\x6e\x67"},
    {0x8260, "\x64\x20\xc4\x93\x6e\x67"},
    {0x8261, "\x64\x20\xc4\x81\x6e\x67"},
    {0x8262, "\x71\x20\x69\xc3\xa1\x6e\x67"},
    {0x8263, "\x6c\x20\xc7\x94"},
    {0x8264, "\x79\x20\xc7\x90"},
    {0x8265, "\x6a\x20\xc3\xad"},
    {0x8266, "\x6a\x20\x69\xc3\xa0\x6e"},
    {0x8267, "\x68\x20\x75\xc3\xb2"},
    {0x8268, "\x6d\x20\xc3\xa9\x6e\x67"},
    {0x8269, "\x71\x20\xc3\xad"},
    {0x826A, "\x6c\x20\xc7\x94"},
    {0x826B, "\x6c\x20\xc3\xba"},
    {0x826C, "\x63\x68\x20\xc3\xa1\x6e"},
    {0x826D, "\x73\x68\x20\x75\xc4\x81\x6e\x67"},
    {0x826E, "\x67\x20\xc4\x9b\x6e"},
    {0x826F, "\x6c\x20\x69\xc3\xa1\x6e\x67"},
    {0x8270, "\x6a\x20\x69\xc4\x81\x6e"},
    {0x8271, "\x6a\x20\x69\xc4\x81\x6e"},
    {0x8272, "\x73\x20\xc3\xa8"},
    {0x8273, "\x79\x20\xc3\xa0\x6e"},
    {0x8274, "\x66\x20\xc3\xba"},
    {0x8275, "\x70\x20\xc4\xab\x6e\x67"},
    {0x8276, "\x79\x20\xc3\xa0\x6e"},
    {0x8277, "\x79\x20\xc3\xa0\x6e"},
    {0x8278, "\x63\x20\xc7\x8e\x6f"},
    {0x8279, "\x63\x20\xc7\x8e\x6f"},
    {0x827A, "\x79\x20\xc3\xac"},
    {0x827B, "\x6c\x20\xc3\xa8"},
    {0x827C, "\x74\x20\xc4\xab\x6e\x67"},
    {0x827D, "\x6a\x20\x69\xc4\x81\x6f"},
    {0x827E, "\xc3\xa0\x69"},
    {0x827F, "\x6e\x20\xc7\x8e\x69"},
    {0x8280, "\x74\x20\x69\xc3\xa1\x6f"},
    {0x8281, "\x6a\x20\x69\xc4\x81\x6f"},
    {0x8282, "\x6a\x20\x69\xc3\xa9"},
    {0x8283, "\x70\x20\xc3\xa9\x6e\x67"},
    {0x8284, "\x77\x20\xc3\xa1\x6e"},
    {0x8285, "\x79\x20\xc3\xac"},
    {0x8286, "\x63\x68\x20\xc4\x81\x69"},
    {0x8287, "\x6d\x20\x69\xc3\xa1\x6e"},
    {0x8288, "\x6d\x20\xc7\x90"},
    {0x8289, "\x67\x20\xc4\x81\x6e"},
    {0x828A, "\x71\x20\x69\xc4\x81\x6e"},
    {0x828B, "\x79\x20\xc3\xb9"},
    {0x828C, "\x79\x20\xc3\xb9"},
    {0x828D, "\x73\x68\x20\xc3\xa1\x6f"},
    {0x828E, "\x71\x20\x69\xc5\x8d\x6e\x67"},
    {0x828F, "\x64\x20\xc3\xb9"},
    {0x8290, "\x68\x20\xc3\xb9"},
    {0x8291, "\x71\x20\xc7\x90"},
    {0x8292, "\x6d\x20\xc3\xa1\x6e\x67"},
    {0x8293, "\x7a\x20\xc3\xac"},
    {0x8294, "\x68\x20\x75\xc3\xac"},
    {0x8295, "\x73\x20\x75\xc4\xab"},
    {0x8296, "\x7a\x68\x20\xc3\xac"},
    {0x8297, "\x78\x20\x69\xc4\x81\x6e\x67"},
    {0x8298, "\x70\x20\xc3\xad"},
    {0x8299, "\x66\x20\xc3\xba"},
    {0x829A, "\x74\x20\xc3\xba\x6e"},
    {0x829B, "\x77\x20\xc4\x9b\x69"},
    {0x829C, "\x77\x20\xc3\xba"},
    {0x829D, "\x7a\x68\x20\xc4\xab"},
    {0x829E, "\x71\x20\xc3\xac"},
    {0x829F, "\x73\x68\x20\xc4\x81\x6e"},
    {0x82A0, "\x77\x20\xc3\xa9\x6e"},
    {0x82A1, "\x71\x20\x69\xc3\xa0\x6e"},
    {0x82A2, "\x72\x20\xc3\xa9\x6e"},
    {0x82A3, "\x66\x20\xc3\xba"},
    {0x82A4, "\x6b\x20\xc5\x8d\x75"},
    {0x82A5, "\x6a\x20\x69\xc3\xa8"},
    {0x82A6, "\x6c\x20\xc3\xba"},
    {0x82A7, "\x78\x20\xc3\xb9"},
    {0x82A8, "\x6a\x20\xc4\xab"},
    {0x82A9, "\x71\x20\xc3\xad\x6e"},
    {0x82AA, "\x71\x20\xc3\xad"},
    {0x82AB, "\x79\x20\xc3\xa1\x6e"},
    {0x82AC, "\x66\x20\xc4\x93\x6e"},
    {0x82AD, "\x62\x20\xc4\x81"},
    {0x82AE, "\x72\x20\x75\xc3\xac"},
    {0x82AF, "\x78\x20\xc4\xab\x6e"},
    {0x82B0, "\x6a\x20\xc3\xac"},
    {0x82B1, "\x68\x20\x75\xc4\x81"},
    {0x82B2, "\x68\x20\x75\xc4\x81"},
    {0x82B3, "\x66\x20\xc4\x81\x6e\x67"},
    {0x82B4, "\x77\x20\xc3\xb9"},
    {0x82B5, "\x6a\x20\x75\xc3\xa9"},
    {0x82B6, "\x67\x20\xc7\x92\x75"},
    {0x82B7, "\x7a\x68\x20\xc7\x90"},
    {0x82B8, "\x79\x20\xc3\xba\x6e"},
    {0x82B9, "\x71\x20\xc3\xad\x6e"},
    {0x82BA, "\xc7\x8e\x6f"},
    {0x82BB, "\x63\x68\x20\xc3\xba"},
    {0x82BC, "\x6d\x20\xc3\xa0\x6f"},
    {0x82BD, "\x79\x20\xc3\xa1"},
    {0x82BE, "\x66\x20\xc3\xa8\x69"},
    {0x82BF, "\x72\x20\xc3\xa8\x6e\x67"},
    {0x82C0, "\x68\x20\xc3\xa1\x6e\x67"},
    {0x82C1, "\x63\x20\xc5\x8d\x6e\x67"},
    {0x82C2, "\x79\x20\xc3\xad\x6e"},
    {0x82C3, "\x79\x20\xc7\x92\x75"},
    {0x82C4, "\x62\x20\x69\xc3\xa0\x6e"},
    {0x82C5, "\x79\x20\xc3\xac"},
    {0x82C6, "\x71\x20\x69\xc4\x93"},
    {0x82C7, "\x77\x20\xc4\x9b\x69"},
    {0x82C8, "\x6c\x20\xc3\xac"},
    {0x82C9, "\x70\x20\xc7\x90"},
    {0x82CA, "\xc3\xa8"},
    {0x82CB, "\x78\x20\x69\xc3\xa0\x6e"},
    {0x82CC, "\x63\x68\x20\xc3\xa1\x6e\x67"},
    {0x82CD, "\x63\x20\xc4\x81\x6e\x67"},
    {0x82CE, "\x7a\x68\x20\xc3\xb9"},
    {0x82CF, "\x73\x20\xc5\xab"},
    {0x82D0, "\x74\x20\xc3\xad"},
    {0x82D1, "\x79\x20\x75\xc3\xa0\x6e"},
    {0x82D2, "\x72\x20\xc7\x8e\x6e"},
    {0x82D3, "\x6c\x20\xc3\xad\x6e\x67"},
    {0x82D4, "\x74\x20\xc3\xa1\x69"},
    {0x82D5, "\x73\x68\x20\xc3\xa1\x6f"},
    {0x82D6, "\x64\x20\xc3\xad"},
    {0x82D7, "\x6d\x20\x69\xc3\xa1\x6f"},
    {0x82D8, "\x71\x20\xc7\x90\x6e\x67"},
    {0x82D9, "\x6c\x20\xc3\xac"},
    {0x82DA, "\x79\x20\xc3\xb2\x6e\x67"},
    {0x82DB, "\x6b\x20\xc4\x93"},
    {0x82DC, "\x6d\x20\xc3\xb9"},
    {0x82DD, "\x62\x20\xc3\xa8\x69"},
    {0x82DE, "\x62\x20\xc4\x81\x6f"},
    {0x82DF, "\x67\x20\xc7\x92\x75"},
    {0x82E0, "\x6d\x20\xc3\xad\x6e"},
    {0x82E1, "\x79\x20\xc7\x90"},
    {0x82E2, "\x79\x20\xc7\x90"},
    {0x82E3, "\x6a\x20\xc3\xb9"},
    {0x82E4, "\x70\x20\x69\xc4\x9b"},
    {0x82E5, "\x72\x20\x75\xc3\xb2"},
    {0x82E6, "\x6b\x20\xc7\x94"},
    {0x82E7, "\x6e\x20\xc3\xad\x6e\x67"},
    {0x82E8, "\x6e\x20\xc7\x90"},
    {0x82E9, "\x62\x20\xc3\xb3"},
    {0x82EA, "\x62\x20\xc7\x90\x6e\x67"},
    {0x82EB, "\x73\x68\x20\xc4\x81\x6e"},
    {0x82EC, "\x78\x20\x69\xc3\xba"},
    {0x82ED, "\x79\x20\xc7\x8e\x6f"},
    {0x82EE, "\x78\x20\x69\xc4\x81\x6e"},
    {0x82EF, "\x62\x20\xc4\x9b\x6e"},
    {0x82F0, "\x68\x20\xc3\xb3\x6e\x67"},
    {0x82F1, "\x79\x20\xc4\xab\x6e\x67"},
    {0x82F2, "\x7a\x68\x20\xc7\x8e"},
    {0x82F3, "\x64\x20\xc5\x8d\x6e\x67"},
    {0x82F4, "\x6a\x20\xc5\xab"},
    {0x82F5, "\x64\x20\x69\xc3\xa9"},
    {0x82F6, "\x6e\x20\x69\xc3\xa9"},
    {0x82F7, "\x67\x20\xc4\x81\x6e"},
    {0x82F8, "\x68\x20\xc5\xab"},
    {0x82F9, "\x70\x20\xc3\xad\x6e\x67"},
    {0x82FA, "\x6d\x20\xc3\xa9\x69"},
    {0x82FB, "\x66\x20\xc3\xba"},
    {0x82FC, "\x73\x68\x20\xc4\x93\x6e\x67"},
    {0x82FD, "\x67\x20\xc5\xab"},
    {0x82FE, "\x62\x20\xc3\xac"},
    {0x82FF, "\x77\x20\xc3\xa8\x69"},
    {0x8300, "\x66\x20\xc3\xba"},
    {0x8301, "\x7a\x68\x20\x75\xc3\xb3"},
    {0x8302, "\x6d\x20\xc3\xa0\x6f"},
    {0x8303, "\x66\x20\xc3\xa0\x6e"},
    {0x8304, "\x6a\x20\x69\xc4\x81"},
    {0x8305, "\x6d\x20\xc3\xa1\x6f"},
    {0x8306, "\x6d\x20\xc3\xa1\x6f"},
    {0x8307, "\x62\x20\xc3\xa1"},
    {0x8308, "\x63\x20\xc3\xad"},
    {0x8309, "\x6d\x20\xc3\xb2"},
    {0x830A, "\x7a\x20\xc4\xab"},
    {0x830B, "\x7a\x68\x20\xc7\x90"},
    {0x830C, "\x63\x68\x20\xc3\xad"},
    {0x830D, "\x6a\x20\xc3\xac"},
    {0x830E, "\x6a\x20\xc4\xab\x6e\x67"},
    {0x830F, "\x6c\x20\xc3\xb3\x6e\x67"},
    {0x8310, "\x63\x20\xc5\x8d\x6e\x67"},
    {0x8311, "\x6e\x20\x69\xc7\x8e\x6f"},
    {0x8312, "\x79\x20\x75\xc3\xa1\x6e"},
    {0x8313, "\x78\x20\x75\xc3\xa9"},
    {0x8314, "\x79\x20\xc3\xad\x6e\x67"},
    {0x8315, "\x71\x20\x69\xc3\xb3\x6e\x67"},
    {0x8316, "\x67\x20\xc3\xa9"},
    {0x8317, "\x6d\x20\xc3\xad\x6e\x67"},
    {0x8318, "\x6c\x20\xc3\xac"},
    {0x8319, "\x72\x20\xc3\xb3\x6e\x67"},
    {0x831A, "\x79\x20\xc3\xac\x6e"},
    {0x831B, "\x67\x20\xc3\xa8\x6e"},
    {0x831C, "\x71\x20\x69\xc3\xa0\x6e"},
    {0x831D, "\x63\x68\x20\xc7\x8e\x69"},
    {0x831E, "\x63\x68\x20\xc3\xa9\x6e"},
    {0x831F, "\x79\x20\xc3\xb9"},
    {0x8320, "\x68\x20\xc4\x81\x6f"},
    {0x8321, "\x7a\x20\xc3\xac"},
    {0x8322, "\x6c\x20\x69\xc3\xa8"},
    {0x8323, "\x77\x20\xc3\xba"},
    {0x8324, "\x6a\x20\xc3\xac"},
    {0x8325, "\x67\x20\x75\xc4\xab"},
    {0x8326, "\x63\x20\xc3\xac"},
    {0x8327, "\x6a\x20\x69\xc7\x8e\x6e"},
    {0x8328, "\x63\x20\xc3\xad"},
    {0x8329, "\x67\x20\xc3\xb2\x75"},
    {0x832A, "\x67\x20\x75\xc4\x81\x6e\x67"},
    {0x832B, "\x6d\x20\xc3\xa1\x6e\x67"},
    {0x832C, "\x63\x68\x20\xc3\xa1"},
    {0x832D, "\x6a\x20\x69\xc4\x81\x6f"},
    {0x832E, "\x6a\x20\x69\xc4\x81\x6f"},
    {0x832F, "\x66\x20\xc3\xba"},
    {0x8330, "\x79\x20\xc3\xba"},
    {0x8331, "\x7a\x68\x20\xc5\xab"},
    {0x8332, "\x7a\x20\xc4\xab"},
    {0x8333, "\x6a\x20\x69\xc4\x81\x6e\x67"},
    {0x8334, "\x68\x20\x75\xc3\xad"},
    {0x8335, "\x79\x20\xc4\xab\x6e"},
    {0x8336, "\x63\x68\x20\xc3\xa1"},
    {0x8337, "\x66\x20\xc3\xa1"},
    {0x8338, "\x72\x20\xc5\x8d\x6e\x67"},
    {0x8339, "\x72\x20\xc3\xba"},
    {0x833A, "\x63\x68\x20\xc5\x8d\x6e\x67"},
    {0x833B, "\x6d\x20\xc7\x8e\x6e\x67"},
    {0x833C, "\x74\x20\xc3\xb3\x6e\x67"},
    {0x833D, "\x7a\x68\x20\xc3\xb2\x6e\x67"},
    {0x833E, "\x71\x20\x69\xc4\x81\x6e"},
    {0x833F, "\x7a\x68\x20\xc3\xba"},
    {0x8340, "\x78\x20\xc3\xba\x6e"},
    {0x8341, "\x68\x20\x75\xc3\xa1\x6e"},
    {0x8342, "\x66\x20\xc5\xab"},
    {0x8343, "\x71\x20\x75\xc3\xa1\x6e"},
    {0x8344, "\x67\x20\xc4\x81\x69"},
    {0x8345, "\x64\x20\xc4\x81"},
    {0x8346, "\x6a\x20\xc4\xab\x6e\x67"},
    {0x8347, "\x78\x20\xc3\xac\x6e\x67"},
    {0x8348, "\x63\x68\x20\x75\xc7\x8e\x6e"},
    {0x8349, "\x63\x20\xc7\x8e\x6f"},
    {0x834A, "\x6a\x20\xc4\xab\x6e\x67"},
    {0x834B, "\xc3\xa9\x72"},
    {0x834C, "\xc3\xa0\x6e"},
    {0x834D, "\x71\x20\x69\xc3\xa1\x6f"},
    {0x834E, "\x63\x68\x20\xc3\xad"},
    {0x834F, "\x72\x20\xc4\x9b\x6e"},
    {0x8350, "\x6a\x20\x69\xc3\xa0\x6e"},
    {0x8351, "\x74\x20\xc3\xad"},
    {0x8352, "\x68\x20\x75\xc4\x81\x6e\x67"},
    {0x8353, "\x70\x20\xc3\xad\x6e\x67"},
    {0x8354, "\x6c\x20\xc3\xac"},
    {0x8355, "\x6a\x20\xc4\xab\x6e"},
    {0x8356, "\x6c\x20\xc7\x8e\x6f"},
    {0x8357, "\x73\x68\x20\xc3\xb9"},
    {0x8358, "\x7a\x68\x20\x75\xc4\x81\x6e\x67"},
    {0x8359, "\x64\x20\xc3\xa1"},
    {0x835A, "\x6a\x20\x69\xc3\xa1"},
    {0x835B, "\x72\x20\xc3\xa1\x6f"},
    {0x835C, "\x62\x20\xc3\xac"},
    {0x835D, "\x63\x20\xc3\xa8"},
    {0x835E, "\x71\x20\x69\xc3\xa1\x6f"},
    {0x835F, "\x68\x20\x75\xc3\xac"},
    {0x8360, "\x6a\x20\xc3\xac"},
    {0x8361, "\x64\x20\xc3\xa0\x6e\x67"},
    {0x8362, "\x7a\x20\xc3\xac"},
    {0x8363, "\x72\x20\xc3\xb3\x6e\x67"},
    {0x8364, "\x68\x20\xc5\xab\x6e"},
    {0x8365, "\x78\x20\xc3\xad\x6e\x67"},
    {0x8366, "\x6c\x20\x75\xc3\xb2"},
    {0x8367, "\x79\x20\xc3\xad\x6e\x67"},
    {0x8368, "\x78\x20\xc3\xba\x6e"},
    {0x8369, "\x6a\x20\xc3\xac\x6e"},
    {0x836A, "\x73\x20\xc5\xab\x6e"},
    {0x836B, "\x79\x20\xc4\xab\x6e"},
    {0x836C, "\x6d\x20\xc7\x8e\x69"},
    {0x836D, "\x68\x20\xc3\xb3\x6e\x67"},
    {0x836E, "\x7a\x68\x20\xc3\xb2\x75"},
    {0x836F, "\x79\x20\xc3\xa0\x6f"},
    {0x8370, "\x64\x20\xc3\xb9"},
    {0x8371, "\x77\x20\xc4\x9b\x69"},
    {0x8372, "\x6c\x20\xc3\xad"},
    {0x8373, "\x64\x20\xc3\xb2\x75"},
    {0x8374, "\x66\x20\xc5\xab"},
    {0x8375, "\x72\x20\xc4\x9b\x6e"},
    {0x8376, "\x79\x20\xc3\xad\x6e"},
    {0x8377, "\x68\x20\xc3\xa9"},
    {0x8378, "\x62\x20\xc3\xad"},
    {0x8379, "\x62\x20\xc3\xb9"},
    {0x837A, "\x79\x20\xc7\x94\x6e"},
    {0x837B, "\x64\x20\xc3\xad"},
    {0x837C, "\x74\x20\xc3\xba"},
    {0x837D, "\x73\x20\x75\xc4\xab"},
    {0x837E, "\x73\x20\x75\xc4\xab"},
    {0x837F, "\x63\x68\x20\xc3\xa9\x6e\x67"},
    {0x8380, "\x63\x68\x20\xc3\xa9\x6e"},
    {0x8381, "\x77\x20\xc3\xba"},
    {0x8382, "\x62\x20\x69\xc3\xa9"},
    {0x8383, "\x78\x20\xc4\xab"},
    {0x8384, "\x67\x20\xc4\x9b\x6e\x67"},
    {0x8385, "\x6c\x20\xc3\xac"},
    {0x8386, "\x70\x20\xc3\xba"},
    {0x8387, "\x7a\x68\x20\xc3\xb9"},
    {0x8388, "\x6d\x20\xc3\xb2"},
    {0x8389, "\x6c\x20\xc3\xac"},
    {0x838A, "\x7a\x68\x20\x75\xc4\x81\x6e\x67"},
    {0x838B, "\x7a\x20\x75\xc3\xb3"},
    {0x838C, "\x74\x20\x75\xc5\x8d"},
    {0x838D, "\x71\x20\x69\xc3\xba"},
    {0x838E, "\x73\x68\x20\xc4\x81"},
    {0x838F, "\x73\x20\x75\xc5\x8d"},
    {0x8390, "\x63\x68\x20\xc3\xa9\x6e"},
    {0x8391, "\x70\x20\xc3\xa9\x6e\x67"},
    {0x8392, "\x6a\x20\xc7\x94"},
    {0x8393, "\x6d\x20\xc3\xa9\x69"},
    {0x8394, "\x6d\x20\xc3\xa9\x6e\x67"},
    {0x8395, "\x78\x20\xc3\xac\x6e\x67"},
    {0x8396, "\x6a\x20\xc4\xab\x6e\x67"},
    {0x8397, "\x63\x68\x20\xc4\x93"},
    {0x8398, "\x73\x68\x20\xc4\x93\x6e"},
    {0x8399, "\x6a\x20\xc5\xab\x6e"},
    {0x839A, "\x79\x20\xc3\xa1\x6e"},
    {0x839B, "\x74\x20\xc3\xad\x6e\x67"},
    {0x839C, "\x79\x20\xc3\xb3\x75"},
    {0x839D, "\x63\x20\x75\xc3\xb2"},
    {0x839E, "\x67\x20\x75\xc7\x8e\x6e"},
    {0x839F, "\x68\x20\xc3\xa0\x6e"},
    {0x83A0, "\x79\x20\xc7\x92\x75"},
    {0x83A1, "\x63\x20\x75\xc3\xb2"},
    {0x83A2, "\x6a\x20\x69\xc3\xa1"},
    {0x83A3, "\x77\x20\xc3\xa1\x6e\x67"},
    {0x83A4, "\x73\x20\xc3\xb9"},
    {0x83A5, "\x6e\x20\x69\xc7\x94"},
    {0x83A6, "\x73\x68\x20\xc4\x81\x6f"},
    {0x83A7, "\x78\x20\x69\xc3\xa0\x6e"},
    {0x83A8, "\x6c\x20\xc3\xa0\x6e\x67"},
    {0x83A9, "\x66\x20\xc3\xba"},
    {0x83AA, "\xc3\xa9"},
    {0x83AB, "\x6d\x20\xc3\xb2"},
    {0x83AC, "\x77\x20\xc3\xa8\x6e"},
    {0x83AD, "\x6a\x20\x69\xc3\xa9"},
    {0x83AE, "\x6e\x20\xc3\xa1\x6e"},
    {0x83AF, "\x6d\x20\xc3\xb9"},
    {0x83B0, "\x6b\x20\xc7\x8e\x6e"},
    {0x83B1, "\x6c\x20\xc3\xa1\x69"},
    {0x83B2, "\x6c\x20\x69\xc3\xa1\x6e"},
    {0x83B3, "\x73\x68\x20\xc3\xad"},
    {0x83B4, "\x77\x20\xc5\x8d"},
    {0x83B5, "\x74\x20\xc3\xb9"},
    {0x83B6, "\x78\x20\x69\xc4\x81\x6e"},
    {0x83B7, "\x68\x20\x75\xc3\xb2"},
    {0x83B8, "\x79\x20\xc3\xb3\x75"},
    {0x83B9, "\x79\x20\xc3\xad\x6e\x67"},
    {0x83BA, "\x79\x20\xc4\xab\x6e\x67"},
    {0x83BB, "\x67\x20\xc3\xb2\x6e\x67"},
    {0x83BC, "\x63\x68\x20\xc3\xba\x6e"},
    {0x83BD, "\x6d\x20\xc7\x8e\x6e\x67"},
    {0x83BE, "\x6d\x20\xc7\x8e\x6e\x67"},
    {0x83BF, "\x63\x20\xc3\xac"},
    {0x83C0, "\x77\x20\xc7\x8e\x6e"},
    {0x83C1, "\x6a\x20\xc4\xab\x6e\x67"},
    {0x83C2, "\x64\x20\xc3\xac"},
    {0x83C3, "\x71\x20\xc3\xba"},
    {0x83C4, "\x64\x20\xc5\x8d\x6e\x67"},
    {0x83C5, "\x6a\x20\x69\xc4\x81\x6e"},
    {0x83C6, "\x7a\x20\xc5\x8d\x75"},
    {0x83C7, "\x67\x20\xc5\xab"},
    {0x83C8, "\x6c\x20\xc4\x81"},
    {0x83C9, "\x6c\x20\xc3\xb9"},
    {0x83CA, "\x6a\x20\xc3\xba"},
    {0x83CB, "\x77\x20\xc3\xa8\x69"},
    {0x83CC, "\x6a\x20\xc5\xab\x6e"},
    {0x83CD, "\x6e\x20\x69\xc3\xa8"},
    {0x83CE, "\x6b\x20\xc5\xab\x6e"},
    {0x83CF, "\x68\x20\xc3\xa9"},
    {0x83D0, "\x70\x20\xc3\xba"},
    {0x83D1, "\x7a\x20\xc4\x81\x69"},
    {0x83D2, "\x67\x20\xc7\x8e\x6f"},
    {0x83D3, "\x67\x20\x75\xc7\x92"},
    {0x83D4, "\x66\x20\xc3\xba"},
    {0x83D5, "\x6c\x20\xc3\xba\x6e"},
    {0x83D6, "\x63\x68\x20\xc4\x81\x6e\x67"},
    {0x83D7, "\x63\x68\x20\xc3\xb3\x75"},
    {0x83D8, "\x73\x20\xc5\x8d\x6e\x67"},
    {0x83D9, "\x63\x68\x20\x75\xc3\xad"},
    {0x83DA, "\x7a\x68\x20\xc3\xa0\x6e"},
    {0x83DB, "\x6d\x20\xc3\xa9\x6e"},
    {0x83DC, "\x63\x20\xc3\xa0\x69"},
    {0x83DD, "\x62\x20\xc3\xa1"},
    {0x83DE, "\x6c\x20\xc3\xad"},
    {0x83DF, "\x74\x20\xc3\xba"},
    {0x83E0, "\x62\x20\xc5\x8d"},
    {0x83E1, "\x68\x20\xc3\xa0\x6e"},
    {0x83E2, "\x62\x20\xc3\xa0\x6f"},
    {0x83E3, "\x71\x20\xc3\xac\x6e"},
    {0x83E4, "\x6a\x20\x75\xc7\x8e\x6e"},
    {0x83E5, "\x78\x20\xc4\xab"},
    {0x83E6, "\x71\x20\xc3\xad\x6e"},
    {0x83E7, "\x64\x20\xc7\x90"},
    {0x83E8, "\x6a\x20\x69\xc4\x93"},
    {0x83E9, "\x70\x20\xc3\xba"},
    {0x83EA, "\x64\x20\xc3\xa0\x6e\x67"},
    {0x83EB, "\x6a\x20\xc7\x90\x6e"},
    {0x83EC, "\x71\x20\x69\xc3\xa1\x6f"},
    {0x83ED, "\x74\x20\xc3\xa1\x69"},
    {0x83EE, "\x67\x20\xc4\x93\x6e\x67"},
    {0x83EF, "\x68\x20\x75\xc3\xa1"},
    {0x83F0, "\x67\x20\xc5\xab"},
    {0x83F1, "\x6c\x20\xc3\xad\x6e\x67"},
    {0x83F2, "\x66\x20\xc4\x93\x69"},
    {0x83F3, "\x71\x20\xc3\xad\x6e"},
    {0x83F4, "\xc4\x81\x6e"},
    {0x83F5, "\x77\x20\xc7\x8e\x6e\x67"},
    {0x83F6, "\x62\x20\xc4\x9b\x6e\x67"},
    {0x83F7, "\x7a\x68\x20\xc7\x92\x75"},
    {0x83F8, "\x79\x20\xc4\x81\x6e"},
    {0x83F9, "\x6a\x20\xc5\xab"},
    {0x83FA, "\x6a\x20\x69\xc4\x81\x6e"},
    {0x83FB, "\x6c\x20\xc7\x90\x6e"},
    {0x83FC, "\x74\x20\xc7\x8e\x6e"},
    {0x83FD, "\x73\x68\x20\xc5\xab"},
    {0x83FE, "\x74\x20\x69\xc3\xa1\x6e"},
    {0x83FF, "\x64\x20\xc3\xa0\x6f"},
    {0x8400, "\x68\x20\xc7\x94"},
    {0x8401, "\x71\x20\xc3\xad"},
    {0x8402, "\x68\x20\xc3\xa9"},
    {0x8403, "\x63\x20\x75\xc3\xac"},
    {0x8404, "\x74\x20\xc3\xa1\x6f"},
    {0x8405, "\x63\x68\x20\xc5\xab\x6e"},
    {0x8406, "\x62\x20\xc3\xac"},
    {0x8407, "\x63\x68\x20\xc3\xa1\x6e\x67"},
    {0x8408, "\x68\x20\x75\xc3\xa1\x6e"},
    {0x8409, "\x66\x20\xc3\xa8\x69"},
    {0x840A, "\x6c\x20\xc3\xa1\x69"},
    {0x840B, "\x71\x20\xc4\xab"},
    {0x840C, "\x6d\x20\xc3\xa9\x6e\x67"},
    {0x840D, "\x70\x20\xc3\xad\x6e\x67"},
    {0x840E, "\x77\x20\xc4\x93\x69"},
    {0x840F, "\x64\x20\xc3\xa0\x6e"},
    {0x8410, "\x73\x68\x20\xc3\xa0"},
    {0x8411, "\x68\x20\x75\xc3\xa1\x6e"},
    {0x8412, "\x79\x20\xc7\x8e\x6e"},
    {0x8413, "\x79\x20\xc3\xad"},
    {0x8414, "\x74\x20\x69\xc3\xa1\x6f"},
    {0x8415, "\x71\x20\xc3\xad"},
    {0x8416, "\x77\x20\xc7\x8e\x6e"},
    {0x8417, "\x63\x20\xc3\xa8"},
    {0x8418, "\x6e\x20\xc3\xa0\x69"},
    {0x8419, "\x7a\x68\x20\xc4\x9b\x6e"},
    {0x841A, "\x74\x20\x75\xc3\xb2"},
    {0x841B, "\x6a\x20\x69\xc5\xab"},
    {0x841C, "\x74\x20\x69\xc4\x93"},
    {0x841D, "\x6c\x20\x75\xc3\xb3"},
    {0x841E, "\x62\x20\xc3\xac"},
    {0x841F, "\x79\x20\xc3\xac"},
    {0x8420, "\x70\x20\xc4\x81\x6e"},
    {0x8421, "\x62\x20\x6f"},
    {0x8422, "\x70\x20\xc4\x81\x6f"},
    {0x8423, "\x64\x20\xc3\xac\x6e\x67"},
    {0x8424, "\x79\x20\xc3\xad\x6e\x67"},
    {0x8425, "\x79\x20\xc3\xad\x6e\x67"},
    {0x8426, "\x79\x20\xc3\xad\x6e\x67"},
    {0x8427, "\x78\x20\x69\xc4\x81\x6f"},
    {0x8428, "\x73\x20\xc3\xa0"},
    {0x8429, "\x71\x20\x69\xc5\xab"},
    {0x842A, "\x6b\x20\xc4\x93"},
    {0x842B, "\x78\x20\x69\xc3\xa0\x6e\x67"},
    {0x842C, "\x77\x20\xc3\xa0\x6e"},
    {0x842D, "\x79\x20\xc7\x94"},
    {0x842E, "\x79\x20\xc3\xba"},
    {0x842F, "\x66\x20\xc3\xb9"},
    {0x8430, "\x6c\x20\x69\xc3\xa0\x6e"},
    {0x8431, "\x78\x20\x75\xc4\x81\x6e"},
    {0x8432, "\x78\x20\x75\xc4\x81\x6e"},
    {0x8433, "\x6e\x20\xc7\x8e\x6e"},
    {0x8434, "\x63\x20\xc3\xa8"},
    {0x8435, "\x77\x20\xc5\x8d"},
    {0x8436, "\x63\x68\x20\xc7\x94\x6e"},
    {0x8437, "\x78\x20\x69\xc4\x81\x6f"},
    {0x8438, "\x79\x20\xc3\xba"},
    {0x8439, "\x62\x20\x69\xc7\x8e\x6e"},
    {0x843A, "\x6d\x20\xc3\xa0\x6f"},
    {0x843B, "\xc4\x81\x6e"},
    {0x843C, "\xc3\xa8"},
    {0x843D, "\x6c\x20\x75\xc3\xb2"},
    {0x843E, "\x79\x20\xc3\xad\x6e\x67"},
    {0x843F, "\x6b\x20\x75\xc3\xb2"},
    {0x8440, "\x6b\x20\x75\xc3\xb2"},
    {0x8441, "\x6a\x20\x69\xc4\x81\x6e\x67"},
    {0x8442, "\x6d\x20\x69\xc7\x8e\x6e"},
    {0x8443, "\x7a\x20\x75\xc3\xb2"},
    {0x8444, "\x7a\x20\x75\xc3\xb2"},
    {0x8445, "\x7a\x20\xc5\xab"},
    {0x8446, "\x62\x20\xc7\x8e\x6f"},
    {0x8447, "\x72\x20\xc3\xb3\x75"},
    {0x8448, "\x78\x20\xc7\x90"},
    {0x8449, "\x79\x20\xc3\xa8"},
    {0x844A, "\xc4\x81\x6e"},
    {0x844B, "\x71\x20\xc3\xba"},
    {0x844C, "\x6a\x20\x69\xc4\x81\x6e"},
    {0x844D, "\x66\x20\xc3\xba"},
    {0x844E, "\x6c\x20\xc7\x9c"},
    {0x844F, "\x6a\x20\xc4\xab\x6e\x67"},
    {0x8450, "\x70\x20\xc3\xa9\x6e"},
    {0x8451, "\x66\x20\xc4\x93\x6e\x67"},
    {0x8452, "\x68\x20\xc3\xb3\x6e\x67"},
    {0x8453, "\x68\x20\xc3\xb3\x6e\x67"},
    {0x8454, "\x68\x20\xc3\xb3\x75"},
    {0x8455, "\x79\x20\xc3\xa0\x6e"},
    {0x8456, "\x74\x20\xc5\xab"},
    {0x8457, "\x7a\x68\x20\xc3\xb9"},
    {0x8458, "\x7a\x20\xc4\xab"},
    {0x8459, "\x78\x20\x69\xc4\x81\x6e\x67"},
    {0x845A, "\x72\x20\xc3\xa8\x6e"},
    {0x845B, "\x67\x20\xc3\xa9"},
    {0x845C, "\x71\x20\x69\xc4\x81"},
    {0x845D, "\x71\x20\xc3\xad\x6e\x67"},
    {0x845E, "\x6d\x20\xc7\x90"},
    {0x845F, "\x68\x20\x75\xc3\xa1\x6e\x67"},
    {0x8460, "\x73\x68\x20\xc4\x93\x6e"},
    {0x8461, "\x70\x20\xc3\xba"},
    {0x8462, "\x67\x20\xc3\xa0\x69"},
    {0x8463, "\x64\x20\xc7\x92\x6e\x67"},
    {0x8464, "\x7a\x68\x20\xc3\xb2\x75"},
    {0x8465, "\x6a\x20\x69\xc3\xa0\x6e"},
    {0x8466, "\x77\x20\xc4\x9b\x69"},
    {0x8467, "\x62\x20\xc3\xb3"},
    {0x8468, "\x77\x20\xc4\x93\x69"},
    {0x8469, "\x70\x20\xc4\x81"},
    {0x846A, "\x6a\x20\xc3\xac"},
    {0x846B, "\x68\x20\xc3\xba"},
    {0x846C, "\x7a\x20\xc3\xa0\x6e\x67"},
    {0x846D, "\x6a\x20\x69\xc4\x81"},
    {0x846E, "\x64\x20\x75\xc3\xa0\x6e"},
    {0x846F, "\x79\x20\xc3\xa0\x6f"},
    {0x8470, "\x73\x20\x75\xc4\xab"},
    {0x8471, "\x63\x20\xc5\x8d\x6e\x67"},
    {0x8472, "\x71\x20\x75\xc3\xa1\x6e"},
    {0x8473, "\x77\x20\xc4\x93\x69"},
    {0x8474, "\x7a\x68\x20\xc4\x93\x6e"},
    {0x8475, "\x6b\x20\x75\xc3\xad"},
    {0x8476, "\x74\x20\xc3\xad\x6e\x67"},
    {0x8477, "\x68\x20\xc5\xab\x6e"},
    {0x8478, "\x78\x20\xc7\x90"},
    {0x8479, "\x73\x68\x20\xc4\xab"},
    {0x847A, "\x71\x20\xc3\xac"},
    {0x847B, "\x6c\x20\xc3\xa1\x6e"},
    {0x847C, "\x7a\x20\xc5\x8d\x6e\x67"},
    {0x847D, "\x79\x20\xc4\x81\x6f"},
    {0x847E, "\x79\x20\x75\xc4\x81\x6e"},
    {0x847F, "\x6d\x20\xc3\xa9\x69"},
    {0x8480, "\x79\x20\xc5\xab\x6e"},
    {0x8481, "\x73\x68\x20\xc3\xb9"},
    {0x8482, "\x64\x20\xc3\xac"},
    {0x8483, "\x7a\x68\x20\x75\xc3\xa0\x6e"},
    {0x8484, "\x67\x20\x75\xc4\x81\x6e"},
    {0x8485, "\x72\x20\xc7\x8e\x6e"},
    {0x8486, "\x78\x20\x75\xc4\x93"},
    {0x8487, "\x63\x68\x20\xc7\x8e\x6e"},
    {0x8488, "\x6b\x20\xc7\x8e\x69"},
    {0x8489, "\x6b\x20\x75\xc3\xac"},
    {0x848A, "\x68\x20\x75\xc4\x81"},
    {0x848B, "\x6a\x20\x69\xc7\x8e\x6e\x67"},
    {0x848C, "\x6c\x20\xc3\xb3\x75"},
    {0x848D, "\x77\x20\xc4\x9b\x69"},
    {0x848E, "\x70\x20\xc3\xa0\x69"},
    {0x848F, "\x79\x20\x6f\x75"},
    {0x8490, "\x73\x20\xc5\x8d\x75"},
    {0x8491, "\x79\x20\xc4\xab\x6e"},
    {0x8492, "\x73\x68\x20\xc4\xab"},
    {0x8493, "\x63\x68\x20\xc3\xba\x6e"},
    {0x8494, "\x73\x68\x20\xc3\xad"},
    {0x8495, "\x79\x20\xc5\xab\x6e"},
    {0x8496, "\x7a\x68\x20\xc4\x93\x6e"},
    {0x8497, "\x6c\x20\xc3\xa0\x6e\x67"},
    {0x8498, "\x72\x20\xc3\xba"},
    {0x8499, "\x6d\x20\xc3\xa9\x6e\x67"},
    {0x849A, "\x6c\x20\xc3\xac"},
    {0x849B, "\x71\x20\x75\xc4\x93"},
    {0x849C, "\x73\x20\x75\xc3\xa0\x6e"},
    {0x849D, "\x79\x20\x75\xc3\xa1\x6e"},
    {0x849E, "\x6c\x20\xc3\xac"},
    {0x849F, "\x6a\x20\xc7\x94"},
    {0x84A0, "\x78\x20\xc4\xab"},
    {0x84A1, "\x62\x20\xc3\xa0\x6e\x67"},
    {0x84A2, "\x63\x68\x20\xc3\xba"},
    {0x84A3, "\x78\x20\xc3\xba"},
    {0x84A4, "\x74\x20\xc3\xba"},
    {0x84A5, "\x6c\x20\x69\xc3\xba"},
    {0x84A6, "\x68\x20\x75\xc3\xb2"},
    {0x84A7, "\x64\x20\x69\xc7\x8e\x6e"},
    {0x84A8, "\x71\x20\x69\xc3\xa0\x6e"},
    {0x84A9, "\x7a\x20\xc5\xab"},
    {0x84AA, "\x70\x20\xc3\xb2"},
    {0x84AB, "\x63\x20\x75\xc3\xb3"},
    {0x84AC, "\x79\x20\x75\xc4\x81\x6e"},
    {0x84AD, "\x63\x68\x20\xc3\xba"},
    {0x84AE, "\x79\x20\xc3\xb9"},
    {0x84AF, "\x6b\x20\x75\xc7\x8e\x69"},
    {0x84B0, "\x70\x20\xc3\xa1\x6e"},
    {0x84B1, "\x70\x20\xc3\xba"},
    {0x84B2, "\x70\x20\xc3\xba"},
    {0x84B3, "\x6e\x20\xc3\xa0"},
    {0x84B4, "\x73\x68\x20\x75\xc3\xb2"},
    {0x84B5, "\x78\x20\xc3\xad"},
    {0x84B6, "\x66\x20\xc3\xa9\x6e"},
    {0x84B7, "\x79\x20\xc3\xba\x6e"},
    {0x84B8, "\x7a\x68\x20\xc4\x93\x6e\x67"},
    {0x84B9, "\x6a\x20\x69\xc4\x81\x6e"},
    {0x84BA, "\x6a\x20\xc3\xad"},
    {0x84BB, "\x72\x20\x75\xc3\xb2"},
    {0x84BC, "\x63\x20\xc4\x81\x6e\x67"},
    {0x84BD, "\xc4\x93\x6e"},
    {0x84BE, "\x6d\x20\xc3\xad"},
    {0x84BF, "\x68\x20\xc4\x81\x6f"},
    {0x84C0, "\x73\x20\xc5\xab\x6e"},
    {0x84C1, "\x7a\x68\x20\xc4\x93\x6e"},
    {0x84C2, "\x6d\x20\xc3\xad\x6e\x67"},
    {0x84C3, "\x73\x20\xc5\x8d\x75"},
    {0x84C4, "\x78\x20\xc3\xb9"},
    {0x84C5, "\x6c\x20\x69\xc3\xba"},
    {0x84C6, "\x78\x20\xc3\xad"},
    {0x84C7, "\x67\x20\xc7\x94"},
    {0x84C8, "\x6c\x20\xc3\xa1\x6e\x67"},
    {0x84C9, "\x72\x20\xc3\xb3\x6e\x67"},
    {0x84CA, "\x77\x20\xc4\x9b\x6e\x67"},
    {0x84CB, "\x67\x20\xc3\xa0\x69"},
    {0x84CC, "\x63\x20\x75\xc3\xb2"},
    {0x84CD, "\x73\x68\x20\xc4\xab"},
    {0x84CE, "\x74\x20\xc3\xa1\x6e\x67"},
    {0x84CF, "\x6c\x20\x75\xc7\x92"},
    {0x84D0, "\x72\x20\xc3\xb9"},
    {0x84D1, "\x73\x20\x75\xc5\x8d"},
    {0x84D2, "\x78\x20\x75\xc4\x81\x6e"},
    {0x84D3, "\x62\x20\xc3\xa8\x69"},
    {0x84D4, "\x79\x20\xc7\x8e\x6f"},
    {0x84D5, "\x67\x20\x75\xc3\xac"},
    {0x84D6, "\x62\x20\xc3\xac"},
    {0x84D7, "\x7a\x20\xc7\x92\x6e\x67"},
    {0x84D8, "\x67\x20\xc7\x94\x6e"},
    {0x84D9, "\x7a\x20\x75\xc3\xb2"},
    {0x84DA, "\x74\x20\x69\xc3\xa1\x6f"},
    {0x84DB, "\x63\x20\xc3\xa8"},
    {0x84DC, "\x70\x20\xc3\xa8\x69"},
    {0x84DD, "\x6c\x20\xc3\xa1\x6e"},
    {0x84DE, "\x64\x20\xc3\xa0\x6e"},
    {0x84DF, "\x6a\x20\xc3\xac"},
    {0x84E0, "\x6c\x20\xc3\xad"},
    {0x84E1, "\x73\x68\x20\xc4\x93\x6e"},
    {0x84E2, "\x6c\x20\xc7\x8e\x6e\x67"},
    {0x84E3, "\x79\x20\xc3\xb9"},
    {0x84E4, "\x6c\x20\xc3\xad\x6e\x67"},
    {0x84E5, "\x79\x20\xc3\xad\x6e\x67"},
    {0x84E6, "\x6d\x20\xc3\xb2"},
    {0x84E7, "\x64\x20\x69\xc3\xa0\x6f"},
    {0x84E8, "\x74\x20\x69\xc3\xa1\x6f"},
    {0x84E9, "\x6d\x20\xc7\x8e\x6f"},
    {0x84EA, "\x74\x20\xc5\x8d\x6e\x67"},
    {0x84EB, "\x63\x68\x20\xc3\xb9"},
    {0x84EC, "\x70\x20\xc3\xa9\x6e\x67"},
    {0x84ED, "\xc4\x81\x6e"},
    {0x84EE, "\x6c\x20\x69\xc3\xa1\x6e"},
    {0x84EF, "\x63\x20\xc5\x8d\x6e\x67"},
    {0x84F0, "\x78\x20\xc7\x90"},
    {0x84F1, "\x70\x20\xc3\xad\x6e\x67"},
    {0x84F2, "\x71\x20\x69\xc5\xab"},
    {0x84F3, "\x6a\x20\xc7\x90\x6e"},
    {0x84F4, "\x63\x68\x20\xc3\xba\x6e"},
    {0x84F5, "\x6a\x20\x69\xc3\xa9"},
    {0x84F6, "\x77\x20\xc3\xa9\x69"},
    {0x84F7, "\x74\x20\x75\xc4\xab"},
    {0x84F8, "\x63\x20\xc3\xa1\x6f"},
    {0x84F9, "\x79\x20\xc3\xb9"},
    {0x84FA, "\x79\x20\xc3\xac"},
    {0x84FB, "\x7a\x20\xc3\xad"},
    {0x84FC, "\x6c\x20\x69\xc7\x8e\x6f"},
    {0x84FD, "\x62\x20\xc3\xac"},
    {0x84FE, "\x6c\x20\xc7\x94"},
    {0x84FF, "\x78\x20\x75"},
    {0x8500, "\x62\x20\xc3\xb9"},
    {0x8501, "\x7a\x68\x20\xc4\x81\x6e\x67"},
    {0x8502, "\x6c\x20\xc3\xa9\x69"},
    {0x8503, "\x71\x20\x69\xc3\xa1\x6e\x67"},
    {0x8504, "\x6d\x20\xc3\xa0\x6e"},
    {0x8505, "\x79\x20\xc3\xa1\x6e"},
    {0x8506, "\x6c\x20\xc3\xad\x6e\x67"},
    {0x8507, "\x6a\x20\xc3\xac"},
    {0x8508, "\x62\x20\x69\xc4\x81\x6f"},
    {0x8509, "\x67\x20\xc7\x94\x6e"},
    {0x850A, "\x68\x20\xc7\x8e\x6e"},
    {0x850B, "\x64\x20\xc3\xad"},
    {0x850C, "\x73\x20\xc3\xb9"},
    {0x850D, "\x6c\x20\xc3\xb9"},
    {0x850E, "\x73\x68\x20\xc3\xa8"},
    {0x850F, "\x73\x68\x20\xc4\x81\x6e\x67"},
    {0x8510, "\x64\x20\xc3\xad"},
    {0x8511, "\x6d\x20\x69\xc3\xa8"},
    {0x8512, "\x78\x20\xc5\xab\x6e"},
    {0x8513, "\x6d\x20\xc3\xa0\x6e"},
    {0x8514, "\x62\x20\xc3\xb3"},
    {0x8515, "\x64\x20\xc3\xac"},
    {0x8516, "\x63\x20\x75\xc3\xb3"},
    {0x8517, "\x7a\x68\x20\xc3\xa8"},
    {0x8518, "\x73\x68\x20\xc4\x93\x6e"},
    {0x8519, "\x78\x20\x75\xc3\xa0\x6e"},
    {0x851A, "\x77\x20\xc3\xa8\x69"},
    {0x851B, "\x68\x20\xc3\xba"},
    {0x851C, "\xc3\xa1\x6f"},
    {0x851D, "\x6d\x20\xc7\x90"},
    {0x851E, "\x6c\x20\xc3\xb3\x75"},
    {0x851F, "\x63\x20\xc3\xb9"},
    {0x8520, "\x7a\x68\x20\xc5\x8d\x6e\x67"},
    {0x8521, "\x63\x20\xc3\xa0\x69"},
    {0x8522, "\x70\x20\xc3\xb3"},
    {0x8523, "\x6a\x20\x69\xc7\x8e\x6e\x67"},
    {0x8524, "\x6d\x20\xc3\xac"},
    {0x8525, "\x63\x20\xc5\x8d\x6e\x67"},
    {0x8526, "\x6e\x20\x69\xc7\x8e\x6f"},
    {0x8527, "\x68\x20\x75\xc3\xac"},
    {0x8528, "\x6a\x20\x75\xc3\xa0\x6e"},
    {0x8529, "\x79\x20\xc3\xad\x6e"},
    {0x852A, "\x6a\x20\x69\xc3\xa0\x6e"},
    {0x852B, "\x6e\x20\x69\xc4\x81\x6e"},
    {0x852C, "\x73\x68\x20\xc5\xab"},
    {0x852D, "\x79\x20\xc4\xab\x6e"},
    {0x852E, "\x67\x20\x75\xc3\xb3"},
    {0x852F, "\x63\x68\x20\xc3\xa9\x6e"},
    {0x8530, "\x68\x20\xc3\xb9"},
    {0x8531, "\x73\x68\x20\xc4\x81"},
    {0x8532, "\x6b\x20\xc3\xb2\x75"},
    {0x8533, "\x71\x20\x69\xc3\xa0\x6e"},
    {0x8534, "\x6d\x20\xc3\xa1"},
    {0x8535, "\x7a\x20\xc4\x81\x6e\x67"},
    {0x8536, "\x7a\x20\xc3\xa9"},
    {0x8537, "\x71\x20\x69\xc3\xa1\x6e\x67"},
    {0x8538, "\x64\x20\xc5\x8d\x75"},
    {0x8539, "\x6c\x20\x69\xc7\x8e\x6e"},
    {0x853A, "\x6c\x20\xc3\xac\x6e"},
    {0x853B, "\x6b\x20\xc3\xb2\x75"},
    {0x853C, "\xc7\x8e\x69"},
    {0x853D, "\x62\x20\xc3\xac"},
    {0x853E, "\x6c\x20\xc3\xad"},
    {0x853F, "\x77\x20\xc4\x9b\x69"},
    {0x8540, "\x6a\x20\xc3\xad"},
    {0x8541, "\x71\x20\x69\xc3\xa1\x6e"},
    {0x8542, "\x73\x68\x20\xc3\xa8\x6e\x67"},
    {0x8543, "\x66\x20\xc4\x81\x6e"},
    {0x8544, "\x6d\x20\xc3\xa9\x6e\x67"},
    {0x8545, "\xc7\x92\x75"},
    {0x8546, "\x63\x68\x20\xc7\x8e\x6e"},
    {0x8547, "\x64\x20\x69\xc7\x8e\x6e"},
    {0x8548, "\x78\x20\xc3\xb9\x6e"},
    {0x8549, "\x6a\x20\x69\xc4\x81\x6f"},
    {0x854A, "\x72\x20\x75\xc7\x90"},
    {0x854B, "\x72\x20\x75\xc7\x90"},
    {0x854C, "\x6c\x20\xc4\x9b\x69"},
    {0x854D, "\x79\x20\xc3\xba"},
    {0x854E, "\x71\x20\x69\xc3\xa1\x6f"},
    {0x854F, "\x63\x68\x20\xc3\xba"},
    {0x8550, "\x68\x20\x75\xc3\xa1"},
    {0x8551, "\x6a\x20\x69\xc4\x81\x6e"},
    {0x8552, "\x6d\x20\xc7\x8e\x69"},
    {0x8553, "\x79\x20\xc3\xba\x6e"},
    {0x8554, "\x62\x20\xc4\x81\x6f"},
    {0x8555, "\x79\x20\xc3\xb3\x75"},
    {0x8556, "\x71\x20\xc3\xba"},
    {0x8557, "\x6c\x20\xc3\xb9"},
    {0x8558, "\x72\x20\xc3\xa1\x6f"},
    {0x8559, "\x68\x20\x75\xc3\xac"},
    {0x855A, "\xc3\xa8"},
    {0x855B, "\x74\x20\xc3\xad"},
    {0x855C, "\x66\x20\xc4\x9b\x69"},
    {0x855D, "\x6a\x20\x75\xc3\xa9"},
    {0x855E, "\x7a\x20\x75\xc3\xac"},
    {0x855F, "\x66\x20\xc3\xa0"},
    {0x8560, "\x72\x20\xc3\xba"},
    {0x8561, "\x66\x20\xc3\xa9\x6e"},
    {0x8562, "\x6b\x20\x75\xc3\xac"},
    {0x8563, "\x73\x68\x20\xc3\xb9\x6e"},
    {0x8564, "\x72\x20\x75\xc3\xad"},
    {0x8565, "\x79\x20\xc7\x8e"},
    {0x8566, "\x78\x20\xc5\xab"},
    {0x8567, "\x66\x20\xc3\xb9"},
    {0x8568, "\x6a\x20\x75\xc3\xa9"},
    {0x8569, "\x64\x20\xc3\xa0\x6e\x67"},
    {0x856A, "\x77\x20\xc3\xba"},
    {0x856B, "\x64\x20\xc7\x92\x6e\x67"},
    {0x856C, "\x73\x20\xc4\xab"},
    {0x856D, "\x78\x20\x69\xc4\x81\x6f"},
    {0x856E, "\x78\x20\xc3\xac"},
    {0x856F, "\x6c\x20\xc3\xb3\x6e\x67"},
    {0x8570, "\x77\x20\xc4\x93\x6e"},
    {0x8571, "\x73\x68\x20\xc4\x81\x6f"},
    {0x8572, "\x71\x20\xc3\xad"},
    {0x8573, "\x6a\x20\x69\xc4\x81\x6e"},
    {0x8574, "\x79\x20\xc3\xb9\x6e"},
    {0x8575, "\x73\x20\xc5\xab\x6e"},
    {0x8576, "\x6c\x20\xc3\xad\x6e\x67"},
    {0x8577, "\x79\x20\xc3\xb9"},
    {0x8578, "\x78\x20\x69\xc3\xa1"},
    {0x8579, "\x77\x20\xc3\xa8\x6e\x67"},
    {0x857A, "\x6a\x20\xc3\xad"},
    {0x857B, "\x68\x20\xc3\xb3\x6e\x67"},
    {0x857C, "\x73\x20\xc3\xac"},
    {0x857D, "\x6e\x20\xc3\xb3\x6e\x67"},
    {0x857E, "\x6c\x20\xc4\x9b\x69"},
    {0x857F, "\x78\x20\x75\xc4\x81\x6e"},
    {0x8580, "\x79\x20\xc3\xb9\x6e"},
    {0x8581, "\x79\x20\xc3\xb9"},
    {0x8582, "\x78\x20\xc3\xad"},
    {0x8583, "\x68\x20\xc3\xa0\x6f"},
    {0x8584, "\x62\x20\xc3\xa1\x6f"},
    {0x8585, "\x68\x20\xc4\x81\x6f"},
    {0x8586, "\xc3\xa0\x69"},
    {0x8587, "\x77\x20\xc4\x93\x69"},
    {0x8588, "\x68\x20\x75\xc3\xac"},
    {0x8589, "\x68\x20\x75\xc3\xac"},
    {0x858A, "\x6a\x20\xc3\xac"},
    {0x858B, "\x63\x20\xc3\xad"},
    {0x858C, "\x78\x20\x69\xc4\x81\x6e\x67"},
    {0x858D, "\x77\x20\xc3\xa0\x6e"},
    {0x858E, "\x6d\x20\x69\xc3\xa8"},
    {0x858F, "\x79\x20\xc3\xac"},
    {0x8590, "\x6c\x20\xc3\xa9\x6e\x67"},
    {0x8591, "\x6a\x20\x69\xc4\x81\x6e\x67"},
    {0x8592, "\x63\x20\xc3\xa0\x6e"},
    {0x8593, "\x73\x68\x20\xc4\x93\x6e"},
    {0x8594, "\x71\x20\x69\xc3\xa1\x6e\x67"},
    {0x8595, "\x6c\x20\x69\xc3\xa1\x6e"},
    {0x8596, "\x6b\x20\xc4\x93"},
    {0x8597, "\x79\x20\x75\xc3\xa1\x6e"},
    {0x8598, "\x64\x20\xc3\xa1"},
    {0x8599, "\x74\x20\xc3\xac"},
    {0x859A, "\x74\x20\xc4\x81\x6e\x67"},
    {0x859B, "\x78\x20\x75\xc4\x93"},
    {0x859C, "\x62\x20\xc3\xac"},
    {0x859D, "\x7a\x68\x20\xc4\x81\x6e"},
    {0x859E, "\x73\x20\xc5\xab\x6e"},
    {0x859F, "\x78\x20\x69\xc4\x81\x6e"},
    {0x85A0, "\x66\x20\xc3\xa1\x6e"},
    {0x85A1, "\x64\x20\xc7\x90\x6e\x67"},
    {0x85A2, "\x78\x20\x69\xc3\xa8"},
    {0x85A3, "\x67\x20\xc7\x94"},
    {0x85A4, "\x78\x20\x69\xc3\xa8"},
    {0x85A5, "\x73\x68\x20\xc7\x94"},
    {0x85A6, "\x6a\x20\x69\xc3\xa0\x6e"},
    {0x85A7, "\x68\x20\xc4\x81\x6f"},
    {0x85A8, "\x68\x20\xc5\x8d\x6e\x67"},
    {0x85A9, "\x73\x20\xc3\xa0"},
    {0x85AA, "\x78\x20\xc4\xab\x6e"},
    {0x85AB, "\x78\x20\xc5\xab\x6e"},
    {0x85AC, "\x79\x20\xc3\xa0\x6f"},
    {0x85AD, "\x62\x20\xc3\xa0\x69"},
    {0x85AE, "\x73\x20\xc7\x92\x75"},
    {0x85AF, "\x73\x68\x20\xc7\x94"},
    {0x85B0, "\x78\x20\xc5\xab\x6e"},
    {0x85B1, "\x64\x20\x75\xc3\xac"},
    {0x85B2, "\x70\x20\xc3\xad\x6e"},
    {0x85B3, "\x77\x20\xc4\x9b\x69"},
    {0x85B4, "\x6e\x20\xc3\xad\x6e\x67"},
    {0x85B5, "\x63\x68\x20\xc3\xb3\x75"},
    {0x85B6, "\x6d\x20\xc3\xa1\x69"},
    {0x85B7, "\x72\x20\xc3\xba"},
    {0x85B8, "\x70\x20\x69\xc3\xa1\x6f"},
    {0x85B9, "\x74\x20\xc3\xa1\x69"},
    {0x85BA, "\x6a\x20\xc3\xac"},
    {0x85BB, "\x7a\x20\xc7\x8e\x6f"},
    {0x85BC, "\x63\x68\x20\xc3\xa9\x6e"},
    {0x85BD, "\x7a\x68\x20\xc4\x93\x6e"},
    {0x85BE, "\xc4\x9b\x72"},
    {0x85BF, "\x6e\x20\xc7\x90"},
    {0x85C0, "\x79\x20\xc3\xad\x6e\x67"},
    {0x85C1, "\x67\x20\xc7\x8e\x6f"},
    {0x85C2, "\x63\x20\xc3\xb3\x6e\x67"},
    {0x85C3, "\x78\x20\x69\xc4\x81\x6f"},
    {0x85C4, "\x71\x20\xc3\xad"},
    {0x85C5, "\x66\x20\xc3\xa1"},
    {0x85C6, "\x6a\x20\x69\xc7\x8e\x6e"},
    {0x85C7, "\x78\x20\xc3\xb9"},
    {0x85C8, "\x6b\x20\x75\xc3\xad"},
    {0x85C9, "\x6a\x20\xc3\xad"},
    {0x85CA, "\x62\x20\x69\xc7\x8e\x6e"},
    {0x85CB, "\x64\x20\x69\xc3\xa0\x6f"},
    {0x85CC, "\x6d\x20\xc3\xac"},
    {0x85CD, "\x6c\x20\xc3\xa1\x6e"},
    {0x85CE, "\x6a\x20\xc3\xac\x6e"},
    {0x85CF, "\x63\x20\xc3\xa1\x6e\x67"},
    {0x85D0, "\x6d\x20\x69\xc7\x8e\x6f"},
    {0x85D1, "\x71\x20\x69\xc3\xb3\x6e\x67"},
    {0x85D2, "\x71\x20\x69\xc3\xa8"},
    {0x85D3, "\x78\x20\x69\xc7\x8e\x6e"},
    {0x85D4, "\x6c\x20\x69\xc3\xa1\x6f"},
    {0x85D5, "\xc7\x92\x75"},
    {0x85D6, "\x78\x20\x69\xc3\xa1\x6e"},
    {0x85D7, "\x73\x20\xc3\xb9"},
    {0x85D8, "\x6c\x20\xc7\x98"},
    {0x85D9, "\x79\x20\xc3\xac"},
    {0x85DA, "\x78\x20\xc3\xb9"},
    {0x85DB, "\x78\x20\x69\xc4\x9b"},
    {0x85DC, "\x6c\x20\xc3\xad"},
    {0x85DD, "\x79\x20\xc3\xac"},
    {0x85DE, "\x6c\x20\xc7\x8e"},
    {0x85DF, "\x6c\x20\xc4\x9b\x69"},
    {0x85E0, "\x6a\x20\x69\xc3\xa0\x6f"},
    {0x85E1, "\x64\x20\xc3\xad"},
    {0x85E2, "\x7a\x68\x20\xc7\x90"},
    {0x85E3, "\x62\x20\xc4\x93\x69"},
    {0x85E4, "\x74\x20\xc3\xa9\x6e\x67"},
    {0x85E5, "\x79\x20\xc3\xa0\x6f"},
    {0x85E6, "\x6d\x20\xc3\xb2"},
    {0x85E7, "\x68\x20\x75\xc3\xa0\x6e"},
    {0x85E8, "\x62\x20\x69\xc4\x81\x6f"},
    {0x85E9, "\x66\x20\xc4\x81\x6e"},
    {0x85EA, "\x73\x20\xc7\x92\x75"},
    {0x85EB, "\x74\x20\xc3\xa1\x6e"},
    {0x85EC, "\x74\x20\x75\xc4\xab"},
    {0x85ED, "\x71\x20\x69\xc3\xb3\x6e\x67"},
    {0x85EE, "\x71\x20\x69\xc3\xa1\x6f"},
    {0x85EF, "\x77\x20\xc3\xa8\x69"},
    {0x85F0, "\x6c\x20\x69\xc3\xba"},
    {0x85F1, "\x68\x20\x75\xc3\xac"},
    {0x85F2, "\xc5\x8d\x75"},
    {0x85F3, "\x67\x20\xc7\x8e\x6f"},
    {0x85F4, "\x79\x20\xc3\xb9\x6e"},
    {0x85F5, "\x62\x20\xc7\x8e\x6f"},
    {0x85F6, "\x6c\x20\xc3\xac"},
    {0x85F7, "\x73\x68\x20\xc7\x94"},
    {0x85F8, "\x63\x68\x20\xc3\xba"},
    {0x85F9, "\xc7\x8e\x69"},
    {0x85FA, "\x6c\x20\xc3\xac\x6e"},
    {0x85FB, "\x7a\x20\xc7\x8e\x6f"},
    {0x85FC, "\x78\x20\x75\xc4\x81\x6e"},
    {0x85FD, "\x71\x20\xc3\xac\x6e"},
    {0x85FE, "\x6c\x20\xc3\xa0\x69"},
    {0x85FF, "\x68\x20\x75\xc3\xb2"},
    {0x8600, "\x74\x20\x75\xc3\xb2"},
    {0x8601, "\x77\x20\xc3\xb9"},
    {0x8602, "\x72\x20\x75\xc7\x90"},
    {0x8603, "\x72\x20\x75\xc7\x90"},
    {0x8604, "\x71\x20\xc3\xad"},
    {0x8605, "\x68\x20\xc3\xa9\x6e\x67"},
    {0x8606, "\x6c\x20\xc3\xba"},
    {0x8607, "\x73\x20\xc5\xab"},
    {0x8608, "\x74\x20\x75\xc3\xad"},
    {0x8609, "\x6d\x20\xc3\xa9\x6e\x67"},
    {0x860A, "\x79\x20\xc3\xb9\x6e"},
    {0x860B, "\x70\x20\xc3\xad\x6e\x67"},
    {0x860C, "\x79\x20\xc7\x94"},
    {0x860D, "\x78\x20\xc5\xab\x6e"},
    {0x860E, "\x6a\x20\xc3\xac"},
    {0x860F, "\x6a\x20\x69\xc5\x8d\x6e\x67"},
    {0x8610, "\x78\x20\x75\xc4\x81\x6e"},
    {0x8611, "\x6d\x20\xc3\xb3"},
    {0x8612, "\x71\x20\x69\xc5\xab"},
    {0x8613, "\x73\x20\xc5\xab"},
    {0x8614, "\x6a\x20\x69\xc5\x8d\x6e\x67"},
    {0x8615, "\x70\x20\xc3\xa9\x6e\x67"},
    {0x8616, "\x6e\x20\x69\xc3\xa8"},
    {0x8617, "\x62\x20\xc3\xb2"},
    {0x8618, "\x72\x20\xc3\xa1\x6e\x67"},
    {0x8619, "\x79\x20\xc3\xac"},
    {0x861A, "\x78\x20\x69\xc7\x8e\x6e"},
    {0x861B, "\x79\x20\xc3\xba"},
    {0x861C, "\x6a\x20\xc3\xba"},
    {0x861D, "\x6c\x20\x69\xc7\x8e\x6e"},
    {0x861E, "\x6c\x20\x69\xc7\x8e\x6e"},
    {0x861F, "\x79\x20\xc7\x90\x6e"},
    {0x8620, "\x71\x20\x69\xc3\xa1\x6e\x67"},
    {0x8621, "\x79\x20\xc4\xab\x6e\x67"},
    {0x8622, "\x6c\x20\xc3\xb3\x6e\x67"},
    {0x8623, "\x74\x20\xc7\x92\x75"},
    {0x8624, "\x68\x20\x75\xc4\x81"},
    {0x8625, "\x79\x20\x75\xc3\xa8"},
    {0x8626, "\x6c\x20\xc3\xad\x6e\x67"},
    {0x8627, "\x71\x20\xc3\xba"},
    {0x8628, "\x79\x20\xc3\xa1\x6f"},
    {0x8629, "\x66\x20\xc3\xa1\x6e"},
    {0x862A, "\x6d\x20\xc3\xa9\x69"},
    {0x862B, "\x68\x20\xc3\xa0\x6e"},
    {0x862C, "\x6b\x20\x75\xc4\xab"},
    {0x862D, "\x6c\x20\xc3\xa1\x6e"},
    {0x862E, "\x6a\x20\xc3\xac"},
    {0x862F, "\x64\x20\xc3\xa0\x6e\x67"},
    {0x8630, "\x6d\x20\xc3\xa0\x6e"},
    {0x8631, "\x6c\x20\xc3\xa8\x69"},
    {0x8632, "\x6c\x20\xc3\xa9\x69"},
    {0x8633, "\x68\x20\x75\xc4\xab"},
    {0x8634, "\x66\x20\xc4\x93\x6e\x67"},
    {0x8635, "\x7a\x68\x20\xc4\xab"},
    {0x8636, "\x77\x20\xc3\xa8\x69"},
    {0x8637, "\x6b\x20\x75\xc3\xad"},
    {0x8638, "\x7a\x68\x20\xc3\xa0\x6e"},
    {0x8639, "\x68\x20\x75\xc3\xa1\x69"},
    {0x863A, "\x6c\x20\xc3\xad"},
    {0x863B, "\x6a\x20\xc3\xac"},
    {0x863C, "\x6d\x20\xc3\xad"},
    {0x863D, "\x6c\x20\xc4\x9b\x69"},
    {0x863E, "\x68\x20\x75\xc3\xa0\x69"},
    {0x863F, "\x6c\x20\x75\xc3\xb3"},
    {0x8640, "\x6a\x20\xc4\xab"},
    {0x8641, "\x6b\x20\x75\xc3\xad"},
    {0x8642, "\x6c\x20\xc3\xb9"},
    {0x8643, "\x6a\x20\x69\xc4\x81\x6e"},
    {0x8644, "\x73\x20\xc3\xa0"},
    {0x8645, "\x74\x20\xc3\xa9\x6e\x67"},
    {0x8646, "\x6c\x20\xc3\xa9\x69"},
    {0x8647, "\x71\x20\x75\xc7\x8e\x6e"},
    {0x8648, "\x78\x20\x69\xc4\x81\x6f"},
    {0x8649, "\x79\x20\xc3\xac"},
    {0x864A, "\x6c\x20\x75\xc3\xa1\x6e"},
    {0x864B, "\x6d\x20\xc3\xa9\x6e"},
    {0x864C, "\x62\x20\x69\xc4\x93"},
    {0x864D, "\x68\x20\xc5\xab"},
    {0x864E, "\x68\x20\xc7\x94"},
    {0x864F, "\x6c\x20\xc7\x94"},
    {0x8650, "\x6e\x20\xc3\xbc\xc3\xa8"},
    {0x8651, "\x6c\x20\xc7\x9c"},
    {0x8652, "\x73\x20\xc4\xab"},
    {0x8653, "\x78\x20\x69\xc4\x81\x6f"},
    {0x8654, "\x71\x20\x69\xc3\xa1\x6e"},
    {0x8655, "\x63\x68\x20\xc3\xb9"},
    {0x8656, "\x68\x20\xc5\xab"},
    {0x8657, "\x78\x20\xc5\xab"},
    {0x8658, "\x63\x20\x75\xc3\xb3"},
    {0x8659, "\x66\x20\xc3\xba"},
    {0x865A, "\x78\x20\xc5\xab"},
    {0x865B, "\x78\x20\xc5\xab"},
    {0x865C, "\x6c\x20\xc7\x94"},
    {0x865D, "\x68\x20\xc7\x94"},
    {0x865E, "\x79\x20\xc3\xba"},
    {0x865F, "\x68\x20\xc3\xa0\x6f"},
    {0x8660, "\x6a\x20\x69\xc4\x81\x6f"},
    {0x8661, "\x6a\x20\xc3\xb9"},
    {0x8662, "\x67\x20\x75\xc3\xb3"},
    {0x8663, "\x62\x20\xc3\xa0\x6f"},
    {0x8664, "\x79\x20\xc3\xa1\x6e"},
    {0x8665, "\x7a\x68\x20\xc3\xa0\x6e"},
    {0x8666, "\x7a\x68\x20\xc3\xa0\x6e"},
    {0x8667, "\x6b\x20\x75\xc4\xab"},
    {0x8668, "\x62\x20\xc4\xab\x6e"},
    {0x8669, "\x78\x20\xc3\xac"},
    {0x866A, "\x73\x68\x20\xc3\xb9"},
    {0x866B, "\x63\x68\x20\xc3\xb3\x6e\x67"},
    {0x866C, "\x71\x20\x69\xc3\xba"},
    {0x866D, "\x64\x20\x69\xc4\x81\x6f"},
    {0x866E, "\x6a\x20\xc7\x90"},
    {0x866F, "\x71\x20\x69\xc3\xba"},
    {0x8670, "\x64\x20\xc4\xab\x6e\x67"},
    {0x8671, "\x73\x68\x20\xc4\xab"},
    {0x8672, "\x78\x20\x69\xc4\x81"},
    {0x8673, "\x6a\x20\x75\xc3\xa9"},
    {0x8674, "\x7a\x68\x20\xc3\xa9"},
    {0x8675, "\x73\x68\x20\xc3\xa9"},
    {0x8676, "\x79\x20\xc5\xab"},
    {0x8677, "\x68\x20\xc3\xa1\x6e"},
    {0x8678, "\x7a\x20\xc7\x90"},
    {0x8679, "\x68\x20\xc3\xb3\x6e\x67"},
    {0x867A, "\x68\x20\x75\xc4\xab"},
    {0x867B, "\x6d\x20\xc3\xa9\x6e\x67"},
    {0x867C, "\x67\x20\xc3\xa8"},
    {0x867D, "\x73\x20\x75\xc4\xab"},
    {0x867E, "\x78\x20\x69\xc4\x81"},
    {0x867F, "\x63\x68\x20\xc3\xa0\x69"},
    {0x8680, "\x73\x68\x20\xc3\xad"},
    {0x8681, "\x79\x20\xc7\x90"},
    {0x8682, "\x6d\x20\xc7\x8e"},
    {0x8683, "\x78\x20\x69\xc7\x8e\x6e\x67"},
    {0x8684, "\x66\x20\xc4\x81\x6e\x67"},
    {0x8685, "\xc3\xa8"},
    {0x8686, "\x62\x20\xc4\x81"},
    {0x8687, "\x63\x68\x20\xc7\x90"},
    {0x8688, "\x71\x20\x69\xc4\x81\x6e"},
    {0x8689, "\x77\x20\xc3\xa9\x6e"},
    {0x868A, "\x77\x20\xc3\xa9\x6e"},
    {0x868B, "\x72\x20\x75\xc3\xac"},
    {0x868C, "\x62\x20\xc3\xa0\x6e\x67"},
    {0x868D, "\x70\x20\xc3\xad"},
    {0x868E, "\x79\x20\x75\xc3\xa8"},
    {0x868F, "\x79\x20\x75\xc3\xa8"},
    {0x8690, "\x6a\x20\xc5\xab\x6e"},
    {0x8691, "\x71\x20\xc3\xad"},
    {0x8692, "\x74\x20\xc3\xb3\x6e\x67"},
    {0x8693, "\x79\x20\xc7\x90\x6e"},
    {0x8694, "\x71\x20\xc3\xad"},
    {0x8695, "\x63\x20\xc3\xa1\x6e"},
    {0x8696, "\x79\x20\x75\xc3\xa1\x6e"},
    {0x8697, "\x6a\x20\x75\xc3\xa9"},
    {0x8698, "\x68\x20\x75\xc3\xad"},
    {0x8699, "\x71\x20\xc3\xad\x6e"},
    {0x869A, "\x71\x20\xc3\xad"},
    {0x869B, "\x7a\x68\x20\xc3\xb2\x6e\x67"},
    {0x869C, "\x79\x20\xc3\xa1"},
    {0x869D, "\x68\x20\xc3\xa1\x6f"},
    {0x869E, "\x6d\x20\xc3\xb9"},
    {0x869F, "\x77\x20\xc3\xa1\x6e\x67"},
    {0x86A0, "\x66\x20\xc3\xa9\x6e"},
    {0x86A1, "\x66\x20\xc3\xa9\x6e"},
    {0x86A2, "\x68\x20\xc3\xa1\x6e\x67"},
    {0x86A3, "\x67\x20\xc5\x8d\x6e\x67"},
    {0x86A4, "\x7a\x20\xc7\x8e\x6f"},
    {0x86A5, "\x66\x20\xc3\xb9"},
    {0x86A6, "\x72\x20\xc3\xa1\x6e"},
    {0x86A7, "\x6a\x20\x69\xc3\xa8"},
    {0x86A8, "\x66\x20\xc3\xba"},
    {0x86A9, "\x63\x68\x20\xc4\xab"},
    {0x86AA, "\x64\x20\xc7\x92\x75"},
    {0x86AB, "\x62\x20\xc3\xa0\x6f"},
    {0x86AC, "\x78\x20\x69\xc7\x8e\x6e"},
    {0x86AD, "\x6e\x20\xc3\xad"},
    {0x86AE, "\x64\x20\xc3\xa0\x69"},
    {0x86AF, "\x71\x20\x69\xc5\xab"},
    {0x86B0, "\x79\x20\xc3\xb3\x75"},
    {0x86B1, "\x7a\x68\x20\xc3\xa0"},
    {0x86B2, "\x70\x20\xc3\xad\x6e\x67"},
    {0x86B3, "\x63\x68\x20\xc3\xad"},
    {0x86B4, "\x79\x20\xc3\xb2\x75"},
    {0x86B5, "\x68\x20\xc3\xa9"},
    {0x86B6, "\x68\x20\xc4\x81\x6e"},
    {0x86B7, "\x6a\x20\xc3\xb9"},
    {0x86B8, "\x6c\x20\xc3\xac"},
    {0x86B9, "\x66\x20\xc3\xb9"},
    {0x86BA, "\x72\x20\xc3\xa1\x6e"},
    {0x86BB, "\x7a\x68\x20\xc3\xa1"},
    {0x86BC, "\x67\x20\xc7\x92\x75"},
    {0x86BD, "\x70\x20\xc3\xad"},
    {0x86BE, "\x70\x20\xc3\xad"},
    {0x86BF, "\x78\x20\x69\xc3\xa1\x6e"},
    {0x86C0, "\x7a\x68\x20\xc3\xb9"},
    {0x86C1, "\x64\x20\x69\xc4\x81\x6f"},
    {0x86C2, "\x62\x20\x69\xc3\xa9"},
    {0x86C3, "\x62\x20\xc7\x90\x6e\x67"},
    {0x86C4, "\x67\x20\xc5\xab"},
    {0x86C5, "\x7a\x68\x20\xc4\x81\x6e"},
    {0x86C6, "\x71\x20\xc5\xab"},
    {0x86C7, "\x73\x68\x20\xc3\xa9"},
    {0x86C8, "\x74\x20\x69\xc4\x9b"},
    {0x86C9, "\x6c\x20\xc3\xad\x6e\x67"},
    {0x86CA, "\x67\x20\xc7\x94"},
    {0x86CB, "\x64\x20\xc3\xa0\x6e"},
    {0x86CC, "\x67\x20\xc7\x94"},
    {0x86CD, "\x79\x20\xc3\xad\x6e\x67"},
    {0x86CE, "\x6c\x20\xc3\xac"},
    {0x86CF, "\x63\x68\x20\xc4\x93\x6e\x67"},
    {0x86D0, "\x71\x20\xc5\xab"},
    {0x86D1, "\x6d\x20\xc3\xb3\x75"},
    {0x86D2, "\x67\x20\xc3\xa9"},
    {0x86D3, "\x63\x20\xc3\xac"},
    {0x86D4, "\x68\x20\x75\xc3\xad"},
    {0x86D5, "\x68\x20\x75\xc3\xad"},
    {0x86D6, "\x6d\x20\xc3\xa1\x6e\x67"},
    {0x86D7, "\x66\x20\xc3\xb9"},
    {0x86D8, "\x79\x20\xc3\xa1\x6e\x67"},
    {0x86D9, "\x77\x20\xc4\x81"},
    {0x86DA, "\x6c\x20\x69\xc3\xa8"},
    {0x86DB, "\x7a\x68\x20\xc5\xab"},
    {0x86DC, "\x79\x20\xc4\xab"},
    {0x86DD, "\x78\x20\x69\xc3\xa1\x6e"},
    {0x86DE, "\x6b\x20\x75\xc3\xb2"},
    {0x86DF, "\x6a\x20\x69\xc4\x81\x6f"},
    {0x86E0, "\x6c\x20\xc3\xac"},
    {0x86E1, "\x79\x20\xc3\xac"},
    {0x86E2, "\x70\x20\xc3\xad\x6e\x67"},
    {0x86E3, "\x71\x20\xc4\xab"},
    {0x86E4, "\x68\x20\xc3\xa1"},
    {0x86E5, "\x73\x68\x20\xc3\xa9"},
    {0x86E6, "\x79\x20\xc3\xad"},
    {0x86E7, "\x77\x20\xc7\x8e\x6e\x67"},
    {0x86E8, "\x6d\x20\xc3\xb2"},
    {0x86E9, "\x71\x20\x69\xc3\xb3\x6e\x67"},
    {0x86EA, "\x71\x20\x69\xc3\xa8"},
    {0x86EB, "\x67\x20\x75\xc7\x90"},
    {0x86EC, "\x71\x20\x69\xc3\xb3\x6e\x67"},
    {0x86ED, "\x7a\x68\x20\xc3\xac"},
    {0x86EE, "\x6d\x20\xc3\xa1\x6e"},
    {0x86EF, "\x6c\x20\xc7\x8e\x6f"},
    {0x86F0, "\x7a\x68\x20\xc3\xa9"},
    {0x86F1, "\x6a\x20\x69\xc3\xa1"},
    {0x86F2, "\x6e\x20\xc3\xa1\x6f"},
    {0x86F3, "\x73\x20\xc4\xab"},
    {0x86F4, "\x71\x20\xc3\xad"},
    {0x86F5, "\x78\x20\xc4\xab\x6e\x67"},
    {0x86F6, "\x6a\x20\x69\xc3\xa8"},
    {0x86F7, "\x71\x20\x69\xc3\xba"},
    {0x86F8, "\x73\x68\x20\xc4\x81\x6f"},
    {0x86F9, "\x79\x20\xc7\x92\x6e\x67"},
    {0x86FA, "\x6a\x20\x69\xc3\xa1"},
    {0x86FB, "\x74\x20\x75\xc3\xac"},
    {0x86FC, "\x63\x68\x20\xc4\x93"},
    {0x86FD, "\x62\x20\xc3\xa8\x69"},
    {0x86FE, "\xc3\xa9"},
    {0x86FF, "\x68\x20\xc3\xa0\x6e"},
    {0x8700, "\x73\x68\x20\xc7\x94"},
    {0x8701, "\x78\x20\x75\xc3\xa1\x6e"},
    {0x8702, "\x66\x20\xc4\x93\x6e\x67"},
    {0x8703, "\x73\x68\x20\xc3\xa8\x6e"},
    {0x8704, "\x73\x68\x20\xc3\xa8\x6e"},
    {0x8705, "\x66\x20\xc7\x94"},
    {0x8706, "\x78\x20\x69\xc3\xa0\x6e"},
    {0x8707, "\x7a\x68\x20\xc4\x93"},
    {0x8708, "\x77\x20\xc3\xba"},
    {0x8709, "\x66\x20\xc3\xba"},
    {0x870A, "\x6c\x20\xc3\xad"},
    {0x870B, "\x6c\x20\xc3\xa1\x6e\x67"},
    {0x870C, "\x62\x20\xc3\xac"},
    {0x870D, "\x63\x68\x20\xc3\xba"},
    {0x870E, "\x79\x20\x75\xc4\x81\x6e"},
    {0x870F, "\x79\x20\xc7\x92\x75"},
    {0x8710, "\x6a\x20\x69\xc3\xa9"},
    {0x8711, "\x64\x20\xc3\xa0\x6e"},
    {0x8712, "\x79\x20\xc3\xa1\x6e"},
    {0x8713, "\x74\x20\xc3\xad\x6e\x67"},
    {0x8714, "\x64\x20\x69\xc3\xa0\x6e"},
    {0x8715, "\x74\x20\x75\xc3\xac"},
    {0x8716, "\x68\x20\x75\xc3\xad"},
    {0x8717, "\x77\x20\xc5\x8d"},
    {0x8718, "\x7a\x68\x20\xc4\xab"},
    {0x8719, "\x73\x20\xc5\x8d\x6e\x67"},
    {0x871A, "\x66\x20\xc4\x93\x69"},
    {0x871B, "\x6a\x20\xc5\xab"},
    {0x871C, "\x6d\x20\xc3\xac"},
    {0x871D, "\x71\x20\xc3\xad"},
    {0x871E, "\x71\x20\xc3\xad"},
    {0x871F, "\x79\x20\xc3\xb9"},
    {0x8720, "\x6a\x20\xc3\xb9\x6e"},
    {0x8721, "\x6c\x20\xc3\xa0"},
    {0x8722, "\x6d\x20\xc4\x9b\x6e\x67"},
    {0x8723, "\x71\x20\x69\xc4\x81\x6e\x67"},
    {0x8724, "\x73\x20\xc4\xab"},
    {0x8725, "\x78\x20\xc4\xab"},
    {0x8726, "\x6c\x20\xc3\xba\x6e"},
    {0x8727, "\x6c\x20\xc3\xac"},
    {0x8728, "\x64\x20\x69\xc3\xa9"},
    {0x8729, "\x74\x20\x69\xc3\xa1\x6f"},
    {0x872A, "\x74\x20\xc3\xa1\x6f"},
    {0x872B, "\x6b\x20\xc5\xab\x6e"},
    {0x872C, "\x68\x20\xc3\xa1\x6e"},
    {0x872D, "\x68\x20\xc3\xa0\x6e"},
    {0x872E, "\x79\x20\xc3\xb9"},
    {0x872F, "\x62\x20\xc3\xa0\x6e\x67"},
    {0x8730, "\x66\x20\xc3\xa9\x69"},
    {0x8731, "\x70\x20\xc3\xad"},
    {0x8732, "\x77\x20\xc4\x93\x69"},
    {0x8733, "\x64\x20\xc5\xab\x6e"},
    {0x8734, "\x79\x20\xc3\xac"},
    {0x8735, "\x79\x20\x75\xc4\x81\x6e"},
    {0x8736, "\x73\x20\x75\xc3\xb2"},
    {0x8737, "\x71\x20\x75\xc3\xa1\x6e"},
    {0x8738, "\x71\x20\x69\xc7\x8e\x6e"},
    {0x8739, "\x72\x20\x75\xc3\xac"},
    {0x873A, "\x6e\x20\xc3\xad"},
    {0x873B, "\x71\x20\xc4\xab\x6e\x67"},
    {0x873C, "\x77\x20\xc3\xa8\x69"},
    {0x873D, "\x6c\x20\x69\xc7\x8e\x6e\x67"},
    {0x873E, "\x67\x20\x75\xc7\x92"},
    {0x873F, "\x77\x20\xc4\x81\x6e"},
    {0x8740, "\x64\x20\xc5\x8d\x6e\x67"},
    {0x8741, "\xc3\xa8"},
    {0x8742, "\x62\x20\xc7\x8e\x6e"},
    {0x8743, "\x64\x20\xc3\xac"},
    {0x8744, "\x77\x20\xc7\x8e\x6e\x67"},
    {0x8745, "\x63\x20\xc3\xa1\x6e"},
    {0x8746, "\x79\x20\xc7\x8e\x6e\x67"},
    {0x8747, "\x79\x20\xc3\xad\x6e\x67"},
    {0x8748, "\x67\x20\x75\xc5\x8d"},
    {0x8749, "\x63\x68\x20\xc3\xa1\x6e"},
    {0x874A, "\x64\x20\xc3\xac\x6e\x67"},
    {0x874B, "\x6c\x20\xc3\xa0"},
    {0x874C, "\x6b\x20\xc4\x93"},
    {0x874D, "\x6a\x20\x69\xc3\xa9"},
    {0x874E, "\x78\x20\x69\xc4\x93"},
    {0x874F, "\x74\x20\xc3\xad\x6e\x67"},
    {0x8750, "\x6d\x20\xc3\xa0\x6f"},
    {0x8751, "\x78\x20\xc5\xab"},
    {0x8752, "\x6d\x20\x69\xc3\xa1\x6e"},
    {0x8753, "\x79\x20\xc3\xba"},
    {0x8754, "\x6a\x20\x69\xc4\x93"},
    {0x8755, "\x73\x68\x20\xc3\xad"},
    {0x8756, "\x78\x20\x75\xc4\x81\x6e"},
    {0x8757, "\x68\x20\x75\xc3\xa1\x6e\x67"},
    {0x8758, "\x79\x20\xc7\x8e\x6e"},
    {0x8759, "\x62\x20\x69\xc4\x81\x6e"},
    {0x875A, "\x72\x20\xc3\xb3\x75"},
    {0x875B, "\x77\x20\xc4\x93\x69"},
    {0x875C, "\x66\x20\xc3\xb9"},
    {0x875D, "\x79\x20\x75\xc3\xa1\x6e"},
    {0x875E, "\x6d\x20\xc3\xa8\x69"},
    {0x875F, "\x77\x20\xc3\xa8\x69"},
    {0x8760, "\x66\x20\xc3\xba"},
    {0x8761, "\x72\x20\xc3\xba"},
    {0x8762, "\x78\x20\x69\xc3\xa9"},
    {0x8763, "\x79\x20\xc3\xb3\x75"},
    {0x8764, "\x71\x20\x69\xc3\xba"},
    {0x8765, "\x6d\x20\xc3\xa1\x6f"},
    {0x8766, "\x78\x20\x69\xc4\x81"},
    {0x8767, "\x79\x20\xc4\xab\x6e\x67"},
    {0x8768, "\x73\x68\x20\xc4\xab"},
    {0x8769, "\x63\x68\x20\xc3\xb3\x6e\x67"},
    {0x876A, "\x74\x20\xc4\x81\x6e\x67"},
    {0x876B, "\x7a\x68\x20\xc5\xab"},
    {0x876C, "\x7a\x20\xc5\x8d\x6e\x67"},
    {0x876D, "\x74\x20\xc3\xad"},
    {0x876E, "\x66\x20\xc3\xb9"},
    {0x876F, "\x79\x20\x75\xc3\xa1\x6e"},
    {0x8770, "\x6b\x20\x75\xc3\xad"},
    {0x8771, "\x6d\x20\xc3\xa9\x6e\x67"},
    {0x8772, "\x6c\x20\xc3\xa0"},
    {0x8773, "\x64\x20\xc3\xba"},
    {0x8774, "\x68\x20\xc3\xba"},
    {0x8775, "\x71\x20\x69\xc5\xab"},
    {0x8776, "\x64\x20\x69\xc3\xa9"},
    {0x8777, "\x6c\x20\xc3\xac"},
    {0x8778, "\x77\x20\xc5\x8d"},
    {0x8779, "\x79\x20\xc5\xab\x6e"},
    {0x877A, "\x71\x20\xc7\x94"},
    {0x877B, "\x6e\x20\xc7\x8e\x6e"},
    {0x877C, "\x6c\x20\xc3\xb3\x75"},
    {0x877D, "\x63\x68\x20\xc5\xab\x6e"},
    {0x877E, "\x72\x20\xc3\xb3\x6e\x67"},
    {0x877F, "\x79\x20\xc3\xad\x6e\x67"},
    {0x8780, "\x6a\x20\x69\xc4\x81\x6e\x67"},
    {0x8781, "\x62\x20\x61\x6e"},
    {0x8782, "\x6c\x20\xc3\xa1\x6e\x67"},
    {0x8783, "\x70\x20\xc3\xa1\x6e\x67"},
    {0x8784, "\x73\x20\xc4\xab"},
    {0x8785, "\x78\x20\xc4\xab"},
    {0x8786, "\x63\x20\xc3\xac"},
    {0x8787, "\x78\x20\xc4\xab"},
    {0x8788, "\x79\x20\x75\xc3\xa1\x6e"},
    {0x8789, "\x77\x20\xc4\x93\x6e\x67"},
    {0x878A, "\x6c\x20\x69\xc3\xa1\x6e"},
    {0x878B, "\x73\x20\xc5\x8d\x75"},
    {0x878C, "\x62\x20\xc4\x81\x6e"},
    {0x878D, "\x72\x20\xc3\xb3\x6e\x67"},
    {0x878E, "\x72\x20\xc3\xb3\x6e\x67"},
    {0x878F, "\x6a\x20\xc3\xad"},
    {0x8790, "\x77\x20\xc5\xab"},
    {0x8791, "\x78\x20\x69\xc3\xb9"},
    {0x8792, "\x68\x20\xc3\xa0\x6e"},
    {0x8793, "\x71\x20\xc3\xad\x6e"},
    {0x8794, "\x79\x20\xc3\xad"},
    {0x8795, "\x62\x20\xc4\xab"},
    {0x8796, "\x68\x20\x75\xc3\xa1"},
    {0x8797, "\x74\x20\xc3\xa1\x6e\x67"},
    {0x8798, "\x79\x20\xc7\x90"},
    {0x8799, "\x64\x20\xc3\xb9"},
    {0x879A, "\x6e\x20\xc3\xa0\x69"},
    {0x879B, "\x68\x20\xc3\xa9"},
    {0x879C, "\x68\x20\xc3\xba"},
    {0x879D, "\x67\x20\x75\xc4\xab"},
    {0x879E, "\x6d\x20\xc7\x8e"},
    {0x879F, "\x6d\x20\xc3\xad\x6e\x67"},
    {0x87A0, "\x79\x20\xc3\xac"},
    {0x87A1, "\x77\x20\xc3\xa9\x6e"},
    {0x87A2, "\x79\x20\xc3\xad\x6e\x67"},
    {0x87A3, "\x74\x20\xc3\xa8"},
    {0x87A4, "\x7a\x68\x20\xc5\x8d\x6e\x67"},
    {0x87A5, "\x63\x20\xc4\x81\x6e\x67"},
    {0x87A6, "\x73\x20\xc4\x81\x6f"},
    {0x87A7, "\x71\x20\xc3\xad"},
    {0x87A8, "\x6d\x20\xc7\x8e\x6e"},
    {0x87A9, "\x74\x20\x69\x61\x6f"},
    {0x87AA, "\x73\x68\x20\xc4\x81\x6e\x67"},
    {0x87AB, "\x73\x68\x20\xc3\xac"},
    {0x87AC, "\x63\x20\xc3\xa1\x6f"},
    {0x87AD, "\x63\x68\x20\xc4\xab"},
    {0x87AE, "\x64\x20\xc3\xac"},
    {0x87AF, "\xc3\xa1\x6f"},
    {0x87B0, "\x6c\x20\xc3\xb9"},
    {0x87B1, "\x77\x20\xc3\xa8\x69"},
    {0x87B2, "\x7a\x68\x20\xc3\xac"},
    {0x87B3, "\x74\x20\xc3\xa1\x6e\x67"},
    {0x87B4, "\x63\x68\x20\xc3\xa9\x6e"},
    {0x87B5, "\x70\x20\x69\xc4\x81\x6f"},
    {0x87B6, "\x71\x20\xc3\xba"},
    {0x87B7, "\x70\x20\xc3\xad"},
    {0x87B8, "\x79\x20\xc3\xba"},
    {0x87B9, "\x6a\x20\x69\xc3\xa0\x6e"},
    {0x87BA, "\x6c\x20\x75\xc3\xb3"},
    {0x87BB, "\x6c\x20\xc3\xb3\x75"},
    {0x87BC, "\x71\x20\xc7\x90\x6e"},
    {0x87BD, "\x7a\x68\x20\xc5\x8d\x6e\x67"},
    {0x87BE, "\x79\x20\xc7\x90\x6e"},
    {0x87BF, "\x6a\x20\x69\xc4\x81\x6e\x67"},
    {0x87C0, "\x73\x68\x20\x75\xc3\xa0\x69"},
    {0x87C1, "\x77\x20\xc3\xa9\x6e"},
    {0x87C2, "\x78\x20\x69\xc4\x81\x6f"},
    {0x87C3, "\x77\x20\xc3\xa0\x6e"},
    {0x87C4, "\x7a\x68\x20\xc3\xa9"},
    {0x87C5, "\x7a\x68\x20\xc3\xa8"},
    {0x87C6, "\x6d\x20\xc3\xa1"},
    {0x87C7, "\x6d\x20\xc3\xa1"},
    {0x87C8, "\x67\x20\x75\xc5\x8d"},
    {0x87C9, "\x6c\x20\x69\xc3\xba"},
    {0x87CA, "\x6d\x20\xc3\xa1\x6f"},
    {0x87CB, "\x78\x20\xc4\xab"},
    {0x87CC, "\x63\x20\xc5\x8d\x6e\x67"},
    {0x87CD, "\x6c\x20\xc3\xad"},
    {0x87CE, "\x6d\x20\xc7\x8e\x6e"},
    {0x87CF, "\x78\x20\x69\xc4\x81\x6f"},
    {0x87D0, "\x63\x68\x20\x61\x6e\x67"},
    {0x87D1, "\x7a\x68\x20\xc4\x81\x6e\x67"},
    {0x87D2, "\x6d\x20\xc7\x8e\x6e\x67"},
    {0x87D3, "\x78\x20\x69\xc3\xa0\x6e\x67"},
    {0x87D4, "\x6d\x20\xc3\xb2"},
    {0x87D5, "\x7a\x20\x75\xc4\xab"},
    {0x87D6, "\x73\x20\xc4\xab"},
    {0x87D7, "\x71\x20\x69\xc5\xab"},
    {0x87D8, "\x74\x20\xc3\xa8"},
    {0x87D9, "\x7a\x68\x20\xc3\xad"},
    {0x87DA, "\x70\x20\xc3\xa9\x6e\x67"},
    {0x87DB, "\x70\x20\xc3\xa9\x6e\x67"},
    {0x87DC, "\x6a\x20\x69\xc7\x8e\x6f"},
    {0x87DD, "\x71\x20\xc3\xba"},
    {0x87DE, "\x62\x20\x69\xc4\x93"},
    {0x87DF, "\x6c\x20\x69\xc3\xa1\x6f"},
    {0x87E0, "\x70\x20\xc3\xa1\x6e"},
    {0x87E1, "\x67\x20\x75\xc7\x90"},
    {0x87E2, "\x78\x20\xc7\x90"},
    {0x87E3, "\x6a\x20\xc7\x90"},
    {0x87E4, "\x7a\x68\x20\x75\xc4\x81\x6e"},
    {0x87E5, "\x68\x20\x75\xc3\xa1\x6e\x67"},
    {0x87E6, "\x66\x20\xc3\xa9\x69"},
    {0x87E7, "\x6c\x20\xc3\xa1\x6f"},
    {0x87E8, "\x6a\x20\x75\xc3\xa9"},
    {0x87E9, "\x6a\x20\x75\xc3\xa9"},
    {0x87EA, "\x68\x20\x75\xc3\xac"},
    {0x87EB, "\x79\x20\xc3\xad\x6e"},
    {0x87EC, "\x63\x68\x20\xc3\xa1\x6e"},
    {0x87ED, "\x6a\x20\x69\xc4\x81\x6f"},
    {0x87EE, "\x73\x68\x20\xc3\xa0\x6e"},
    {0x87EF, "\x6e\x20\xc3\xa1\x6f"},
    {0x87F0, "\x78\x20\x69\xc4\x81\x6f"},
    {0x87F1, "\x77\x20\xc3\xba"},
    {0x87F2, "\x63\x68\x20\xc3\xb3\x6e\x67"},
    {0x87F3, "\x78\x20\xc3\xba\x6e"},
    {0x87F4, "\x73\x20\xc4\xab"},
    {0x87F5, "\x63\x68\x20\xc3\xba"},
    {0x87F6, "\x63\x68\x20\xc4\x93\x6e\x67"},
    {0x87F7, "\x64\x20\xc4\x81\x6e\x67"},
    {0x87F8, "\x6c\x20\xc7\x90"},
    {0x87F9, "\x78\x20\x69\xc3\xa8"},
    {0x87FA, "\x73\x68\x20\xc3\xa0\x6e"},
    {0x87FB, "\x79\x20\xc7\x90"},
    {0x87FC, "\x6a\x20\xc7\x90\x6e\x67"},
    {0x87FD, "\x64\x20\xc3\xa1"},
    {0x87FE, "\x63\x68\x20\xc3\xa1\x6e"},
    {0x87FF, "\x71\x20\xc3\xac"},
    {0x8800, "\x63\x20\xc4\xab"},
    {0x8801, "\x78\x20\x69\xc7\x8e\x6e\x67"},
    {0x8802, "\x73\x68\x20\xc3\xa8"},
    {0x8803, "\x6c\x20\x75\xc7\x92"},
    {0x8804, "\x71\x20\xc3\xad\x6e"},
    {0x8805, "\x79\x20\xc3\xad\x6e\x67"},
    {0x8806, "\x63\x68\x20\xc3\xa0\x69"},
    {0x8807, "\x6c\x20\xc3\xac"},
    {0x8808, "\x7a\x20\xc3\xa9\x69"},
    {0x8809, "\x78\x20\x75\xc4\x81\x6e"},
    {0x880A, "\x6c\x20\x69\xc3\xa1\x6e"},
    {0x880B, "\x7a\x68\x20\xc3\xba"},
    {0x880C, "\x7a\x20\xc3\xa9"},
    {0x880D, "\x78\x20\x69\xc4\x93"},
    {0x880E, "\x6d\x20\xc7\x8e\x6e\x67"},
    {0x880F, "\x78\x20\x69\xc3\xa8"},
    {0x8810, "\x71\x20\xc3\xad"},
    {0x8811, "\x72\x20\xc3\xb3\x6e\x67"},
    {0x8812, "\x6a\x20\x69\xc7\x8e\x6e"},
    {0x8813, "\x6d\x20\xc4\x9b\x6e\x67"},
    {0x8814, "\x68\x20\xc3\xa1\x6f"},
    {0x8815, "\x72\x20\xc3\xba"},
    {0x8816, "\x68\x20\x75\xc3\xb2"},
    {0x8817, "\x7a\x68\x20\x75\xc3\xb3"},
    {0x8818, "\x6a\x20\x69\xc3\xa9"},
    {0x8819, "\x70\x20\xc3\xad\x6e"},
    {0x881A, "\x68\x20\xc4\x93"},
    {0x881B, "\x6d\x20\x69\xc3\xa8"},
    {0x881C, "\x66\x20\xc3\xa1\x6e"},
    {0x881D, "\x6c\x20\xc4\x9b\x69"},
    {0x881E, "\x6a\x20\x69\xc3\xa9"},
    {0x881F, "\x6c\x20\xc3\xa0"},
    {0x8820, "\x6d\x20\xc7\x90\x6e"},
    {0x8821, "\x6c\x20\xc3\xad"},
    {0x8822, "\x63\x68\x20\xc7\x94\x6e"},
    {0x8823, "\x6c\x20\xc3\xac"},
    {0x8824, "\x71\x20\x69\xc5\xab"},
    {0x8825, "\x6e\x20\x69\xc3\xa8"},
    {0x8826, "\x6c\x20\xc3\xba"},
    {0x8827, "\x64\x20\xc3\xb9"},
    {0x8828, "\x78\x20\x69\xc4\x81\x6f"},
    {0x8829, "\x7a\x68\x20\xc5\xab"},
    {0x882A, "\x6c\x20\xc3\xb3\x6e\x67"},
    {0x882B, "\x6c\x20\xc3\xad"},
    {0x882C, "\x6c\x20\xc3\xb3\x6e\x67"},
    {0x882D, "\x66\x20\xc4\x93\x6e\x67"},
    {0x882E, "\x79\x20\xc4\x93"},
    {0x882F, "\x70\x20\xc3\xad"},
    {0x8830, "\x6e\x20\xc3\xa1\x6e\x67"},
    {0x8831, "\x67\x20\xc7\x94"},
    {0x8832, "\x6a\x20\x75\xc4\x81\x6e"},
    {0x8833, "\x79\x20\xc4\xab\x6e\x67"},
    {0x8834, "\x73\x68\x20\xc7\x94"},
    {0x8835, "\x78\x20\xc4\xab"},
    {0x8836, "\x63\x20\xc3\xa1\x6e"},
    {0x8837, "\x71\x20\xc3\xba"},
    {0x8838, "\x71\x20\x75\xc3\xa1\x6e"},
    {0x8839, "\x64\x20\xc3\xb9"},
    {0x883A, "\x63\x20\xc3\xa1\x6e"},
    {0x883B, "\x6d\x20\xc3\xa1\x6e"},
    {0x883C, "\x71\x20\xc3\xba"},
    {0x883D, "\x6a\x20\x69\xc3\xa9"},
    {0x883E, "\x7a\x68\x20\xc3\xba"},
    {0x883F, "\x7a\x68\x20\x75\xc5\x8d"},
    {0x8840, "\x78\x20\x75\xc3\xa8"},
    {0x8841, "\x68\x20\x75\xc4\x81\x6e\x67"},
    {0x8842, "\x6e\x20\xc7\x9c"},
    {0x8843, "\x70\x20\xc4\x93\x69"},
    {0x8844, "\x6e\x20\xc7\x9c"},
    {0x8845, "\x78\x20\xc3\xac\x6e"},
    {0x8846, "\x7a\x68\x20\xc3\xb2\x6e\x67"},
    {0x8847, "\x6d\x20\xc3\xa0\x69"},
    {0x8848, "\xc3\xa8\x72"},
    {0x8849, "\x6b\x20\xc4\x81"},
    {0x884A, "\x6d\x20\x69\xc3\xa8"},
    {0x884B, "\x78\x20\xc3\xac"},
    {0x884C, "\x78\x20\xc3\xad\x6e\x67"},
    {0x884D, "\x79\x20\xc7\x8e\x6e"},
    {0x884E, "\x6b\x20\xc3\xa0\x6e"},
    {0x884F, "\x79\x20\x75\xc3\xa0\x6e"},
    {0x8850, "\x71\x20\xc3\xba"},
    {0x8851, "\x6c\x20\xc3\xad\x6e\x67"},
    {0x8852, "\x78\x20\x75\xc3\xa0\x6e"},
    {0x8853, "\x73\x68\x20\xc3\xb9"},
    {0x8854, "\x78\x20\x69\xc3\xa1\x6e"},
    {0x8855, "\x74\x20\xc3\xb2\x6e\x67"},
    {0x8856, "\x78\x20\x69\xc3\xa0\x6e\x67"},
    {0x8857, "\x6a\x20\x69\xc4\x93"},
    {0x8858, "\x78\x20\x69\xc3\xa1\x6e"},
    {0x8859, "\x79\x20\xc3\xa1"},
    {0x885A, "\x68\x20\xc3\xba"},
    {0x885B, "\x77\x20\xc3\xa8\x69"},
    {0x885C, "\x64\x20\xc3\xa0\x6f"},
    {0x885D, "\x63\x68\x20\xc5\x8d\x6e\x67"},
    {0x885E, "\x77\x20\xc3\xa8\x69"},
    {0x885F, "\x64\x20\xc3\xa0\x6f"},
    {0x8860, "\x7a\x68\x20\xc5\xab\x6e"},
    {0x8861, "\x68\x20\xc3\xa9\x6e\x67"},
    {0x8862, "\x71\x20\xc3\xba"},
    {0x8863, "\x79\x20\xc4\xab"},
    {0x8864, "\x79\x20\xc4\xab"},
    {0x8865, "\x62\x20\xc7\x94"},
    {0x8866, "\x67\x20\xc7\x8e\x6e"},
    {0x8867, "\x79\x20\xc3\xba"},
    {0x8868, "\x62\x20\x69\xc7\x8e\x6f"},
    {0x8869, "\x63\x68\x20\xc7\x8e"},
    {0x886A, "\x79\x20\xc3\xad"},
    {0x886B, "\x73\x68\x20\xc4\x81\x6e"},
    {0x886C, "\x63\x68\x20\xc3\xa8\x6e"},
    {0x886D, "\x66\x20\xc5\xab"},
    {0x886E, "\x67\x20\xc7\x94\x6e"},
    {0x886F, "\x66\x20\xc4\x93\x6e"},
    {0x8870, "\x73\x68\x20\x75\xc4\x81\x69"},
    {0x8871, "\x6a\x20\x69\xc3\xa9"},
    {0x8872, "\x6e\x20\xc3\xa0"},
    {0x8873, "\x7a\x68\x20\xc5\x8d\x6e\x67"},
    {0x8874, "\x64\x20\xc7\x8e\x6e"},
    {0x8875, "\x79\x20\xc3\xac"},
    {0x8876, "\x7a\x68\x20\xc3\xb2\x6e\x67"},
    {0x8877, "\x7a\x68\x20\xc5\x8d\x6e\x67"},
    {0x8878, "\x6a\x20\x69\xc3\xa8"},
    {0x8879, "\x7a\x68\x20\xc7\x90"},
    {0x887A, "\x78\x20\x69\xc3\xa9"},
    {0x887B, "\x72\x20\xc3\xa1\x6e"},
    {0x887C, "\x7a\x68\x20\xc4\xab"},
    {0x887D, "\x72\x20\xc3\xa8\x6e"},
    {0x887E, "\x71\x20\xc4\xab\x6e"},
    {0x887F, "\x6a\x20\xc4\xab\x6e"},
    {0x8880, "\x6a\x20\xc5\xab\x6e"},
    {0x8881, "\x79\x20\x75\xc3\xa1\x6e"},
    {0x8882, "\x6d\x20\xc3\xa8\x69"},
    {0x8883, "\x63\x68\x20\xc3\xa0\x69"},
    {0x8884, "\xc7\x8e\x6f"},
    {0x8885, "\x6e\x20\x69\xc7\x8e\x6f"},
    {0x8886, "\x68\x20\x75\xc4\xab"},
    {0x8887, "\x72\x20\xc3\xa1\x6e"},
    {0x8888, "\x6a\x20\x69\xc4\x81"},
    {0x8889, "\x74\x20\x75\xc3\xb3"},
    {0x888A, "\x6c\x20\xc7\x90\x6e\x67"},
    {0x888B, "\x64\x20\xc3\xa0\x69"},
    {0x888C, "\x62\x20\xc3\xa0\x6f"},
    {0x888D, "\x70\x20\xc3\xa1\x6f"},
    {0x888E, "\x79\x20\xc3\xa0\x6f"},
    {0x888F, "\x7a\x20\x75\xc3\xb2"},
    {0x8890, "\x62\x20\xc3\xac"},
    {0x8891, "\x73\x68\x20\xc3\xa0\x6f"},
    {0x8892, "\x74\x20\xc7\x8e\x6e"},
    {0x8893, "\x6a\x20\xc3\xb9"},
    {0x8894, "\x68\x20\xc3\xa8"},
    {0x8895, "\x78\x20\x75\xc3\xa9"},
    {0x8896, "\x78\x20\x69\xc3\xb9"},
    {0x8897, "\x7a\x68\x20\xc4\x9b\x6e"},
    {0x8898, "\x79\x20\xc3\xad"},
    {0x8899, "\x70\x20\xc3\xa0"},
    {0x889A, "\x62\x20\xc5\x8d"},
    {0x889B, "\x64\x20\xc4\xab"},
    {0x889C, "\x77\x20\xc3\xa0"},
    {0x889D, "\x66\x20\xc3\xb9"},
    {0x889E, "\x67\x20\xc7\x94\x6e"},
    {0x889F, "\x7a\x68\x20\xc3\xac"},
    {0x88A0, "\x7a\x68\x20\xc3\xac"},
    {0x88A1, "\x72\x20\xc3\xa1\x6e"},
    {0x88A2, "\x70\x20\xc3\xa0\x6e"},
    {0x88A3, "\x79\x20\xc3\xac"},
    {0x88A4, "\x6d\x20\xc3\xa0\x6f"},
    {0x88A5, "\x74\x20\x75\xc5\x8d"},
    {0x88A6, "\x6e\x20\xc3\xa0"},
    {0x88A7, "\x67\x20\xc5\x8d\x75"},
    {0x88A8, "\x78\x20\x75\xc3\xa0\x6e"},
    {0x88A9, "\x7a\x68\x20\xc3\xa9"},
    {0x88AA, "\x71\x20\xc5\xab"},
    {0x88AB, "\x62\x20\xc3\xa8\x69"},
    {0x88AC, "\x79\x20\xc3\xb9"},
    {0x88AD, "\x78\x20\xc3\xad"},
    {0x88AE, "\x6d\x20\xc3\xad"},
    {0x88AF, "\x62\x20\xc3\xb3"},
    {0x88B0, "\x62\x20\xc5\x8d"},
    {0x88B1, "\x66\x20\xc3\xba"},
    {0x88B2, "\x63\x68\x20\xc7\x90"},
    {0x88B3, "\x63\x68\x20\xc7\x90"},
    {0x88B4, "\x6b\x20\xc3\xb9"},
    {0x88B5, "\x72\x20\xc3\xa8\x6e"},
    {0x88B6, "\x6a\x20\x69\xc3\xa0\x6e\x67"},
    {0x88B7, "\x6a\x20\x69\xc3\xa1"},
    {0x88B8, "\x6a\x20\x69\xc3\xa0\x6e"},
    {0x88B9, "\x62\x20\xc3\xb3"},
    {0x88BA, "\x6a\x20\x69\xc3\xa9"},
    {0x88BB, "\xc3\xa9\x72"},
    {0x88BC, "\x67\x20\xc4\x93"},
    {0x88BD, "\x72\x20\xc3\xba"},
    {0x88BE, "\x7a\x68\x20\xc5\xab"},
    {0x88BF, "\x67\x20\x75\xc4\xab"},
    {0x88C0, "\x79\x20\xc4\xab\x6e"},
    {0x88C1, "\x63\x20\xc3\xa1\x69"},
    {0x88C2, "\x6c\x20\x69\xc3\xa8"},
    {0x88C3, "\x6b\x20\xc7\x8e"},
    {0x88C4, "\x78\x20\x69\x6e\x67"},
    {0x88C5, "\x7a\x68\x20\x75\xc4\x81\x6e\x67"},
    {0x88C6, "\x64\x20\xc4\x81\x6e\x67"},
    {0x88C7, "\x78\x20\xc5\xab"},
    {0x88C8, "\x6b\x20\xc5\xab\x6e"},
    {0x88C9, "\x6b\x20\xc3\xa8\x6e"},
    {0x88CA, "\x6e\x20\x69\xc7\x8e\x6f"},
    {0x88CB, "\x73\x68\x20\xc3\xb9"},
    {0x88CC, "\x6a\x20\x69\xc3\xa1"},
    {0x88CD, "\x6b\x20\xc7\x94\x6e"},
    {0x88CE, "\x63\x68\x20\xc3\xa9\x6e\x67"},
    {0x88CF, "\x6c\x20\xc7\x90"},
    {0x88D0, "\x6a\x20\x75\xc4\x81\x6e"},
    {0x88D1, "\x73\x68\x20\xc4\x93\x6e"},
    {0x88D2, "\x70\x20\xc3\xb3\x75"},
    {0x88D3, "\x67\x20\xc3\xa9"},
    {0x88D4, "\x79\x20\xc3\xac"},
    {0x88D5, "\x79\x20\xc3\xb9"},
    {0x88D6, "\x7a\x68\x20\xc4\x9b\x6e"},
    {0x88D7, "\x6c\x20\x69\xc3\xba"},
    {0x88D8, "\x71\x20\x69\xc3\xba"},
    {0x88D9, "\x71\x20\xc3\xba\x6e"},
    {0x88DA, "\x6a\x20\xc3\xac"},
    {0x88DB, "\x79\x20\xc3\xac"},
    {0x88DC, "\x62\x20\xc7\x94"},
    {0x88DD, "\x7a\x68\x20\x75\xc4\x81\x6e\x67"},
    {0x88DE, "\x73\x68\x20\x75\xc3\xac"},
    {0x88DF, "\x73\x68\x20\xc4\x81"},
    {0x88E0, "\x71\x20\xc3\xba\x6e"},
    {0x88E1, "\x6c\x20\xc7\x90"},
    {0x88E2, "\x6c\x20\x69\xc3\xa1\x6e"},
    {0x88E3, "\x6c\x20\x69\xc7\x8e\x6e"},
    {0x88E4, "\x6b\x20\xc3\xb9"},
    {0x88E5, "\x6a\x20\x69\xc7\x8e\x6e"},
    {0x88E6, "\x66\x20\xc3\xb3\x75"},
    {0x88E7, "\x63\x68\x20\xc4\x81\x6e"},
    {0x88E8, "\x62\x20\xc3\xac"},
    {0x88E9, "\x6b\x20\xc5\xab\x6e"},
    {0x88EA, "\x74\x20\xc3\xa1\x6f"},
    {0x88EB, "\x79\x20\x75\xc3\xa0\x6e"},
    {0x88EC, "\x6c\x20\xc3\xad\x6e\x67"},
    {0x88ED, "\x63\x68\x20\xc7\x90"},
    {0x88EE, "\x63\x68\x20\xc4\x81\x6e\x67"},
    {0x88EF, "\x63\x68\x20\xc3\xb3\x75"},
    {0x88F0, "\x64\x20\x75\xc5\x8d"},
    {0x88F1, "\x62\x20\x69\xc7\x8e\x6f"},
    {0x88F2, "\x6c\x20\x69\xc7\x8e\x6e\x67"},
    {0x88F3, "\x73\x68\x20\x61\x6e\x67"},
    {0x88F4, "\x70\x20\xc3\xa9\x69"},
    {0x88F5, "\x70\x20\xc3\xa9\x69"},
    {0x88F6, "\x66\x20\xc4\x93\x69"},
    {0x88F7, "\x79\x20\x75\xc4\x81\x6e"},
    {0x88F8, "\x6c\x20\x75\xc7\x92"},
    {0x88F9, "\x67\x20\x75\xc7\x92"},
    {0x88FA, "\x79\x20\xc7\x8e\x6e"},
    {0x88FB, "\x64\x20\xc3\xba"},
    {0x88FC, "\x74\x20\xc3\xac"},
    {0x88FD, "\x7a\x68\x20\xc3\xac"},
    {0x88FE, "\x6a\x20\xc5\xab"},
    {0x88FF, "\x79\x20\xc7\x90"},
    {0x8900, "\x71\x20\xc3\xad"},
    {0x8901, "\x67\x20\x75\xc7\x92"},
    {0x8902, "\x67\x20\x75\xc3\xa0"},
    {0x8903, "\x6b\x20\xc3\xa8\x6e"},
    {0x8904, "\x71\x20\xc4\xab"},
    {0x8905, "\x74\x20\xc3\xac"},
    {0x8906, "\x74\x20\xc3\xad"},
    {0x8907, "\x66\x20\xc3\xb9"},
    {0x8908, "\x63\x68\x20\xc3\xb3\x6e\x67"},
    {0x8909, "\x78\x20\x69\xc3\xa8"},
    {0x890A, "\x62\x20\x69\xc7\x8e\x6e"},
    {0x890B, "\x64\x20\x69\xc3\xa9"},
    {0x890C, "\x6b\x20\xc5\xab\x6e"},
    {0x890D, "\x64\x20\x75\xc4\x81\x6e"},
    {0x890E, "\x78\x20\x69\xc3\xb9"},
    {0x890F, "\x78\x20\x69\xc3\xb9"},
    {0x8910, "\x68\x20\xc3\xa8"},
    {0x8911, "\x79\x20\x75\xc3\xa0\x6e"},
    {0x8912, "\x62\x20\xc4\x81\x6f"},
    {0x8913, "\x62\x20\xc7\x8e\x6f"},
    {0x8914, "\x66\x20\xc3\xb9"},
    {0x8915, "\x79\x20\xc3\xba"},
    {0x8916, "\x74\x20\x75\xc3\xa0\x6e"},
    {0x8917, "\x79\x20\xc7\x8e\x6e"},
    {0x8918, "\x68\x20\x75\xc4\xab"},
    {0x8919, "\x62\x20\xc3\xa8\x69"},
    {0x891A, "\x63\x68\x20\xc7\x94"},
    {0x891B, "\x6c\x20\xc7\x9a"},
    {0x891C, "\x70\x20\xc3\xa1\x6f"},
    {0x891D, "\x64\x20\xc4\x81\x6e"},
    {0x891E, "\x79\x20\xc7\x94\x6e"},
    {0x891F, "\x74\x20\xc4\x81"},
    {0x8920, "\x67\x20\xc5\x8d\x75"},
    {0x8921, "\x64\x20\xc4\x81"},
    {0x8922, "\x68\x20\x75\xc3\xa1\x69"},
    {0x8923, "\x72\x20\xc3\xb3\x6e\x67"},
    {0x8924, "\x79\x20\x75\xc3\xa0\x6e"},
    {0x8925, "\x72\x20\xc3\xb9"},
    {0x8926, "\x6e\x20\xc3\xa0\x69"},
    {0x8927, "\x6a\x20\x69\xc7\x92\x6e\x67"},
    {0x8928, "\x73\x20\x75\xc7\x92"},
    {0x8929, "\x62\x20\xc4\x81\x6e"},
    {0x892A, "\x74\x20\x75\xc3\xac"},
    {0x892B, "\x63\x68\x20\xc7\x90"},
    {0x892C, "\x73\x20\xc7\x8e\x6e\x67"},
    {0x892D, "\x6e\x20\x69\xc7\x8e\x6f"},
    {0x892E, "\x79\x20\xc4\xab\x6e\x67"},
    {0x892F, "\x6a\x20\x69\xc3\xa8"},
    {0x8930, "\x71\x20\x69\xc4\x81\x6e"},
    {0x8931, "\x68\x20\x75\xc3\xa1\x69"},
    {0x8932, "\x6b\x20\xc3\xb9"},
    {0x8933, "\x6c\x20\x69\xc3\xa1\x6e"},
    {0x8934, "\x6c\x20\xc3\xa1\x6e"},
    {0x8935, "\x6c\x20\xc3\xad"},
    {0x8936, "\x7a\x68\x20\xc4\x9b"},
    {0x8937, "\x73\x68\x20\xc4\xab"},
    {0x8938, "\x6c\x20\xc7\x9a"},
    {0x8939, "\x79\x20\xc3\xac"},
    {0x893A, "\x64\x20\x69\xc4\x93"},
    {0x893B, "\x78\x20\x69\xc3\xa8"},
    {0x893C, "\x78\x20\x69\xc4\x81\x6e"},
    {0x893D, "\x77\x20\xc3\xa8\x69"},
    {0x893E, "\x62\x20\x69\xc7\x8e\x6f"},
    {0x893F, "\x63\x20\xc3\xa1\x6f"},
    {0x8940, "\x6a\x20\xc4\xab"},
    {0x8941, "\x71\x20\x69\xc7\x8e\x6e\x67"},
    {0x8942, "\x73\x20\xc4\x93\x6e"},
    {0x8943, "\x62\x20\xc4\x81\x6f"},
    {0x8944, "\x78\x20\x69\xc4\x81\x6e\x67"},
    {0x8945, "\x62\x20\xc3\xac"},
    {0x8946, "\x66\x20\xc3\xba"},
    {0x8947, "\x6a\x20\x69\xc7\x8e\x6e"},
    {0x8948, "\x7a\x68\x20\x75\xc3\xa0\x6e"},
    {0x8949, "\x6a\x20\x69\xc7\x8e\x6e"},
    {0x894A, "\x63\x20\x75\xc3\xac"},
    {0x894B, "\x6a\x20\xc3\xad"},
    {0x894C, "\x64\x20\xc4\x81\x6e"},
    {0x894D, "\x7a\x20\xc3\xa1"},
    {0x894E, "\x66\x20\xc3\xa1\x6e"},
    {0x894F, "\x62\x20\xc3\xb3"},
    {0x8950, "\x78\x20\x69\xc3\xa0\x6e\x67"},
    {0x8951, "\x78\x20\xc3\xad\x6e"},
    {0x8952, "\x62\x20\x69\xc3\xa9"},
    {0x8953, "\x72\x20\xc3\xa1\x6f"},
    {0x8954, "\x6d\x20\xc7\x8e\x6e"},
    {0x8955, "\x6c\x20\xc3\xa1\x6e"},
    {0x8956, "\xc7\x8e\x6f"},
    {0x8957, "\x7a\x20\xc3\xa9"},
    {0x8958, "\x67\x20\x75\xc3\xac"},
    {0x8959, "\x63\x20\xc3\xa0\x6f"},
    {0x895A, "\x73\x20\x75\xc3\xac"},
    {0x895B, "\x6e\x20\xc3\xb3\x6e\x67"},
    {0x895C, "\x63\x68\x20\xc4\x81\x6e"},
    {0x895D, "\x6c\x20\x69\xc7\x8e\x6e"},
    {0x895E, "\x62\x20\xc3\xac"},
    {0x895F, "\x6a\x20\xc4\xab\x6e"},
    {0x8960, "\x64\x20\xc4\x81\x6e\x67"},
    {0x8961, "\x73\x68\x20\xc7\x94"},
    {0x8962, "\x74\x20\xc7\x8e\x6e"},
    {0x8963, "\x62\x20\xc3\xac"},
    {0x8964, "\x6c\x20\xc3\xa1\x6e"},
    {0x8965, "\x66\x20\xc3\xba"},
    {0x8966, "\x72\x20\xc3\xba"},
    {0x8967, "\x7a\x68\x20\xc7\x90"},
    {0x8968, "\x64\x20\x75\xc3\xac"},
    {0x8969, "\x73\x68\x20\xc7\x94"},
    {0x896A, "\x77\x20\xc3\xa0"},
    {0x896B, "\x73\x68\x20\xc3\xac"},
    {0x896C, "\x62\x20\xc7\x8e\x69"},
    {0x896D, "\x78\x20\x69\xc3\xa9"},
    {0x896E, "\x62\x20\xc3\xb3"},
    {0x896F, "\x63\x68\x20\xc3\xa8\x6e"},
    {0x8970, "\x6c\x20\xc3\xa0\x69"},
    {0x8971, "\x6c\x20\xc3\xb3\x6e\x67"},
    {0x8972, "\x78\x20\xc3\xad"},
    {0x8973, "\x78\x20\x69\xc4\x81\x6e"},
    {0x8974, "\x6c\x20\xc3\xa1\x6e"},
    {0x8975, "\x7a\x68\x20\xc4\x9b"},
    {0x8976, "\x64\x20\xc3\xa0\x69"},
    {0x8977, "\x6a\x20\xc7\x94"},
    {0x8978, "\x7a\x20\xc3\xa0\x6e"},
    {0x8979, "\x73\x68\x20\xc4\xab"},
    {0x897A, "\x6a\x20\x69\xc7\x8e\x6e"},
    {0x897B, "\x70\x20\xc3\xa0\x6e"},
    {0x897C, "\x79\x20\xc3\xac"},
    {0x897D, "\x6c\x20\xc3\xa1\x6e"},
    {0x897E, "\x79\x20\xc3\xa0"},
    {0x897F, "\x78\x20\xc4\xab"},
    {0x8980, "\x78\x20\xc4\xab"},
    {0x8981, "\x79\x20\xc3\xa0\x6f"},
    {0x8982, "\x66\x20\xc4\x9b\x6e\x67"},
    {0x8983, "\x74\x20\xc3\xa1\x6e"},
    {0x8984, "\x66\x20\xc3\xb9"},
    {0x8985, "\x66\x20\x69\xc3\xa0\x6f"},
    {0x8986, "\x66\x20\xc3\xb9"},
    {0x8987, "\x62\x20\xc3\xa0"},
    {0x8988, "\x68\x20\xc3\xa9"},
    {0x8989, "\x6a\x20\xc4\xab"},
    {0x898A, "\x6a\x20\xc4\xab"},
    {0x898B, "\x6a\x20\x69\xc3\xa0\x6e"},
    {0x898C, "\x67\x20\x75\xc4\x81\x6e"},
    {0x898D, "\x62\x20\x69\xc3\xa0\x6e"},
    {0x898E, "\x79\x20\xc3\xa0\x6e"},
    {0x898F, "\x67\x20\x75\xc4\xab"},
    {0x8990, "\x6a\x20\x75\xc3\xa9"},
    {0x8991, "\x70\x20\x69\xc7\x8e\x6e"},
    {0x8992, "\x6d\x20\xc3\xa0\x6f"},
    {0x8993, "\x6d\x20\xc3\xac"},
    {0x8994, "\x6d\x20\xc3\xac"},
    {0x8995, "\x6d\x20\x69\xc3\xa8"},
    {0x8996, "\x73\x68\x20\xc3\xac"},
    {0x8997, "\x73\x20\xc3\xac"},
    {0x8998, "\x63\x68\x20\xc4\x81\x6e"},
    {0x8999, "\x6c\x20\x75\xc3\xb3"},
    {0x899A, "\x6a\x20\x75\xc3\xa9"},
    {0x899B, "\x6d\x20\xc3\xac"},
    {0x899C, "\x74\x20\x69\xc3\xa0\x6f"},
    {0x899D, "\x6c\x20\x69\xc3\xa1\x6e"},
    {0x899E, "\x79\x20\xc3\xa0\x6f"},
    {0x899F, "\x7a\x68\x20\xc3\xac"},
    {0x89A0, "\x6a\x20\xc5\xab\x6e"},
    {0x89A1, "\x78\x20\xc3\xad"},
    {0x89A2, "\x73\x68\x20\xc7\x8e\x6e"},
    {0x89A3, "\x77\x20\xc4\x93\x69"},
    {0x89A4, "\x78\x20\xc3\xac"},
    {0x89A5, "\x74\x20\x69\xc7\x8e\x6e"},
    {0x89A6, "\x79\x20\xc3\xba"},
    {0x89A7, "\x6c\x20\xc7\x8e\x6e"},
    {0x89A8, "\xc3\xa8"},
    {0x89A9, "\x64\x20\xc7\x94"},
    {0x89AA, "\x71\x20\xc4\xab\x6e"},
    {0x89AB, "\x70\x20\xc7\x8e\x6e\x67"},
    {0x89AC, "\x6a\x20\xc3\xac"},
    {0x89AD, "\x6d\x20\xc3\xad\x6e\x67"},
    {0x89AE, "\x79\x20\xc3\xad\x6e\x67"},
    {0x89AF, "\x67\x20\xc3\xb2\x75"},
    {0x89B0, "\x71\x20\xc5\xab"},
    {0x89B1, "\x7a\x68\x20\xc3\xa0\x6e"},
    {0x89B2, "\x6a\x20\xc3\xac\x6e"},
    {0x89B3, "\x67\x20\x75\xc4\x81\x6e"},
    {0x89B4, "\x64\x20\xc4\x93\x6e\x67"},
    {0x89B5, "\x6a\x20\x69\xc3\xa0\x6e"},
    {0x89B6, "\x6c\x20\x75\xc3\xb3"},
    {0x89B7, "\x71\x20\xc3\xb9"},
    {0x89B8, "\x6a\x20\x69\xc4\x81\x6e"},
    {0x89B9, "\x77\x20\xc3\xa9\x69"},
    {0x89BA, "\x6a\x20\x75\xc3\xa9"},
    {0x89BB, "\x71\x20\xc5\xab"},
    {0x89BC, "\x6c\x20\x75\xc3\xb3"},
    {0x89BD, "\x6c\x20\xc7\x8e\x6e"},
    {0x89BE, "\x73\x68\x20\xc4\x9b\x6e"},
    {0x89BF, "\x64\x20\xc3\xad"},
    {0x89C0, "\x67\x20\x75\xc4\x81\x6e"},
    {0x89C1, "\x6a\x20\x69\xc3\xa0\x6e"},
    {0x89C2, "\x67\x20\x75\xc4\x81\x6e"},
    {0x89C3, "\x79\x20\xc3\xa0\x6e"},
    {0x89C4, "\x67\x20\x75\xc4\xab"},
    {0x89C5, "\x6d\x20\xc3\xac"},
    {0x89C6, "\x73\x68\x20\xc3\xac"},
    {0x89C7, "\x63\x68\x20\xc4\x81\x6e"},
    {0x89C8, "\x6c\x20\xc7\x8e\x6e"},
    {0x89C9, "\x6a\x20\x75\xc3\xa9"},
    {0x89CA, "\x6a\x20\xc3\xac"},
    {0x89CB, "\x78\x20\xc3\xad"},
    {0x89CC, "\x64\x20\xc3\xad"},
    {0x89CD, "\x74\x20\x69\xc7\x8e\x6e"},
    {0x89CE, "\x79\x20\xc3\xba"},
    {0x89CF, "\x67\x20\xc3\xb2\x75"},
    {0x89D0, "\x6a\x20\xc3\xac\x6e"},
    {0x89D1, "\x71\x20\xc3\xb9"},
    {0x89D2, "\x6a\x20\x69\xc7\x8e\x6f"},
    {0x89D3, "\x71\x20\x69\xc3\xba"},
    {0x89D4, "\x6a\x20\xc4\xab\x6e"},
    {0x89D5, "\x63\x20\xc5\xab"},
    {0x89D6, "\x6a\x20\x75\xc3\xa9"},
    {0x89D7, "\x7a\x68\x20\xc3\xac"},
    {0x89D8, "\x63\x68\x20\xc3\xa0\x6f"},
    {0x89D9, "\x6a\x20\xc3\xad"},
    {0x89DA, "\x67\x20\xc5\xab"},
    {0x89DB, "\x64\x20\xc3\xa0\x6e"},
    {0x89DC, "\x7a\x20\xc4\xab"},
    {0x89DD, "\x64\x20\xc7\x90"},
    {0x89DE, "\x73\x68\x20\xc4\x81\x6e\x67"},
    {0x89DF, "\x68\x20\x75\xc3\xa0"},
    {0x89E0, "\x71\x20\x75\xc3\xa1\x6e"},
    {0x89E1, "\x67\x20\xc3\xa9"},
    {0x89E2, "\x73\x68\x20\xc3\xac"},
    {0x89E3, "\x6a\x20\x69\xc4\x9b"},
    {0x89E4, "\x67\x20\x75\xc7\x90"},
    {0x89E5, "\x67\x20\xc5\x8d\x6e\x67"},
    {0x89E6, "\x63\x68\x20\xc3\xb9"},
    {0x89E7, "\x6a\x20\x69\xc4\x9b"},
    {0x89E8, "\x68\x20\xc3\xb9\x6e"},
    {0x89E9, "\x71\x20\x69\xc3\xba"},
    {0x89EA, "\x78\x20\xc4\xab\x6e\x67"},
    {0x89EB, "\x73\x20\xc3\xb9"},
    {0x89EC, "\x6e\x20\xc3\xad"},
    {0x89ED, "\x6a\x20\xc4\xab"},
    {0x89EE, "\x6c\x20\xc3\xb9"},
    {0x89EF, "\x7a\x68\x20\xc3\xac"},
    {0x89F0, "\x7a\x68\x20\xc4\x81"},
    {0x89F1, "\x62\x20\xc3\xac"},
    {0x89F2, "\x78\x20\xc4\xab\x6e\x67"},
    {0x89F3, "\x68\x20\xc3\xba"},
    {0x89F4, "\x73\x68\x20\xc4\x81\x6e\x67"},
    {0x89F5, "\x67\x20\xc5\x8d\x6e\x67"},
    {0x89F6, "\x7a\x68\x20\xc3\xac"},
    {0x89F7, "\x78\x20\x75\xc3\xa9"},
    {0x89F8, "\x63\x68\x20\xc3\xb9"},
    {0x89F9, "\x78\x20\xc4\xab"},
    {0x89FA, "\x79\x20\xc3\xad"},
    {0x89FB, "\x6c\x20\xc3\xac"},
    {0x89FC, "\x6a\x20\x75\xc3\xa9"},
    {0x89FD, "\x78\x20\xc4\xab"},
    {0x89FE, "\x79\x20\xc3\xa0\x6e"},
    {0x89FF, "\x78\x20\xc4\xab"},
    {0x8A00, "\x79\x20\xc3\xa1\x6e"},
    {0x8A01, "\x79\x20\xc3\xa1\x6e"},
    {0x8A02, "\x64\x20\xc3\xac\x6e\x67"},
    {0x8A03, "\x66\x20\xc3\xb9"},
    {0x8A04, "\x71\x20\x69\xc3\xba"},
    {0x8A05, "\x71\x20\x69\xc3\xba"},
    {0x8A06, "\x6a\x20\x69\xc3\xa0\x6f"},
    {0x8A07, "\x68\x20\xc5\x8d\x6e\x67"},
    {0x8A08, "\x6a\x20\xc3\xac"},
    {0x8A09, "\x66\x20\xc3\xa0\x6e"},
    {0x8A0A, "\x78\x20\xc3\xb9\x6e"},
    {0x8A0B, "\x64\x20\x69\xc3\xa0\x6f"},
    {0x8A0C, "\x68\x20\xc3\xb2\x6e\x67"},
    {0x8A0D, "\x63\x68\x20\xc3\xa0\x69"},
    {0x8A0E, "\x74\x20\xc7\x8e\x6f"},
    {0x8A0F, "\x78\x20\xc5\xab"},
    {0x8A10, "\x6a\x20\x69\xc3\xa9"},
    {0x8A11, "\x79\x20\xc3\xad"},
    {0x8A12, "\x72\x20\xc3\xa8\x6e"},
    {0x8A13, "\x78\x20\xc3\xb9\x6e"},
    {0x8A14, "\x79\x20\xc3\xad\x6e"},
    {0x8A15, "\x73\x68\x20\xc3\xa0\x6e"},
    {0x8A16, "\x71\x20\xc3\xac"},
    {0x8A17, "\x74\x20\x75\xc5\x8d"},
    {0x8A18, "\x6a\x20\xc3\xac"},
    {0x8A19, "\x78\x20\xc3\xb9\x6e"},
    {0x8A1A, "\x79\x20\xc3\xad\x6e"},
    {0x8A1B, "\xc3\xa9"},
    {0x8A1C, "\x66\x20\xc4\x93\x6e"},
    {0x8A1D, "\x79\x20\xc3\xa0"},
    {0x8A1E, "\x79\x20\xc4\x81\x6f"},
    {0x8A1F, "\x73\x20\xc3\xb2\x6e\x67"},
    {0x8A20, "\x73\x68\x20\xc4\x9b\x6e"},
    {0x8A21, "\x79\x20\xc3\xad\x6e"},
    {0x8A22, "\x78\x20\xc4\xab\x6e"},
    {0x8A23, "\x6a\x20\x75\xc3\xa9"},
    {0x8A24, "\x78\x20\x69\xc3\xa1\x6f"},
    {0x8A25, "\x6e\x20\xc3\xa8"},
    {0x8A26, "\x63\x68\x20\xc3\xa9\x6e"},
    {0x8A27, "\x79\x20\xc3\xb3\x75"},
    {0x8A28, "\x7a\x68\x20\xc7\x90"},
    {0x8A29, "\x78\x20\x69\xc5\x8d\x6e\x67"},
    {0x8A2A, "\x66\x20\xc7\x8e\x6e\x67"},
    {0x8A2B, "\x78\x20\xc3\xac\x6e"},
    {0x8A2C, "\x63\x68\x20\xc4\x81\x6f"},
    {0x8A2D, "\x73\x68\x20\xc3\xa8"},
    {0x8A2E, "\x79\x20\xc3\xa1\x6e"},
    {0x8A2F, "\x73\x20\xc7\x8e"},
    {0x8A30, "\x7a\x68\x20\xc3\xb9\x6e"},
    {0x8A31, "\x78\x20\xc7\x94"},
    {0x8A32, "\x79\x20\xc3\xac"},
    {0x8A33, "\x79\x20\xc3\xac"},
    {0x8A34, "\x73\x20\xc3\xb9"},
    {0x8A35, "\x63\x68\x20\xc4\xab"},
    {0x8A36, "\x68\x20\xc4\x93"},
    {0x8A37, "\x73\x68\x20\xc4\x93\x6e"},
    {0x8A38, "\x68\x20\xc3\xa9"},
    {0x8A39, "\x78\x20\xc3\xb9"},
    {0x8A3A, "\x7a\x68\x20\xc4\x9b\x6e"},
    {0x8A3B, "\x7a\x68\x20\xc3\xb9"},
    {0x8A3C, "\x7a\x68\x20\xc3\xa8\x6e\x67"},
    {0x8A3D, "\x67\x20\xc3\xb2\x75"},
    {0x8A3E, "\x7a\x20\xc4\xab"},
    {0x8A3F, "\x7a\x20\xc7\x90"},
    {0x8A40, "\x7a\x68\x20\xc4\x81\x6e"},
    {0x8A41, "\x67\x20\xc7\x94"},
    {0x8A42, "\x66\x20\xc3\xb9"},
    {0x8A43, "\x6a\x20\x69\xc7\x8e\x6e"},
    {0x8A44, "\x64\x20\x69\xc3\xa9"},
    {0x8A45, "\x6c\x20\xc3\xad\x6e\x67"},
    {0x8A46, "\x64\x20\xc7\x90"},
    {0x8A47, "\x79\x20\xc3\xa0\x6e\x67"},
    {0x8A48, "\x6c\x20\xc3\xac"},
    {0x8A49, "\x6e\x20\xc3\xa1\x6f"},
    {0x8A4A, "\x70\x20\xc3\xa0\x6e"},
    {0x8A4B, "\x7a\x68\x20\xc3\xb2\x75"},
    {0x8A4C, "\x67\x20\xc3\xa0\x6e"},
    {0x8A4D, "\x79\x20\xc3\xac"},
    {0x8A4E, "\x6a\x20\xc3\xb9"},
    {0x8A4F, "\x79\x20\xc3\xa0\x6f"},
    {0x8A50, "\x7a\x68\x20\xc3\xa0"},
    {0x8A51, "\x79\x20\xc3\xad"},
    {0x8A52, "\x79\x20\xc3\xad"},
    {0x8A53, "\x71\x20\xc7\x94"},
    {0x8A54, "\x7a\x68\x20\xc3\xa0\x6f"},
    {0x8A55, "\x70\x20\xc3\xad\x6e\x67"},
    {0x8A56, "\x62\x20\xc3\xac"},
    {0x8A57, "\x78\x20\x69\xc3\xb2\x6e\x67"},
    {0x8A58, "\x71\x20\xc5\xab"},
    {0x8A59, "\x62\x20\xc3\xa1"},
    {0x8A5A, "\x64\x20\xc3\xa1"},
    {0x8A5B, "\x7a\x20\xc7\x94"},
    {0x8A5C, "\x74\x20\xc4\x81\x6f"},
    {0x8A5D, "\x7a\x68\x20\xc7\x94"},
    {0x8A5E, "\x63\x20\xc3\xad"},
    {0x8A5F, "\x7a\x68\x20\xc3\xa9"},
    {0x8A60, "\x79\x20\xc7\x92\x6e\x67"},
    {0x8A61, "\x78\x20\xc7\x94"},
    {0x8A62, "\x78\x20\xc3\xba\x6e"},
    {0x8A63, "\x79\x20\xc3\xac"},
    {0x8A64, "\x68\x20\x75\xc7\x8e\x6e\x67"},
    {0x8A65, "\x68\x20\xc3\xa9"},
    {0x8A66, "\x73\x68\x20\xc3\xac"},
    {0x8A67, "\x63\x68\x20\xc3\xa1"},
    {0x8A68, "\x78\x20\x69\xc3\xa0\x6f"},
    {0x8A69, "\x73\x68\x20\xc4\xab"},
    {0x8A6A, "\x68\x20\xc4\x9b\x6e"},
    {0x8A6B, "\x63\x68\x20\xc3\xa0"},
    {0x8A6C, "\x67\x20\xc3\xb2\x75"},
    {0x8A6D, "\x67\x20\x75\xc7\x90"},
    {0x8A6E, "\x71\x20\x75\xc3\xa1\x6e"},
    {0x8A6F, "\x68\x20\x75\xc3\xac"},
    {0x8A70, "\x6a\x20\x69\xc3\xa9"},
    {0x8A71, "\x68\x20\x75\xc3\xa0"},
    {0x8A72, "\x67\x20\xc4\x81\x69"},
    {0x8A73, "\x78\x20\x69\xc3\xa1\x6e\x67"},
    {0x8A74, "\x77\x20\xc4\x93\x69"},
    {0x8A75, "\x73\x68\x20\xc4\x93\x6e"},
    {0x8A76, "\x7a\x68\x20\xc3\xb2\x75"},
    {0x8A77, "\x74\x20\xc3\xb3\x6e\x67"},
    {0x8A78, "\x6d\x20\xc3\xad"},
    {0x8A79, "\x7a\x68\x20\xc4\x81\x6e"},
    {0x8A7A, "\x6d\x20\xc3\xac\x6e\x67"},
    {0x8A7B, "\xc3\xa8"},
    {0x8A7C, "\x68\x20\x75\xc4\xab"},
    {0x8A7D, "\x79\x20\xc3\xa1\x6e"},
    {0x8A7E, "\x78\x20\x69\xc5\x8d\x6e\x67"},
    {0x8A7F, "\x67\x20\x75\xc3\xa0"},
    {0x8A80, "\xc3\xa8\x72"},
    {0x8A81, "\x62\x20\xc3\xac\x6e\x67"},
    {0x8A82, "\x74\x20\x69\xc7\x8e\x6f"},
    {0x8A83, "\x79\x20\xc3\xad"},
    {0x8A84, "\x6c\x20\xc4\x9b\x69"},
    {0x8A85, "\x7a\x68\x20\xc5\xab"},
    {0x8A86, "\x6b\x20\x75\xc4\x81\x6e\x67"},
    {0x8A87, "\x6b\x20\x75\xc4\x81"},
    {0x8A88, "\x77\x20\xc5\xab"},
    {0x8A89, "\x79\x20\xc3\xb9"},
    {0x8A8A, "\x74\x20\xc3\xa9\x6e\x67"},
    {0x8A8B, "\x6a\x20\xc3\xac"},
    {0x8A8C, "\x7a\x68\x20\xc3\xac"},
    {0x8A8D, "\x72\x20\xc3\xa8\x6e"},
    {0x8A8E, "\x63\x20\xc3\xb9"},
    {0x8A8F, "\x6c\x20\xc7\x8e\x6e\x67"},
    {0x8A90, "\xc3\xa9"},
    {0x8A91, "\x6b\x20\x75\xc3\xa1\x6e\x67"},
    {0x8A92, "\xc3\xa9\x69"},
    {0x8A93, "\x73\x68\x20\xc3\xac"},
    {0x8A94, "\x74\x20\xc7\x90\x6e\x67"},
    {0x8A95, "\x64\x20\xc3\xa0\x6e"},
    {0x8A96, "\x62\x20\xc3\xa8\x69"},
    {0x8A97, "\x63\x68\x20\xc3\xa1\x6e"},
    {0x8A98, "\x79\x20\xc3\xb2\x75"},
    {0x8A99, "\x6b\x20\xc4\x93\x6e\x67"},
    {0x8A9A, "\x71\x20\x69\xc3\xa0\x6f"},
    {0x8A9B, "\x71\x20\xc4\xab\x6e"},
    {0x8A9C, "\x73\x68\x20\x75\xc3\xa0"},
    {0x8A9D, "\xc4\x81\x6e"},
    {0x8A9E, "\x79\x20\xc7\x94"},
    {0x8A9F, "\x78\x20\x69\xc3\xa0\x6f"},
    {0x8AA0, "\x63\x68\x20\xc3\xa9\x6e\x67"},
    {0x8AA1, "\x6a\x20\x69\xc3\xa8"},
    {0x8AA2, "\x78\x20\x69\xc3\xa0\x6e"},
    {0x8AA3, "\x77\x20\xc5\xab"},
    {0x8AA4, "\x77\x20\xc3\xb9"},
    {0x8AA5, "\x67\x20\xc3\xa0\x6f"},
    {0x8AA6, "\x73\x20\xc3\xb2\x6e\x67"},
    {0x8AA7, "\x62\x20\xc5\xab"},
    {0x8AA8, "\x68\x20\x75\xc3\xac"},
    {0x8AA9, "\x6a\x20\xc3\xac\x6e\x67"},
    {0x8AAA, "\x73\x68\x20\x75\xc5\x8d"},
    {0x8AAB, "\x7a\x68\x20\xc3\xa8\x6e"},
    {0x8AAC, "\x73\x68\x20\x75\xc5\x8d"},
    {0x8AAD, "\x64\x20\xc3\xba"},
    {0x8AAE, "\x68\x20\x75\xc4\x81"},
    {0x8AAF, "\x63\x68\x20\xc3\xa0\x6e\x67"},
    {0x8AB0, "\x73\x68\x20\x75\xc3\xad"},
    {0x8AB1, "\x6a\x20\x69\xc3\xa9"},
    {0x8AB2, "\x6b\x20\xc3\xa8"},
    {0x8AB3, "\x71\x20\xc5\xab"},
    {0x8AB4, "\x63\x20\xc3\xb3\x6e\x67"},
    {0x8AB5, "\x78\x20\x69\xc3\xa1\x6f"},
    {0x8AB6, "\x73\x20\x75\xc3\xac"},
    {0x8AB7, "\x77\x20\xc7\x8e\x6e\x67"},
    {0x8AB8, "\x78\x20\x69\xc3\xa1\x6e"},
    {0x8AB9, "\x66\x20\xc4\x9b\x69"},
    {0x8ABA, "\x63\x68\x20\xc4\xab"},
    {0x8ABB, "\x74\x20\xc3\xa0"},
    {0x8ABC, "\x79\x20\xc3\xac"},
    {0x8ABD, "\x6e\x20\xc3\xac"},
    {0x8ABE, "\x79\x20\xc3\xad\x6e"},
    {0x8ABF, "\x64\x20\x69\xc3\xa0\x6f"},
    {0x8AC0, "\x70\x20\xc7\x90"},
    {0x8AC1, "\x7a\x68\x20\x75\xc3\xb3"},
    {0x8AC2, "\x63\x68\x20\xc7\x8e\x6e"},
    {0x8AC3, "\x63\x68\x20\xc4\x93\x6e"},
    {0x8AC4, "\x7a\x68\x20\xc5\xab\x6e"},
    {0x8AC5, "\x6a\x20\xc3\xac"},
    {0x8AC6, "\x71\x20\xc4\xab"},
    {0x8AC7, "\x74\x20\xc3\xa1\x6e"},
    {0x8AC8, "\x7a\x68\x20\x75\xc3\xac"},
    {0x8AC9, "\x77\x20\xc4\x9b\x69"},
    {0x8ACA, "\x6a\x20\xc5\xab"},
    {0x8ACB, "\x71\x20\xc7\x90\x6e\x67"},
    {0x8ACC, "\x64\x20\xc7\x92\x6e\x67"},
    {0x8ACD, "\x7a\x68\x20\xc3\xa8\x6e\x67"},
    {0x8ACE, "\x7a\x20\xc3\xa9"},
    {0x8ACF, "\x7a\x20\xc5\x8d\x75"},
    {0x8AD0, "\x71\x20\x69\xc4\x81\x6e"},
    {0x8AD1, "\x7a\x68\x20\x75\xc3\xb3"},
    {0x8AD2, "\x6c\x20\x69\xc3\xa0\x6e\x67"},
    {0x8AD3, "\x6a\x20\x69\xc3\xa0\x6e"},
    {0x8AD4, "\x63\x68\x20\xc3\xb9"},
    {0x8AD5, "\x68\x20\xc3\xa1\x6f"},
    {0x8AD6, "\x6c\x20\xc3\xb9\x6e"},
    {0x8AD7, "\x73\x68\x20\xc4\x9b\x6e"},
    {0x8AD8, "\x62\x20\x69\xc7\x8e\x6f"},
    {0x8AD9, "\x68\x20\x75\xc3\xa0"},
    {0x8ADA, "\x70\x20\x69\xc3\xa1\x6e"},
    {0x8ADB, "\x79\x20\xc3\xba"},
    {0x8ADC, "\x64\x20\x69\xc3\xa9"},
    {0x8ADD, "\x78\x20\xc5\xab"},
    {0x8ADE, "\x70\x20\x69\xc7\x8e\x6e"},
    {0x8ADF, "\x73\x68\x20\xc3\xac"},
    {0x8AE0, "\x78\x20\x75\xc4\x81\x6e"},
    {0x8AE1, "\x73\x68\x20\xc3\xac"},
    {0x8AE2, "\x68\x20\xc3\xb9\x6e"},
    {0x8AE3, "\x68\x20\x75\xc3\xa0"},
    {0x8AE4, "\xc3\xa8"},
    {0x8AE5, "\x7a\x68\x20\xc3\xb2\x6e\x67"},
    {0x8AE6, "\x64\x20\xc3\xac"},
    {0x8AE7, "\x78\x20\x69\xc3\xa9"},
    {0x8AE8, "\x66\x20\xc3\xba"},
    {0x8AE9, "\x70\x20\xc7\x94"},
    {0x8AEA, "\x74\x20\xc3\xad\x6e\x67"},
    {0x8AEB, "\x6a\x20\x69\xc3\xa0\x6e"},
    {0x8AEC, "\x71\x20\xc7\x90"},
    {0x8AED, "\x79\x20\xc3\xb9"},
    {0x8AEE, "\x7a\x20\xc4\xab"},
    {0x8AEF, "\x7a\x68\x20\x75\xc4\x81\x6e"},
    {0x8AF0, "\x78\x20\xc7\x90"},
    {0x8AF1, "\x68\x20\x75\xc3\xac"},
    {0x8AF2, "\x79\x20\xc4\xab\x6e"},
    {0x8AF3, "\xc4\x81\x6e"},
    {0x8AF4, "\x78\x20\x69\xc3\xa1\x6e"},
    {0x8AF5, "\x6e\x20\xc3\xa1\x6e"},
    {0x8AF6, "\x63\x68\x20\xc3\xa9\x6e"},
    {0x8AF7, "\x66\x20\xc4\x9b\x6e\x67"},
    {0x8AF8, "\x7a\x68\x20\xc5\xab"},
    {0x8AF9, "\x79\x20\xc3\xa1\x6e\x67"},
    {0x8AFA, "\x79\x20\xc3\xa0\x6e"},
    {0x8AFB, "\x68\x20\x75\xc3\xa1\x6e\x67"},
    {0x8AFC, "\x78\x20\x75\xc4\x81\x6e"},
    {0x8AFD, "\x67\x20\xc3\xa9"},
    {0x8AFE, "\x6e\x20\x75\xc3\xb2"},
    {0x8AFF, "\x71\x20\xc4\xab"},
    {0x8B00, "\x6d\x20\xc3\xb3\x75"},
    {0x8B01, "\x79\x20\xc3\xa8"},
    {0x8B02, "\x77\x20\xc3\xa8\x69"},
    {0x8B03, "\x78\x20\xc4\xab\x6e\x67"},
    {0x8B04, "\x74\x20\xc3\xa9\x6e\x67"},
    {0x8B05, "\x7a\x68\x20\xc5\x8d\x75"},
    {0x8B06, "\x73\x68\x20\xc3\xa0\x6e"},
    {0x8B07, "\x6a\x20\x69\xc7\x8e\x6e"},
    {0x8B08, "\x70\x20\xc3\xb3"},
    {0x8B09, "\x6b\x20\x75\xc3\xac"},
    {0x8B0A, "\x68\x20\x75\xc7\x8e\x6e\x67"},
    {0x8B0B, "\x68\x20\x75\xc3\xb2"},
    {0x8B0C, "\x67\x20\xc4\x93"},
    {0x8B0D, "\x79\x20\xc3\xad\x6e\x67"},
    {0x8B0E, "\x6d\x20\xc3\xad"},
    {0x8B0F, "\x78\x20\x69\xc7\x8e\x6f"},
    {0x8B10, "\x6d\x20\xc3\xac"},
    {0x8B11, "\x78\x20\xc7\x90"},
    {0x8B12, "\x71\x20\x69\xc4\x81\x6e\x67"},
    {0x8B13, "\x63\x68\x20\xc4\x93\x6e"},
    {0x8B14, "\x78\x20\x75\xc3\xa8"},
    {0x8B15, "\x74\x20\xc3\xad"},
    {0x8B16, "\x73\x20\xc3\xb9"},
    {0x8B17, "\x62\x20\xc3\xa0\x6e\x67"},
    {0x8B18, "\x63\x68\x20\xc3\xad"},
    {0x8B19, "\x71\x20\x69\xc4\x81\x6e"},
    {0x8B1A, "\x73\x68\x20\xc3\xac"},
    {0x8B1B, "\x6a\x20\x69\xc7\x8e\x6e\x67"},
    {0x8B1C, "\x79\x20\x75\xc3\xa1\x6e"},
    {0x8B1D, "\x78\x20\x69\xc3\xa8"},
    {0x8B1E, "\x68\x20\xc3\xa8"},
    {0x8B1F, "\x74\x20\xc4\x81\x6f"},
    {0x8B20, "\x79\x20\xc3\xa1\x6f"},
    {0x8B21, "\x79\x20\xc3\xa1\x6f"},
    {0x8B22, "\x6c\x20\xc5\xab"},
    {0x8B23, "\x79\x20\xc3\xba"},
    {0x8B24, "\x62\x20\x69\xc4\x81\x6f"},
    {0x8B25, "\x63\x20\xc3\xb2\x6e\x67"},
    {0x8B26, "\x71\x20\xc7\x90\x6e\x67"},
    {0x8B27, "\x6c\x20\xc3\xad"},
    {0x8B28, "\x6d\x20\xc3\xb3"},
    {0x8B29, "\x6d\x20\xc3\xb3"},
    {0x8B2A, "\x73\x68\x20\xc4\x81\x6e\x67"},
    {0x8B2B, "\x7a\x68\x20\xc3\xa9"},
    {0x8B2C, "\x6d\x20\x69\xc3\xb9"},
    {0x8B2D, "\x6a\x20\x69\xc7\x8e\x6e"},
    {0x8B2E, "\x7a\x20\xc3\xa9"},
    {0x8B2F, "\x6a\x20\x69\xc4\x93"},
    {0x8B30, "\x6c\x20\x69\xc3\xa1\x6e"},
    {0x8B31, "\x6c\x20\xc3\xb3\x75"},
    {0x8B32, "\x63\x20\xc3\xa0\x6e"},
    {0x8B33, "\xc5\x8d\x75"},
    {0x8B34, "\x67\x20\xc3\xb9\x6e"},
    {0x8B35, "\x78\x20\xc3\xad"},
    {0x8B36, "\x7a\x68\x20\x75\xc3\xb3"},
    {0x8B37, "\xc3\xa1\x6f"},
    {0x8B38, "\xc3\xa1\x6f"},
    {0x8B39, "\x6a\x20\xc7\x90\x6e"},
    {0x8B3A, "\x7a\x68\x20\xc3\xa9"},
    {0x8B3B, "\x79\x20\xc3\xad"},
    {0x8B3C, "\x68\x20\xc5\xab"},
    {0x8B3D, "\x6a\x20\x69\xc3\xa0\x6e\x67"},
    {0x8B3E, "\x6d\x20\xc3\xa1\x6e"},
    {0x8B3F, "\x63\x68\x20\xc3\xa1\x6f"},
    {0x8B40, "\x68\x20\xc3\xa0\x6e"},
    {0x8B41, "\x68\x20\x75\xc3\xa1"},
    {0x8B42, "\x63\x68\x20\xc7\x8e\x6e"},
    {0x8B43, "\x78\x20\xc5\xab"},
    {0x8B44, "\x7a\x20\xc4\x93\x6e\x67"},
    {0x8B45, "\x73\x20\xc3\xa8"},
    {0x8B46, "\x78\x20\xc4\xab"},
    {0x8B47, "\x7a\x68\x20\xc4\x81"},
    {0x8B48, "\x64\x20\x75\xc3\xac"},
    {0x8B49, "\x7a\x68\x20\xc3\xa8\x6e\x67"},
    {0x8B4A, "\x6e\x20\xc3\xa1\x6f"},
    {0x8B4B, "\x6c\x20\xc3\xa1\x6e"},
    {0x8B4C, "\xc3\xa9"},
    {0x8B4D, "\x79\x20\xc4\xab\x6e\x67"},
    {0x8B4E, "\x6a\x20\x75\xc3\xa9"},
    {0x8B4F, "\x6a\x20\xc4\xab"},
    {0x8B50, "\x7a\x20\xc7\x94\x6e"},
    {0x8B51, "\x6a\x20\x69\xc7\x8e\x6f"},
    {0x8B52, "\x62\x20\xc3\xb2"},
    {0x8B53, "\x68\x20\x75\xc3\xac"},
    {0x8B54, "\x7a\x68\x20\x75\xc3\xa0\x6e"},
    {0x8B55, "\x77\x20\xc3\xba"},
    {0x8B56, "\x7a\x20\xc3\xa8\x6e"},
    {0x8B57, "\x7a\x68\x20\xc3\xa1"},
    {0x8B58, "\x73\x68\x20\xc3\xad"},
    {0x8B59, "\x71\x20\x69\xc3\xa0\x6f"},
    {0x8B5A, "\x74\x20\xc3\xa1\x6e"},
    {0x8B5B, "\x7a\x20\xc3\xa8\x6e"},
    {0x8B5C, "\x70\x20\xc7\x94"},
    {0x8B5D, "\x73\x68\x20\xc3\xa9\x6e\x67"},
    {0x8B5E, "\x78\x20\x75\xc4\x81\x6e"},
    {0x8B5F, "\x7a\x20\xc3\xa0\x6f"},
    {0x8B60, "\x74\x20\xc3\xa1\x6e"},
    {0x8B61, "\x64\x20\xc7\x8e\x6e\x67"},
    {0x8B62, "\x73\x20\x75\xc3\xac"},
    {0x8B63, "\x78\x20\x69\xc7\x8e\x6e"},
    {0x8B64, "\x6a\x20\xc4\xab"},
    {0x8B65, "\x6a\x20\x69\xc3\xa0\x6f"},
    {0x8B66, "\x6a\x20\xc7\x90\x6e\x67"},
    {0x8B67, "\x7a\x68\x20\xc3\xa0\x6e"},
    {0x8B68, "\x6e\x20\xc3\xa1\x6e\x67"},
    {0x8B69, "\x79\x20\xc4\xab"},
    {0x8B6A, "\xc7\x8e\x69"},
    {0x8B6B, "\x7a\x68\x20\xc4\x81\x6e"},
    {0x8B6C, "\x70\x20\xc3\xac"},
    {0x8B6D, "\x68\x20\x75\xc7\x90"},
    {0x8B6E, "\x68\x20\x75\xc3\xa0"},
    {0x8B6F, "\x79\x20\xc3\xac"},
    {0x8B70, "\x79\x20\xc3\xac"},
    {0x8B71, "\x73\x68\x20\xc3\xa0\x6e"},
    {0x8B72, "\x72\x20\xc3\xa0\x6e\x67"},
    {0x8B73, "\x6e\x20\xc3\xb2\x75"},
    {0x8B74, "\x71\x20\x69\xc7\x8e\x6e"},
    {0x8B75, "\x64\x20\x75\xc3\xac"},
    {0x8B76, "\x74\x20\xc3\xa0"},
    {0x8B77, "\x68\x20\xc3\xb9"},
    {0x8B78, "\x7a\x68\x20\xc5\x8d\x75"},
    {0x8B79, "\x68\x20\xc3\xa1\x6f"},
    {0x8B7A, "\xc3\xa0\x69"},
    {0x8B7B, "\x79\x20\xc4\xab\x6e\x67"},
    {0x8B7C, "\x6a\x20\x69\xc3\xa0\x6e"},
    {0x8B7D, "\x79\x20\xc3\xb9"},
    {0x8B7E, "\x6a\x20\x69\xc7\x8e\x6e"},
    {0x8B7F, "\x68\x20\x75\xc3\xac"},
    {0x8B80, "\x64\x20\xc3\xba"},
    {0x8B81, "\x7a\x68\x20\xc3\xa9"},
    {0x8B82, "\x78\x20\x75\xc3\xa0\x6e"},
    {0x8B83, "\x7a\x20\xc3\xa0\x6e"},
    {0x8B84, "\x6c\x20\xc4\x9b\x69"},
    {0x8B85, "\x73\x68\x20\xc4\x9b\x6e"},
    {0x8B86, "\x77\x20\xc3\xa8\x69"},
    {0x8B87, "\x63\x68\x20\xc7\x8e\x6e"},
    {0x8B88, "\x6c\x20\xc3\xac"},
    {0x8B89, "\x79\x20\xc3\xad"},
    {0x8B8A, "\x62\x20\x69\xc3\xa0\x6e"},
    {0x8B8B, "\x7a\x68\x20\xc3\xa9"},
    {0x8B8C, "\x79\x20\xc3\xa0\x6e"},
    {0x8B8D, "\xc3\xa8"},
    {0x8B8E, "\x63\x68\x20\xc3\xb3\x75"},
    {0x8B8F, "\x77\x20\xc3\xa8\x69"},
    {0x8B90, "\x63\x68\x20\xc3\xb3\x75"},
    {0x8B91, "\x79\x20\xc3\xa0\x6f"},
    {0x8B92, "\x63\x68\x20\xc3\xa1\x6e"},
    {0x8B93, "\x72\x20\xc3\xa0\x6e\x67"},
    {0x8B94, "\x79\x20\xc7\x90\x6e"},
    {0x8B95, "\x6c\x20\xc3\xa1\x6e"},
    {0x8B96, "\x63\x68\x20\xc3\xa8\x6e"},
    {0x8B97, "\x78\x20\x69\xc3\xa9"},
    {0x8B98, "\x6e\x20\x69\xc3\xa8"},
    {0x8B99, "\x68\x20\x75\xc4\x81\x6e"},
    {0x8B9A, "\x7a\x20\xc3\xa0\x6e"},
    {0x8B9B, "\x79\x20\xc3\xac"},
    {0x8B9C, "\x64\x20\xc7\x8e\x6e\x67"},
    {0x8B9D, "\x7a\x68\x20\xc3\xa1\x6e"},
    {0x8B9E, "\x79\x20\xc3\xa0\x6e"},
    {0x8B9F, "\x64\x20\xc3\xba"},
    {0x8BA0, "\x79\x20\xc3\xa1\x6e"},
    {0x8BA1, "\x6a\x20\xc3\xac"},
    {0x8BA2, "\x64\x20\xc3\xac\x6e\x67"},
    {0x8BA3, "\x66\x20\xc3\xb9"},
    {0x8BA4, "\x72\x20\xc3\xa8\x6e"},
    {0x8BA5, "\x6a\x20\xc4\xab"},
    {0x8BA6, "\x6a\x20\x69\xc3\xa9"},
    {0x8BA7, "\x68\x20\xc3\xb2\x6e\x67"},
    {0x8BA8, "\x74\x20\xc7\x8e\x6f"},
    {0x8BA9, "\x72\x20\xc3\xa0\x6e\x67"},
    {0x8BAA, "\x73\x68\x20\xc3\xa0\x6e"},
    {0x8BAB, "\x71\x20\xc3\xac"},
    {0x8BAC, "\x74\x20\x75\xc5\x8d"},
    {0x8BAD, "\x78\x20\xc3\xb9\x6e"},
    {0x8BAE, "\x79\x20\xc3\xac"},
    {0x8BAF, "\x78\x20\xc3\xb9\x6e"},
    {0x8BB0, "\x6a\x20\xc3\xac"},
    {0x8BB1, "\x72\x20\xc3\xa8\x6e"},
    {0x8BB2, "\x6a\x20\x69\xc7\x8e\x6e\x67"},
    {0x8BB3, "\x68\x20\x75\xc3\xac"},
    {0x8BB4, "\xc5\x8d\x75"},
    {0x8BB5, "\x6a\x20\xc3\xb9"},
    {0x8BB6, "\x79\x20\xc3\xa0"},
    {0x8BB7, "\x6e\x20\xc3\xa8"},
    {0x8BB8, "\x78\x20\xc7\x94"},
    {0x8BB9, "\xc3\xa9"},
    {0x8BBA, "\x6c\x20\xc3\xb9\x6e"},
    {0x8BBB, "\x78\x20\x69\xc5\x8d\x6e\x67"},
    {0x8BBC, "\x73\x20\xc3\xb2\x6e\x67"},
    {0x8BBD, "\x66\x20\xc4\x9b\x6e\x67"},
    {0x8BBE, "\x73\x68\x20\xc3\xa8"},
    {0x8BBF, "\x66\x20\xc7\x8e\x6e\x67"},
    {0x8BC0, "\x6a\x20\x75\xc3\xa9"},
    {0x8BC1, "\x7a\x68\x20\xc3\xa8\x6e\x67"},
    {0x8BC2, "\x67\x20\xc7\x94"},
    {0x8BC3, "\x68\x20\xc4\x93"},
    {0x8BC4, "\x70\x20\xc3\xad\x6e\x67"},
    {0x8BC5, "\x7a\x20\xc7\x94"},
    {0x8BC6, "\x73\x68\x20\xc3\xad"},
    {0x8BC7, "\x78\x20\x69\xc3\xb2\x6e\x67"},
    {0x8BC8, "\x7a\x68\x20\xc3\xa0"},
    {0x8BC9, "\x73\x20\xc3\xb9"},
    {0x8BCA, "\x7a\x68\x20\xc4\x9b\x6e"},
    {0x8BCB, "\x64\x20\xc7\x90"},
    {0x8BCC, "\x7a\x68\x20\xc5\x8d\x75"},
    {0x8BCD, "\x63\x20\xc3\xad"},
    {0x8BCE, "\x71\x20\xc5\xab"},
    {0x8BCF, "\x7a\x68\x20\xc3\xa0\x6f"},
    {0x8BD0, "\x62\x20\xc3\xac"},
    {0x8BD1, "\x79\x20\xc3\xac"},
    {0x8BD2, "\x79\x20\xc3\xad"},
    {0x8BD3, "\x6b\x20\x75\xc4\x81\x6e\x67"},
    {0x8BD4, "\x6c\x20\xc4\x9b\x69"},
    {0x8BD5, "\x73\x68\x20\xc3\xac"},
    {0x8BD6, "\x67\x20\x75\xc3\xa0"},
    {0x8BD7, "\x73\x68\x20\xc4\xab"},
    {0x8BD8, "\x6a\x20\xc3\xad"},
    {0x8BD9, "\x68\x20\x75\xc4\xab"},
    {0x8BDA, "\x63\x68\x20\xc3\xa9\x6e\x67"},
    {0x8BDB, "\x7a\x68\x20\xc5\xab"},
    {0x8BDC, "\x73\x68\x20\xc4\x93\x6e"},
    {0x8BDD, "\x68\x20\x75\xc3\xa0"},
    {0x8BDE, "\x64\x20\xc3\xa0\x6e"},
    {0x8BDF, "\x67\x20\xc3\xb2\x75"},
    {0x8BE0, "\x71\x20\x75\xc3\xa1\x6e"},
    {0x8BE1, "\x67\x20\x75\xc7\x90"},
    {0x8BE2, "\x78\x20\xc3\xba\x6e"},
    {0x8BE3, "\x79\x20\xc3\xac"},
    {0x8BE4, "\x7a\x68\x20\xc3\xa8\x6e\x67"},
    {0x8BE5, "\x67\x20\xc4\x81\x69"},
    {0x8BE6, "\x78\x20\x69\xc3\xa1\x6e\x67"},
    {0x8BE7, "\x63\x68\x20\xc3\xa0"},
    {0x8BE8, "\x68\x20\xc3\xb9\x6e"},
    {0x8BE9, "\x78\x20\xc7\x94"},
    {0x8BEA, "\x7a\x68\x20\xc5\x8d\x75"},
    {0x8BEB, "\x6a\x20\x69\xc3\xa8"},
    {0x8BEC, "\x77\x20\xc5\xab"},
    {0x8BED, "\x79\x20\xc7\x94"},
    {0x8BEE, "\x71\x20\x69\xc3\xa0\x6f"},
    {0x8BEF, "\x77\x20\xc3\xb9"},
    {0x8BF0, "\x67\x20\xc3\xa0\x6f"},
    {0x8BF1, "\x79\x20\xc3\xb2\x75"},
    {0x8BF2, "\x68\x20\x75\xc3\xac"},
    {0x8BF3, "\x6b\x20\x75\xc3\xa1\x6e\x67"},
    {0x8BF4, "\x73\x68\x20\x75\xc5\x8d"},
    {0x8BF5, "\x73\x20\xc3\xb2\x6e\x67"},
    {0x8BF6, "\xc3\xa9\x69"},
    {0x8BF7, "\x71\x20\xc7\x90\x6e\x67"},
    {0x8BF8, "\x7a\x68\x20\xc5\xab"},
    {0x8BF9, "\x7a\x20\xc5\x8d\x75"},
    {0x8BFA, "\x6e\x20\x75\xc3\xb2"},
    {0x8BFB, "\x64\x20\xc3\xba"},
    {0x8BFC, "\x7a\x68\x20\x75\xc3\xb3"},
    {0x8BFD, "\x66\x20\xc4\x9b\x69"},
    {0x8BFE, "\x6b\x20\xc3\xa8"},
    {0x8BFF, "\x77\x20\xc4\x9b\x69"},
    {0x8C00, "\x79\x20\xc3\xba"},
    {0x8C01, "\x73\x68\x20\x75\xc3\xad"},
    {0x8C02, "\x73\x68\x20\xc4\x9b\x6e"},
    {0x8C03, "\x64\x20\x69\xc3\xa0\x6f"},
    {0x8C04, "\x63\x68\x20\xc7\x8e\x6e"},
    {0x8C05, "\x6c\x20\x69\xc3\xa0\x6e\x67"},
    {0x8C06, "\x7a\x68\x20\xc5\xab\x6e"},
    {0x8C07, "\x73\x20\x75\xc3\xac"},
    {0x8C08, "\x74\x20\xc3\xa1\x6e"},
    {0x8C09, "\x73\x68\x20\xc4\x9b\x6e"},
    {0x8C0A, "\x79\x20\xc3\xac"},
    {0x8C0B, "\x6d\x20\xc3\xb3\x75"},
    {0x8C0C, "\x63\x68\x20\xc3\xa9\x6e"},
    {0x8C0D, "\x64\x20\x69\xc3\xa9"},
    {0x8C0E, "\x68\x20\x75\xc7\x8e\x6e\x67"},
    {0x8C0F, "\x6a\x20\x69\xc3\xa0\x6e"},
    {0x8C10, "\x78\x20\x69\xc3\xa9"},
    {0x8C11, "\x78\x20\x75\xc3\xa8"},
    {0x8C12, "\x79\x20\xc3\xa8"},
    {0x8C13, "\x77\x20\xc3\xa8\x69"},
    {0x8C14, "\xc3\xa8"},
    {0x8C15, "\x79\x20\xc3\xb9"},
    {0x8C16, "\x78\x20\x75\xc4\x81\x6e"},
    {0x8C17, "\x63\x68\x20\xc3\xa1\x6e"},
    {0x8C18, "\x7a\x20\xc4\xab"},
    {0x8C19, "\xc4\x81\x6e"},
    {0x8C1A, "\x79\x20\xc3\xa0\x6e"},
    {0x8C1B, "\x64\x20\xc3\xac"},
    {0x8C1C, "\x6d\x20\xc3\xad"},
    {0x8C1D, "\x70\x20\x69\xc3\xa1\x6e"},
    {0x8C1E, "\x78\x20\xc5\xab"},
    {0x8C1F, "\x6d\x20\xc3\xb3"},
    {0x8C20, "\x64\x20\xc7\x8e\x6e\x67"},
    {0x8C21, "\x73\x20\xc3\xb9"},
    {0x8C22, "\x78\x20\x69\xc3\xa8"},
    {0x8C23, "\x79\x20\xc3\xa1\x6f"},
    {0x8C24, "\x62\x20\xc3\xa0\x6e\x67"},
    {0x8C25, "\x73\x68\x20\xc3\xac"},
    {0x8C26, "\x71\x20\x69\xc4\x81\x6e"},
    {0x8C27, "\x6d\x20\xc3\xac"},
    {0x8C28, "\x6a\x20\xc7\x90\x6e"},
    {0x8C29, "\x6d\x20\xc3\xa1\x6e"},
    {0x8C2A, "\x7a\x68\x20\xc3\xa9"},
    {0x8C2B, "\x6a\x20\x69\xc7\x8e\x6e"},
    {0x8C2C, "\x6d\x20\x69\xc3\xb9"},
    {0x8C2D, "\x74\x20\xc3\xa1\x6e"},
    {0x8C2E, "\x7a\x20\xc3\xa8\x6e"},
    {0x8C2F, "\x71\x20\x69\xc3\xa1\x6f"},
    {0x8C30, "\x6c\x20\xc3\xa1\x6e"},
    {0x8C31, "\x70\x20\xc7\x94"},
    {0x8C32, "\x6a\x20\x75\xc3\xa9"},
    {0x8C33, "\x79\x20\xc3\xa0\x6e"},
    {0x8C34, "\x71\x20\x69\xc7\x8e\x6e"},
    {0x8C35, "\x7a\x68\x20\xc4\x81\x6e"},
    {0x8C36, "\x63\x68\x20\xc3\xa8\x6e"},
    {0x8C37, "\x67\x20\xc7\x94"},
    {0x8C38, "\x71\x20\x69\xc4\x81\x6e"},
    {0x8C39, "\x68\x20\xc3\xb3\x6e\x67"},
    {0x8C3A, "\x78\x20\x69\xc4\x81"},
    {0x8C3B, "\x6a\x20\xc3\xad"},
    {0x8C3C, "\x68\x20\xc3\xb3\x6e\x67"},
    {0x8C3D, "\x68\x20\xc4\x81\x6e"},
    {0x8C3E, "\x68\x20\xc5\x8d\x6e\x67"},
    {0x8C3F, "\x78\x20\xc4\xab"},
    {0x8C40, "\x78\x20\xc4\xab"},
    {0x8C41, "\x68\x20\x75\xc5\x8d"},
    {0x8C42, "\x6c\x20\x69\xc3\xa1\x6f"},
    {0x8C43, "\x68\x20\xc7\x8e\x6e"},
    {0x8C44, "\x64\x20\xc3\xba"},
    {0x8C45, "\x6c\x20\xc3\xb3\x6e\x67"},
    {0x8C46, "\x64\x20\xc3\xb2\x75"},
    {0x8C47, "\x6a\x20\x69\xc4\x81\x6e\x67"},
    {0x8C48, "\x71\x20\xc7\x90"},
    {0x8C49, "\x73\x68\x20\xc3\xac"},
    {0x8C4A, "\x6c\x20\xc7\x90"},
    {0x8C4B, "\x64\x20\xc4\x93\x6e\x67"},
    {0x8C4C, "\x77\x20\xc4\x81\x6e"},
    {0x8C4D, "\x62\x20\xc4\xab"},
    {0x8C4E, "\x73\x68\x20\xc3\xb9"},
    {0x8C4F, "\x78\x20\x69\xc3\xa0\x6e"},
    {0x8C50, "\x66\x20\xc4\x93\x6e\x67"},
    {0x8C51, "\x7a\x68\x20\xc3\xac"},
    {0x8C52, "\x7a\x68\x20\xc3\xac"},
    {0x8C53, "\x79\x20\xc3\xa0\x6e"},
    {0x8C54, "\x79\x20\xc3\xa0\x6e"},
    {0x8C55, "\x73\x68\x20\xc7\x90"},
    {0x8C56, "\x63\x68\x20\xc3\xb9"},
    {0x8C57, "\x68\x20\x75\xc4\xab"},
    {0x8C58, "\x74\x20\xc3\xba\x6e"},
    {0x8C59, "\x79\x20\xc3\xac"},
    {0x8C5A, "\x74\x20\xc3\xba\x6e"},
    {0x8C5B, "\x79\x20\xc3\xac"},
    {0x8C5C, "\x6a\x20\x69\xc4\x81\x6e"},
    {0x8C5D, "\x62\x20\xc4\x81"},
    {0x8C5E, "\x68\x20\xc3\xb2\x75"},
    {0x8C5F, "\xc3\xa8"},
    {0x8C60, "\x63\x68\x20\xc3\xba"},
    {0x8C61, "\x78\x20\x69\xc3\xa0\x6e\x67"},
    {0x8C62, "\x68\x20\x75\xc3\xa0\x6e"},
    {0x8C63, "\x6a\x20\x69\xc4\x81\x6e"},
    {0x8C64, "\x6b\x20\xc4\x9b\x6e"},
    {0x8C65, "\x67\x20\xc4\x81\x69"},
    {0x8C66, "\x6a\x20\xc3\xb9"},
    {0x8C67, "\x66\x20\xc5\xab"},
    {0x8C68, "\x78\x20\xc4\xab"},
    {0x8C69, "\x62\x20\xc4\xab\x6e"},
    {0x8C6A, "\x68\x20\xc3\xa1\x6f"},
    {0x8C6B, "\x79\x20\xc3\xb9"},
    {0x8C6C, "\x7a\x68\x20\xc5\xab"},
    {0x8C6D, "\x6a\x20\x69\xc4\x81"},
    {0x8C6E, "\x66\x20\xc3\xa9\x6e"},
    {0x8C6F, "\x78\x20\xc4\xab"},
    {0x8C70, "\x62\x20\xc3\xb3"},
    {0x8C71, "\x77\x20\xc4\x93\x6e"},
    {0x8C72, "\x68\x20\x75\xc3\xa1\x6e"},
    {0x8C73, "\x62\x20\xc4\xab\x6e"},
    {0x8C74, "\x64\x20\xc3\xad"},
    {0x8C75, "\x7a\x20\xc5\x8d\x6e\x67"},
    {0x8C76, "\x66\x20\xc3\xa9\x6e"},
    {0x8C77, "\x79\x20\xc3\xac"},
    {0x8C78, "\x7a\x68\x20\xc3\xac"},
    {0x8C79, "\x62\x20\xc3\xa0\x6f"},
    {0x8C7A, "\x63\x68\x20\xc3\xa1\x69"},
    {0x8C7B, "\xc3\xa0\x6e"},
    {0x8C7C, "\x70\x20\xc3\xad"},
    {0x8C7D, "\x6e\x20\xc3\xa0"},
    {0x8C7E, "\x70\x20\xc4\xab"},
    {0x8C7F, "\x67\x20\xc7\x92\x75"},
    {0x8C80, "\x6e\x20\xc3\xa0"},
    {0x8C81, "\x79\x20\xc3\xb2\x75"},
    {0x8C82, "\x64\x20\x69\xc4\x81\x6f"},
    {0x8C83, "\x6d\x20\xc3\xb2"},
    {0x8C84, "\x73\x20\xc3\xac"},
    {0x8C85, "\x78\x20\x69\xc5\xab"},
    {0x8C86, "\x68\x20\x75\xc3\xa1\x6e"},
    {0x8C87, "\x6b\x20\xc5\xab\x6e"},
    {0x8C88, "\x68\x20\xc3\xa9"},
    {0x8C89, "\x68\x20\xc3\xa1\x6f"},
    {0x8C8A, "\x6d\x20\xc3\xb2"},
    {0x8C8B, "\xc3\xa0\x6e"},
    {0x8C8C, "\x6d\x20\xc3\xa0\x6f"},
    {0x8C8D, "\x6c\x20\xc3\xad"},
    {0x8C8E, "\x6e\x20\xc3\xad"},
    {0x8C8F, "\x62\x20\xc7\x90"},
    {0x8C90, "\x79\x20\xc7\x94"},
    {0x8C91, "\x6a\x20\x69\xc4\x81"},
    {0x8C92, "\x74\x20\x75\xc4\x81\x6e"},
    {0x8C93, "\x6d\x20\xc4\x81\x6f"},
    {0x8C94, "\x70\x20\xc3\xad"},
    {0x8C95, "\x78\x20\xc4\xab"},
    {0x8C96, "\x79\x20\xc3\xac"},
    {0x8C97, "\x6a\x20\xc3\xb9"},
    {0x8C98, "\x6d\x20\xc3\xb2"},
    {0x8C99, "\x63\x68\x20\xc5\xab"},
    {0x8C9A, "\x74\x20\xc3\xa1\x6e"},
    {0x8C9B, "\x68\x20\x75\xc4\x81\x6e"},
    {0x8C9C, "\x6a\x20\x75\xc3\xa9"},
    {0x8C9D, "\x62\x20\xc3\xa8\x69"},
    {0x8C9E, "\x7a\x68\x20\xc4\x93\x6e"},
    {0x8C9F, "\x79\x20\x75\xc3\xa1\x6e"},
    {0x8CA0, "\x66\x20\xc3\xb9"},
    {0x8CA1, "\x63\x20\xc3\xa1\x69"},
    {0x8CA2, "\x67\x20\xc3\xb2\x6e\x67"},
    {0x8CA3, "\x74\x20\xc3\xa8"},
    {0x8CA4, "\x79\x20\xc3\xad"},
    {0x8CA5, "\x68\x20\xc3\xa1\x6e\x67"},
    {0x8CA6, "\x77\x20\xc3\xa1\x6e"},
    {0x8CA7, "\x70\x20\xc3\xad\x6e"},
    {0x8CA8, "\x68\x20\x75\xc3\xb2"},
    {0x8CA9, "\x66\x20\xc3\xa0\x6e"},
    {0x8CAA, "\x74\x20\xc4\x81\x6e"},
    {0x8CAB, "\x67\x20\x75\xc3\xa0\x6e"},
    {0x8CAC, "\x7a\x20\xc3\xa9"},
    {0x8CAD, "\x7a\x68\x20\xc3\xac"},
    {0x8CAE, "\xc3\xa8\x72"},
    {0x8CAF, "\x7a\x68\x20\xc3\xb9"},
    {0x8CB0, "\x73\x68\x20\xc3\xac"},
    {0x8CB1, "\x62\x20\xc3\xac"},
    {0x8CB2, "\x7a\x20\xc4\xab"},
    {0x8CB3, "\xc3\xa8\x72"},
    {0x8CB4, "\x67\x20\x75\xc3\xac"},
    {0x8CB5, "\x70\x20\x69\xc7\x8e\x6e"},
    {0x8CB6, "\x62\x20\x69\xc7\x8e\x6e"},
    {0x8CB7, "\x6d\x20\xc7\x8e\x69"},
    {0x8CB8, "\x64\x20\xc3\xa0\x69"},
    {0x8CB9, "\x73\x68\x20\xc3\xa8\x6e\x67"},
    {0x8CBA, "\x6b\x20\x75\xc3\xa0\x6e\x67"},
    {0x8CBB, "\x66\x20\xc3\xa8\x69"},
    {0x8CBC, "\x74\x20\x69\xc4\x93"},
    {0x8CBD, "\x79\x20\xc3\xad"},
    {0x8CBE, "\x63\x68\x20\xc3\xad"},
    {0x8CBF, "\x6d\x20\xc3\xa0\x6f"},
    {0x8CC0, "\x68\x20\xc3\xa8"},
    {0x8CC1, "\x62\x20\xc3\xac"},
    {0x8CC2, "\x6c\x20\xc3\xb9"},
    {0x8CC3, "\x6c\x20\xc3\xac\x6e"},
    {0x8CC4, "\x68\x20\x75\xc3\xac"},
    {0x8CC5, "\x67\x20\xc4\x81\x69"},
    {0x8CC6, "\x70\x20\x69\xc3\xa1\x6e"},
    {0x8CC7, "\x7a\x20\xc4\xab"},
    {0x8CC8, "\x6a\x20\x69\xc7\x8e"},
    {0x8CC9, "\x78\x20\xc3\xb9"},
    {0x8CCA, "\x7a\x20\xc3\xa9\x69"},
    {0x8CCB, "\x6a\x20\x69\xc7\x8e\x6f"},
    {0x8CCC, "\x67\x20\xc4\x81\x69"},
    {0x8CCD, "\x7a\x20\xc4\x81\x6e\x67"},
    {0x8CCE, "\x6a\x20\x69\xc3\xa0\x6e"},
    {0x8CCF, "\x79\x20\xc4\xab\x6e\x67"},
    {0x8CD0, "\x78\x20\xc3\xb9\x6e"},
    {0x8CD1, "\x7a\x68\x20\xc3\xa8\x6e"},
    {0x8CD2, "\x73\x68\x20\xc4\x93"},
    {0x8CD3, "\x62\x20\xc4\xab\x6e"},
    {0x8CD4, "\x62\x20\xc4\xab\x6e"},
    {0x8CD5, "\x71\x20\x69\xc3\xba"},
    {0x8CD6, "\x73\x68\x20\xc4\x93"},
    {0x8CD7, "\x63\x68\x20\x75\xc3\xa0\x6e"},
    {0x8CD8, "\x7a\x20\xc4\x81\x6e\x67"},
    {0x8CD9, "\x7a\x68\x20\xc5\x8d\x75"},
    {0x8CDA, "\x6c\x20\xc3\xa0\x69"},
    {0x8CDB, "\x7a\x20\xc3\xa0\x6e"},
    {0x8CDC, "\x63\x20\xc3\xac"},
    {0x8CDD, "\x63\x68\x20\xc4\x93\x6e"},
    {0x8CDE, "\x73\x68\x20\xc7\x8e\x6e\x67"},
    {0x8CDF, "\x74\x20\x69\xc7\x8e\x6e"},
    {0x8CE0, "\x70\x20\xc3\xa9\x69"},
    {0x8CE1, "\x67\x20\xc4\x93\x6e\x67"},
    {0x8CE2, "\x78\x20\x69\xc3\xa1\x6e"},
    {0x8CE3, "\x6d\x20\xc3\xa0\x69"},
    {0x8CE4, "\x6a\x20\x69\xc3\xa0\x6e"},
    {0x8CE5, "\x73\x20\x75\xc3\xac"},
    {0x8CE6, "\x66\x20\xc3\xb9"},
    {0x8CE7, "\x74\x20\xc3\xa0\x6e"},
    {0x8CE8, "\x63\x20\xc3\xb3\x6e\x67"},
    {0x8CE9, "\x63\x20\xc3\xb3\x6e\x67"},
    {0x8CEA, "\x7a\x68\x20\xc3\xac"},
    {0x8CEB, "\x6a\x20\xc4\xab"},
    {0x8CEC, "\x7a\x68\x20\xc3\xa0\x6e\x67"},
    {0x8CED, "\x64\x20\xc7\x94"},
    {0x8CEE, "\x6a\x20\xc3\xac\x6e"},
    {0x8CEF, "\x78\x20\x69\xc5\x8d\x6e\x67"},
    {0x8CF0, "\x63\x68\x20\xc7\x94\x6e"},
    {0x8CF1, "\x79\x20\xc7\x94\x6e"},
    {0x8CF2, "\x62\x20\xc7\x8e\x6f"},
    {0x8CF3, "\x7a\x20\xc4\x81\x69"},
    {0x8CF4, "\x6c\x20\xc3\xa0\x69"},
    {0x8CF5, "\x66\x20\xc3\xa8\x6e\x67"},
    {0x8CF6, "\x63\x20\xc3\xa0\x6e\x67"},
    {0x8CF7, "\x6a\x20\xc4\xab"},
    {0x8CF8, "\x73\x68\x20\xc3\xa8\x6e\x67"},
    {0x8CF9, "\x79\x20\xc3\xac"},
    {0x8CFA, "\x7a\x68\x20\x75\xc3\xa0\x6e"},
    {0x8CFB, "\x66\x20\xc3\xb9"},
    {0x8CFC, "\x67\x20\xc3\xb2\x75"},
    {0x8CFD, "\x73\x20\xc3\xa0\x69"},
    {0x8CFE, "\x7a\x20\xc3\xa9"},
    {0x8CFF, "\x6c\x20\x69\xc3\xa1\x6f"},
    {0x8D00, "\x79\x20\xc3\xac"},
    {0x8D01, "\x62\x20\xc3\xa0\x69"},
    {0x8D02, "\x63\x68\x20\xc4\x9b\x6e"},
    {0x8D03, "\x77\x20\xc3\xa0\x6e"},
    {0x8D04, "\x7a\x68\x20\xc3\xac"},
    {0x8D05, "\x7a\x68\x20\x75\xc3\xac"},
    {0x8D06, "\x62\x20\x69\xc4\x81\x6f"},
    {0x8D07, "\x79\x20\xc5\xab\x6e"},
    {0x8D08, "\x7a\x20\xc3\xa8\x6e\x67"},
    {0x8D09, "\x64\x20\xc3\xa0\x6e"},
    {0x8D0A, "\x7a\x20\xc3\xa0\x6e"},
    {0x8D0B, "\x79\x20\xc3\xa0\x6e"},
    {0x8D0C, "\x70\x20\xc3\xba"},
    {0x8D0D, "\x73\x68\x20\xc3\xa0\x6e"},
    {0x8D0E, "\x77\x20\xc3\xa0\x6e"},
    {0x8D0F, "\x79\x20\xc3\xad\x6e\x67"},
    {0x8D10, "\x6a\x20\xc3\xac\x6e"},
    {0x8D11, "\x67\x20\xc3\xa0\x6e"},
    {0x8D12, "\x78\x20\x69\xc3\xa1\x6e"},
    {0x8D13, "\x7a\x20\xc4\x81\x6e\x67"},
    {0x8D14, "\x62\x20\xc3\xac"},
    {0x8D15, "\x64\x20\xc3\xba"},
    {0x8D16, "\x73\x68\x20\xc3\xba"},
    {0x8D17, "\x79\x20\xc3\xa0\x6e"},
    {0x8D18, "\x73\x68\x20\xc7\x8e\x6e\x67"},
    {0x8D19, "\x78\x20\x75\xc3\xa0\x6e"},
    {0x8D1A, "\x6c\x20\xc3\xb2\x6e\x67"},
    {0x8D1B, "\x67\x20\xc3\xa0\x6e"},
    {0x8D1C, "\x7a\x20\xc4\x81\x6e\x67"},
    {0x8D1D, "\x62\x20\xc3\xa8\x69"},
    {0x8D1E, "\x7a\x68\x20\xc4\x93\x6e"},
    {0x8D1F, "\x66\x20\xc3\xb9"},
    {0x8D20, "\x79\x20\x75\xc3\xa1\x6e"},
    {0x8D21, "\x67\x20\xc3\xb2\x6e\x67"},
    {0x8D22, "\x63\x20\xc3\xa1\x69"},
    {0x8D23, "\x7a\x20\xc3\xa9"},
    {0x8D24, "\x78\x20\x69\xc3\xa1\x6e"},
    {0x8D25, "\x62\x20\xc3\xa0\x69"},
    {0x8D26, "\x7a\x68\x20\xc3\xa0\x6e\x67"},
    {0x8D27, "\x68\x20\x75\xc3\xb2"},
    {0x8D28, "\x7a\x68\x20\xc3\xac"},
    {0x8D29, "\x66\x20\xc3\xa0\x6e"},
    {0x8D2A, "\x74\x20\xc4\x81\x6e"},
    {0x8D2B, "\x70\x20\xc3\xad\x6e"},
    {0x8D2C, "\x62\x20\x69\xc7\x8e\x6e"},
    {0x8D2D, "\x67\x20\xc3\xb2\x75"},
    {0x8D2E, "\x7a\x68\x20\xc3\xb9"},
    {0x8D2F, "\x67\x20\x75\xc3\xa0\x6e"},
    {0x8D30, "\xc3\xa8\x72"},
    {0x8D31, "\x6a\x20\x69\xc3\xa0\x6e"},
    {0x8D32, "\x62\x20\xc4\x93\x6e"},
    {0x8D33, "\x73\x68\x20\xc3\xac"},
    {0x8D34, "\x74\x20\x69\xc4\x93"},
    {0x8D35, "\x67\x20\x75\xc3\xac"},
    {0x8D36, "\x6b\x20\x75\xc3\xa0\x6e\x67"},
    {0x8D37, "\x64\x20\xc3\xa0\x69"},
    {0x8D38, "\x6d\x20\xc3\xa0\x6f"},
    {0x8D39, "\x66\x20\xc3\xa8\x69"},
    {0x8D3A, "\x68\x20\xc3\xa8"},
    {0x8D3B, "\x79\x20\xc3\xad"},
    {0x8D3C, "\x7a\x20\xc3\xa9\x69"},
    {0x8D3D, "\x7a\x68\x20\xc3\xac"},
    {0x8D3E, "\x6a\x20\x69\xc7\x8e"},
    {0x8D3F, "\x68\x20\x75\xc3\xac"},
    {0x8D40, "\x7a\x20\xc4\xab"},
    {0x8D41, "\x6c\x20\xc3\xac\x6e"},
    {0x8D42, "\x6c\x20\xc3\xb9"},
    {0x8D43, "\x7a\x20\xc4\x81\x6e\x67"},
    {0x8D44, "\x7a\x20\xc4\xab"},
    {0x8D45, "\x67\x20\xc4\x81\x69"},
    {0x8D46, "\x6a\x20\xc3\xac\x6e"},
    {0x8D47, "\x71\x20\x69\xc3\xba"},
    {0x8D48, "\x7a\x68\x20\xc3\xa8\x6e"},
    {0x8D49, "\x6c\x20\xc3\xa0\x69"},
    {0x8D4A, "\x73\x68\x20\xc4\x93"},
    {0x8D4B, "\x66\x20\xc3\xb9"},
    {0x8D4C, "\x64\x20\xc7\x94"},
    {0x8D4D, "\x6a\x20\xc4\xab"},
    {0x8D4E, "\x73\x68\x20\xc3\xba"},
    {0x8D4F, "\x73\x68\x20\xc7\x8e\x6e\x67"},
    {0x8D50, "\x63\x20\xc3\xac"},
    {0x8D51, "\x62\x20\xc3\xac"},
    {0x8D52, "\x7a\x68\x20\xc5\x8d\x75"},
    {0x8D53, "\x67\x20\xc4\x93\x6e\x67"},
    {0x8D54, "\x70\x20\xc3\xa9\x69"},
    {0x8D55, "\x64\x20\xc7\x8e\x6e"},
    {0x8D56, "\x6c\x20\xc3\xa0\x69"},
    {0x8D57, "\x66\x20\xc3\xa8\x6e\x67"},
    {0x8D58, "\x7a\x68\x20\x75\xc3\xac"},
    {0x8D59, "\x66\x20\xc3\xb9"},
    {0x8D5A, "\x7a\x68\x20\x75\xc3\xa0\x6e"},
    {0x8D5B, "\x73\x20\xc3\xa0\x69"},
    {0x8D5C, "\x7a\x20\xc3\xa9"},
    {0x8D5D, "\x79\x20\xc3\xa0\x6e"},
    {0x8D5E, "\x7a\x20\xc3\xa0\x6e"},
    {0x8D5F, "\x79\x20\xc5\xab\x6e"},
    {0x8D60, "\x7a\x20\xc3\xa8\x6e\x67"},
    {0x8D61, "\x73\x68\x20\xc3\xa0\x6e"},
    {0x8D62, "\x79\x20\xc3\xad\x6e\x67"},
    {0x8D63, "\x67\x20\xc3\xa0\x6e"},
    {0x8D64, "\x63\x68\x20\xc3\xac"},
    {0x8D65, "\x78\x20\xc4\xab"},
    {0x8D66, "\x73\x68\x20\xc3\xa8"},
    {0x8D67, "\x6e\x20\xc7\x8e\x6e"},
    {0x8D68, "\x74\x20\xc3\xb3\x6e\x67"},
    {0x8D69, "\x78\x20\xc3\xac"},
    {0x8D6A, "\x63\x68\x20\xc4\x93\x6e\x67"},
    {0x8D6B, "\x68\x20\xc3\xa8"},
    {0x8D6C, "\x63\x68\x20\xc4\x93\x6e\x67"},
    {0x8D6D, "\x7a\x68\x20\xc4\x9b"},
    {0x8D6E, "\x78\x20\x69\xc3\xa1"},
    {0x8D6F, "\x74\x20\xc3\xa1\x6e\x67"},
    {0x8D70, "\x7a\x20\xc7\x92\x75"},
    {0x8D71, "\x7a\x20\xc7\x92\x75"},
    {0x8D72, "\x6c\x20\xc3\xac"},
    {0x8D73, "\x6a\x20\x69\xc5\xab"},
    {0x8D74, "\x66\x20\xc3\xb9"},
    {0x8D75, "\x7a\x68\x20\xc3\xa0\x6f"},
    {0x8D76, "\x67\x20\xc7\x8e\x6e"},
    {0x8D77, "\x71\x20\xc7\x90"},
    {0x8D78, "\x73\x68\x20\xc3\xa0\x6e"},
    {0x8D79, "\x71\x20\x69\xc3\xb3\x6e\x67"},
    {0x8D7A, "\x79\x20\xc7\x90\x6e"},
    {0x8D7B, "\x78\x20\x69\xc7\x8e\x6e"},
    {0x8D7C, "\x7a\x20\xc4\xab"},
    {0x8D7D, "\x6a\x20\x75\xc3\xa9"},
    {0x8D7E, "\x71\x20\xc7\x90\x6e"},
    {0x8D7F, "\x63\x68\x20\xc3\xad"},
    {0x8D80, "\x63\x20\xc4\xab"},
    {0x8D81, "\x63\x68\x20\xc3\xa8\x6e"},
    {0x8D82, "\x63\x68\x20\xc3\xa8\x6e"},
    {0x8D83, "\x64\x20\x69\xc3\xa9"},
    {0x8D84, "\x6a\x20\xc5\xab"},
    {0x8D85, "\x63\x68\x20\xc4\x81\x6f"},
    {0x8D86, "\x64\x20\xc4\xab"},
    {0x8D87, "\x78\x20\xc3\xac"},
    {0x8D88, "\x7a\x68\x20\xc4\x81\x6e"},
    {0x8D89, "\x6a\x20\x75\xc3\xa9"},
    {0x8D8A, "\x79\x20\x75\xc3\xa8"},
    {0x8D8B, "\x71\x20\xc5\xab"},
    {0x8D8C, "\x6a\x20\xc3\xad"},
    {0x8D8D, "\x63\x68\x20\xc3\xad"},
    {0x8D8E, "\x63\x68\x20\xc3\xba"},
    {0x8D8F, "\x67\x20\x75\xc4\x81"},
    {0x8D90, "\x78\x20\x75\xc3\xa8"},
    {0x8D91, "\x7a\x20\xc4\xab"},
    {0x8D92, "\x74\x20\x69\xc3\xa1\x6f"},
    {0x8D93, "\x64\x20\x75\xc7\x92"},
    {0x8D94, "\x6c\x20\x69\xc3\xa8"},
    {0x8D95, "\x67\x20\xc7\x8e\x6e"},
    {0x8D96, "\x73\x20\x75\xc5\x8d"},
    {0x8D97, "\x63\x20\xc3\xb9"},
    {0x8D98, "\x78\x20\xc3\xad"},
    {0x8D99, "\x7a\x68\x20\xc3\xa0\x6f"},
    {0x8D9A, "\x73\x20\xc3\xb9"},
    {0x8D9B, "\x79\x20\xc7\x90\x6e"},
    {0x8D9C, "\x6a\x20\xc3\xba"},
    {0x8D9D, "\x6a\x20\x69\xc3\xa0\x6e"},
    {0x8D9E, "\x71\x20\x75\xc3\xa8"},
    {0x8D9F, "\x74\x20\xc3\xa0\x6e\x67"},
    {0x8DA0, "\x63\x68\x20\x75\xc3\xb2"},
    {0x8DA1, "\x63\x20\x75\xc7\x90"},
    {0x8DA2, "\x6c\x20\xc3\xb9"},
    {0x8DA3, "\x71\x20\xc3\xb9"},
    {0x8DA4, "\x64\x20\xc3\xa0\x6e\x67"},
    {0x8DA5, "\x71\x20\x69\xc5\xab"},
    {0x8DA6, "\x7a\x20\xc4\xab"},
    {0x8DA7, "\x74\x20\xc3\xad"},
    {0x8DA8, "\x71\x20\xc5\xab"},
    {0x8DA9, "\x63\x68\x20\xc3\xac"},
    {0x8DAA, "\x68\x20\x75\xc3\xa1\x6e\x67"},
    {0x8DAB, "\x71\x20\x69\xc3\xa1\x6f"},
    {0x8DAC, "\x71\x20\x69\xc4\x81\x6f"},
    {0x8DAD, "\x6a\x20\x69\xc3\xa0\x6f"},
    {0x8DAE, "\x7a\x20\xc3\xa0\x6f"},
    {0x8DAF, "\x74\x20\xc3\xac"},
    {0x8DB0, "\xc4\x9b\x72"},
    {0x8DB1, "\x7a\x20\xc7\x8e\x6e"},
    {0x8DB2, "\x7a\x20\xc7\x8e\x6e"},
    {0x8DB3, "\x7a\x20\xc3\xba"},
    {0x8DB4, "\x70\x20\xc4\x81"},
    {0x8DB5, "\x62\x20\xc3\xa0\x6f"},
    {0x8DB6, "\x6b\x20\xc3\xb9"},
    {0x8DB7, "\x6b\x20\xc4\x93"},
    {0x8DB8, "\x64\x20\xc7\x94\x6e"},
    {0x8DB9, "\x6a\x20\x75\xc3\xa9"},
    {0x8DBA, "\x66\x20\xc5\xab"},
    {0x8DBB, "\x63\x68\x20\xc4\x9b\x6e"},
    {0x8DBC, "\x6a\x20\x69\xc7\x8e\x6e"},
    {0x8DBD, "\x66\x20\xc3\xa0\x6e\x67"},
    {0x8DBE, "\x7a\x68\x20\xc7\x90"},
    {0x8DBF, "\x74\x20\xc4\x81"},
    {0x8DC0, "\x79\x20\x75\xc3\xa8"},
    {0x8DC1, "\x62\x20\xc3\xa0"},
    {0x8DC2, "\x71\x20\xc3\xad"},
    {0x8DC3, "\x79\x20\x75\xc3\xa8"},
    {0x8DC4, "\x71\x20\x69\xc4\x81\x6e\x67"},
    {0x8DC5, "\x74\x20\x75\xc3\xb2"},
    {0x8DC6, "\x74\x20\xc3\xa1\x69"},
    {0x8DC7, "\x79\x20\xc3\xac"},
    {0x8DC8, "\x6e\x20\x69\xc7\x8e\x6e"},
    {0x8DC9, "\x6c\x20\xc3\xad\x6e\x67"},
    {0x8DCA, "\x6d\x20\xc3\xa8\x69"},
    {0x8DCB, "\x62\x20\xc3\xa1"},
    {0x8DCC, "\x64\x20\x69\xc4\x93"},
    {0x8DCD, "\x6b\x20\xc5\xab"},
    {0x8DCE, "\x74\x20\x75\xc3\xb3"},
    {0x8DCF, "\x6a\x20\x69\xc4\x81"},
    {0x8DD0, "\x63\x20\xc4\xab"},
    {0x8DD1, "\x70\x20\xc7\x8e\x6f"},
    {0x8DD2, "\x71\x20\x69\xc7\x8e"},
    {0x8DD3, "\x7a\x68\x20\xc3\xb9"},
    {0x8DD4, "\x6a\x20\xc5\xab"},
    {0x8DD5, "\x64\x20\x69\xc7\x8e\x6e"},
    {0x8DD6, "\x7a\x68\x20\xc3\xad"},
    {0x8DD7, "\x66\x20\xc5\xab"},
    {0x8DD8, "\x70\x20\xc3\xa1\x6e"},
    {0x8DD9, "\x6a\x20\xc3\xb9"},
    {0x8DDA, "\x73\x68\x20\xc4\x81\x6e"},
    {0x8DDB, "\x62\x20\xc7\x92"},
    {0x8DDC, "\x6e\x20\xc3\xad"},
    {0x8DDD, "\x6a\x20\xc3\xb9"},
    {0x8DDE, "\x6c\x20\xc3\xac"},
    {0x8DDF, "\x67\x20\xc4\x93\x6e"},
    {0x8DE0, "\x79\x20\xc3\xad"},
    {0x8DE1, "\x6a\x20\xc4\xab"},
    {0x8DE2, "\x64\x20\x75\xc3\xb2"},
    {0x8DE3, "\x78\x20\x69\xc7\x8e\x6e"},
    {0x8DE4, "\x6a\x20\x69\xc4\x81\x6f"},
    {0x8DE5, "\x64\x20\x75\xc3\xb2"},
    {0x8DE6, "\x7a\x68\x20\xc5\xab"},
    {0x8DE7, "\x71\x20\x75\xc3\xa1\x6e"},
    {0x8DE8, "\x6b\x20\x75\xc3\xa0"},
    {0x8DE9, "\x7a\x68\x20\x75\xc7\x8e\x69"},
    {0x8DEA, "\x67\x20\x75\xc3\xac"},
    {0x8DEB, "\x71\x20\x69\xc3\xb3\x6e\x67"},
    {0x8DEC, "\x6b\x20\x75\xc7\x90"},
    {0x8DED, "\x78\x20\x69\xc3\xa1\x6e\x67"},
    {0x8DEE, "\x63\x68\x20\xc3\xac"},
    {0x8DEF, "\x6c\x20\xc3\xb9"},
    {0x8DF0, "\x70\x20\x69\xc3\xa1\x6e"},
    {0x8DF1, "\x7a\x68\x20\xc3\xac"},
    {0x8DF2, "\x6a\x20\x69\xc3\xa1"},
    {0x8DF3, "\x74\x20\x69\xc3\xa0\x6f"},
    {0x8DF4, "\x63\x20\xc7\x8e\x69"},
    {0x8DF5, "\x6a\x20\x69\xc3\xa0\x6e"},
    {0x8DF6, "\x64\x20\xc3\xa1"},
    {0x8DF7, "\x71\x20\x69\xc4\x81\x6f"},
    {0x8DF8, "\x62\x20\xc3\xac"},
    {0x8DF9, "\x78\x20\x69\xc4\x81\x6e"},
    {0x8DFA, "\x64\x20\x75\xc3\xb2"},
    {0x8DFB, "\x6a\x20\xc4\xab"},
    {0x8DFC, "\x6a\x20\xc3\xba"},
    {0x8DFD, "\x6a\x20\xc3\xac"},
    {0x8DFE, "\x73\x68\x20\xc5\xab"},
    {0x8DFF, "\x74\x20\xc3\xba"},
    {0x8E00, "\x63\x68\x20\xc3\xb9"},
    {0x8E01, "\x6a\x20\xc3\xac\x6e\x67"},
    {0x8E02, "\x6e\x20\x69\xc3\xa8"},
    {0x8E03, "\x78\x20\x69\xc4\x81\x6f"},
    {0x8E04, "\x62\x20\xc3\xb9"},
    {0x8E05, "\x78\x20\x75\xc3\xa9"},
    {0x8E06, "\x63\x20\xc5\xab\x6e"},
    {0x8E07, "\x6d\x20\xc7\x94"},
    {0x8E08, "\x73\x68\x20\xc5\xab"},
    {0x8E09, "\x6c\x20\x69\xc3\xa1\x6e\x67"},
    {0x8E0A, "\x79\x20\xc7\x92\x6e\x67"},
    {0x8E0B, "\x6a\x20\x69\xc7\x8e\x6f"},
    {0x8E0C, "\x63\x68\x20\xc3\xb3\x75"},
    {0x8E0D, "\x71\x20\x69\xc4\x81\x6f"},
    {0x8E0E, "\x6d\x20\xc3\xb3\x75"},
    {0x8E0F, "\x74\x20\xc3\xa0"},
    {0x8E10, "\x6a\x20\x69\xc3\xa0\x6e"},
    {0x8E11, "\x71\x20\xc3\xad"},
    {0x8E12, "\x77\x20\xc5\x8d"},
    {0x8E13, "\x77\x20\xc4\x9b\x69"},
    {0x8E14, "\x63\x68\x20\x75\xc5\x8d"},
    {0x8E15, "\x6a\x20\x69\xc3\xa9"},
    {0x8E16, "\x6a\x20\xc3\xad"},
    {0x8E17, "\x6e\x20\x69\xc3\xa8"},
    {0x8E18, "\x6a\x20\xc5\xab"},
    {0x8E19, "\x6e\x20\x69\xc3\xa8"},
    {0x8E1A, "\x6c\x20\xc3\xba\x6e"},
    {0x8E1B, "\x6c\x20\xc3\xb9"},
    {0x8E1C, "\x6c\x20\xc3\xa8\x6e\x67"},
    {0x8E1D, "\x68\x20\x75\xc3\xa1\x69"},
    {0x8E1E, "\x6a\x20\xc3\xb9"},
    {0x8E1F, "\x63\x68\x20\xc3\xad"},
    {0x8E20, "\x77\x20\xc7\x8e\x6e"},
    {0x8E21, "\x71\x20\x75\xc3\xa1\x6e"},
    {0x8E22, "\x74\x20\xc4\xab"},
    {0x8E23, "\x62\x20\xc3\xb3"},
    {0x8E24, "\x7a\x20\xc3\xba"},
    {0x8E25, "\x71\x20\x69\xc3\xa8"},
    {0x8E26, "\x79\x20\xc7\x90"},
    {0x8E27, "\x63\x20\xc3\xb9"},
    {0x8E28, "\x7a\x20\xc5\x8d\x6e\x67"},
    {0x8E29, "\x63\x20\xc7\x8e\x69"},
    {0x8E2A, "\x7a\x20\xc5\x8d\x6e\x67"},
    {0x8E2B, "\x70\x20\xc3\xa8\x6e\x67"},
    {0x8E2C, "\x7a\x68\x20\xc3\xac"},
    {0x8E2D, "\x7a\x68\x20\xc4\x93\x6e\x67"},
    {0x8E2E, "\x64\x20\x69\xc7\x8e\x6e"},
    {0x8E2F, "\x7a\x68\x20\xc3\xad"},
    {0x8E30, "\x79\x20\xc3\xba"},
    {0x8E31, "\x64\x20\x75\xc3\xb3"},
    {0x8E32, "\x64\x20\xc3\xb9\x6e"},
    {0x8E33, "\x63\x68\x20\x75\xc7\x8e\x6e"},
    {0x8E34, "\x79\x20\xc7\x92\x6e\x67"},
    {0x8E35, "\x7a\x68\x20\xc7\x92\x6e\x67"},
    {0x8E36, "\x64\x20\xc3\xac"},
    {0x8E37, "\x7a\x68\x20\xc7\x8e"},
    {0x8E38, "\x63\x68\x20\xc4\x9b\x6e"},
    {0x8E39, "\x63\x68\x20\x75\xc3\xa0\x69"},
    {0x8E3A, "\x6a\x20\x69\xc3\xa0\x6e"},
    {0x8E3B, "\x67\x20\x75\xc4\x81"},
    {0x8E3C, "\x74\x20\xc3\xa1\x6e\x67"},
    {0x8E3D, "\x6a\x20\xc7\x94"},
    {0x8E3E, "\x66\x20\xc3\xba"},
    {0x8E3F, "\x7a\x20\xc3\xba"},
    {0x8E40, "\x64\x20\x69\xc3\xa9"},
    {0x8E41, "\x70\x20\x69\xc3\xa1\x6e"},
    {0x8E42, "\x72\x20\xc3\xb3\x75"},
    {0x8E43, "\x6e\x20\x75\xc3\xb2"},
    {0x8E44, "\x74\x20\xc3\xad"},
    {0x8E45, "\x63\x68\x20\xc7\x8e"},
    {0x8E46, "\x74\x20\x75\xc7\x90"},
    {0x8E47, "\x6a\x20\x69\xc7\x8e\x6e"},
    {0x8E48, "\x64\x20\xc7\x8e\x6f"},
    {0x8E49, "\x63\x20\x75\xc5\x8d"},
    {0x8E4A, "\x71\x20\xc4\xab"},
    {0x8E4B, "\x74\x20\xc3\xa0"},
    {0x8E4C, "\x71\x20\x69\xc4\x81\x6e\x67"},
    {0x8E4D, "\x6e\x20\x69\xc7\x8e\x6e"},
    {0x8E4E, "\x64\x20\x69\xc4\x81\x6e"},
    {0x8E4F, "\x74\x20\xc3\xad"},
    {0x8E50, "\x6a\x20\xc3\xad"},
    {0x8E51, "\x6e\x20\x69\xc3\xa8"},
    {0x8E52, "\x70\x20\xc3\xa1\x6e"},
    {0x8E53, "\x6c\x20\x69\xc5\xab"},
    {0x8E54, "\x7a\x20\xc3\xa0\x6e"},
    {0x8E55, "\x62\x20\xc3\xac"},
    {0x8E56, "\x63\x68\x20\xc5\x8d\x6e\x67"},
    {0x8E57, "\x6c\x20\xc3\xb9"},
    {0x8E58, "\x6c\x20\x69\xc3\xa1\x6f"},
    {0x8E59, "\x63\x20\xc3\xb9"},
    {0x8E5A, "\x74\x20\xc4\x81\x6e\x67"},
    {0x8E5B, "\x64\x20\xc3\xa0\x69"},
    {0x8E5C, "\x73\x20\xc3\xb9"},
    {0x8E5D, "\x78\x20\xc7\x90"},
    {0x8E5E, "\x6b\x20\x75\xc7\x90"},
    {0x8E5F, "\x6a\x20\xc4\xab"},
    {0x8E60, "\x7a\x68\x20\xc3\xad"},
    {0x8E61, "\x71\x20\x69\xc4\x81\x6e\x67"},
    {0x8E62, "\x64\x20\xc3\xad"},
    {0x8E63, "\x70\x20\xc3\xa1\x6e"},
    {0x8E64, "\x7a\x20\xc5\x8d\x6e\x67"},
    {0x8E65, "\x6c\x20\x69\xc3\xa1\x6e"},
    {0x8E66, "\x62\x20\xc3\xa8\x6e\x67"},
    {0x8E67, "\x7a\x20\xc4\x81\x6f"},
    {0x8E68, "\x6e\x20\x69\xc7\x8e\x6e"},
    {0x8E69, "\x62\x20\x69\xc3\xa9"},
    {0x8E6A, "\x74\x20\x75\xc3\xad"},
    {0x8E6B, "\x6a\x20\xc3\xba"},
    {0x8E6C, "\x64\x20\xc4\x93\x6e\x67"},
    {0x8E6D, "\x63\x20\xc3\xa8\x6e\x67"},
    {0x8E6E, "\x78\x20\x69\xc4\x81\x6e"},
    {0x8E6F, "\x66\x20\xc3\xa1\x6e"},
    {0x8E70, "\x63\x68\x20\xc3\xba"},
    {0x8E71, "\x7a\x68\x20\xc5\x8d\x6e\x67"},
    {0x8E72, "\x64\x20\xc5\xab\x6e"},
    {0x8E73, "\x62\x20\xc5\x8d"},
    {0x8E74, "\x63\x20\xc3\xb9"},
    {0x8E75, "\x63\x20\xc3\xb9"},
    {0x8E76, "\x6a\x20\x75\xc3\xa9"},
    {0x8E77, "\x6a\x20\x75\xc3\xa9"},
    {0x8E78, "\x6c\x20\xc3\xac\x6e"},
    {0x8E79, "\x74\x20\xc3\xa1"},
    {0x8E7A, "\x71\x20\x69\xc4\x81\x6f"},
    {0x8E7B, "\x6a\x20\x75\xc4\x93"},
    {0x8E7C, "\x70\x20\xc7\x94"},
    {0x8E7D, "\x6c\x20\x69\xc4\x81\x6f"},
    {0x8E7E, "\x64\x20\xc5\xab\x6e"},
    {0x8E7F, "\x63\x20\x75\xc4\x81\x6e"},
    {0x8E80, "\x67\x20\x75\xc3\xa0\x6e"},
    {0x8E81, "\x7a\x20\xc3\xa0\x6f"},
    {0x8E82, "\x64\x20\xc3\xa1"},
    {0x8E83, "\x62\x20\xc3\xac"},
    {0x8E84, "\x62\x20\xc3\xac"},
    {0x8E85, "\x7a\x68\x20\xc3\xba"},
    {0x8E86, "\x6a\x20\xc3\xb9"},
    {0x8E87, "\x63\x68\x20\xc3\xba"},
    {0x8E88, "\x71\x20\x69\xc3\xa0\x6f"},
    {0x8E89, "\x64\x20\xc7\x94\x6e"},
    {0x8E8A, "\x63\x68\x20\xc3\xb3\x75"},
    {0x8E8B, "\x6a\x20\xc4\xab"},
    {0x8E8C, "\x77\x20\xc7\x94"},
    {0x8E8D, "\x79\x20\x75\xc3\xa8"},
    {0x8E8E, "\x6e\x20\x69\xc7\x8e\x6e"},
    {0x8E8F, "\x6c\x20\xc3\xac\x6e"},
    {0x8E90, "\x6c\x20\x69\xc3\xa8"},
    {0x8E91, "\x7a\x68\x20\xc3\xad"},
    {0x8E92, "\x6c\x20\xc3\xac"},
    {0x8E93, "\x7a\x68\x20\xc3\xac"},
    {0x8E94, "\x63\x68\x20\xc3\xa1\x6e"},
    {0x8E95, "\x63\x68\x20\xc3\xba"},
    {0x8E96, "\x64\x20\x75\xc3\xa0\x6e"},
    {0x8E97, "\x77\x20\xc3\xa8\x69"},
    {0x8E98, "\x6c\x20\xc3\xb3\x6e\x67"},
    {0x8E99, "\x6c\x20\xc3\xac\x6e"},
    {0x8E9A, "\x78\x20\x69\xc4\x81\x6e"},
    {0x8E9B, "\x77\x20\xc3\xa8\x69"},
    {0x8E9C, "\x7a\x20\x75\xc4\x81\x6e"},
    {0x8E9D, "\x6c\x20\xc3\xa1\x6e"},
    {0x8E9E, "\x78\x20\x69\xc3\xa8"},
    {0x8E9F, "\x72\x20\xc3\xa1\x6e\x67"},
    {0x8EA0, "\x73\x20\xc7\x8e"},
    {0x8EA1, "\x6e\x20\x69\xc3\xa8"},
    {0x8EA2, "\x74\x20\xc3\xa0"},
    {0x8EA3, "\x71\x20\xc3\xba"},
    {0x8EA4, "\x6a\x20\xc3\xad"},
    {0x8EA5, "\x63\x20\x75\xc4\x81\x6e"},
    {0x8EA6, "\x63\x20\x75\xc3\xb3"},
    {0x8EA7, "\x78\x20\xc7\x90"},
    {0x8EA8, "\x6b\x20\x75\xc3\xad"},
    {0x8EA9, "\x6a\x20\x75\xc3\xa9"},
    {0x8EAA, "\x6c\x20\xc3\xac\x6e"},
    {0x8EAB, "\x73\x68\x20\xc4\x93\x6e"},
    {0x8EAC, "\x67\x20\xc5\x8d\x6e\x67"},
    {0x8EAD, "\x64\x20\xc4\x81\x6e"},
    {0x8EAE, "\x66\x20\xc4\x93\x6e"},
    {0x8EAF, "\x71\x20\xc5\xab"},
    {0x8EB0, "\x74\x20\xc7\x90"},
    {0x8EB1, "\x64\x20\x75\xc7\x92"},
    {0x8EB2, "\x64\x20\x75\xc7\x92"},
    {0x8EB3, "\x67\x20\xc5\x8d\x6e\x67"},
    {0x8EB4, "\x6c\x20\xc3\xa1\x6e\x67"},
    {0x8EB5, "\x72\x20\xc4\x9b\x6e"},
    {0x8EB6, "\x6c\x20\x75\xc7\x92"},
    {0x8EB7, "\xc7\x8e\x69"},
    {0x8EB8, "\x6a\x20\xc4\xab"},
    {0x8EB9, "\x6a\x20\xc3\xba"},
    {0x8EBA, "\x74\x20\xc7\x8e\x6e\x67"},
    {0x8EBB, "\x6b\x20\xc5\x8d\x6e\x67"},
    {0x8EBC, "\x6c\x20\xc3\xa0\x6f"},
    {0x8EBD, "\x79\x20\xc7\x8e\x6e"},
    {0x8EBE, "\x6d\x20\xc4\x9b\x69"},
    {0x8EBF, "\x6b\x20\xc4\x81\x6e\x67"},
    {0x8EC0, "\x71\x20\xc5\xab"},
    {0x8EC1, "\x6c\x20\xc3\xb3\x75"},
    {0x8EC2, "\x6c\x20\xc3\xa0\x6f"},
    {0x8EC3, "\x64\x20\x75\xc7\x92"},
    {0x8EC4, "\x7a\x68\x20\xc3\xad"},
    {0x8EC5, "\x79\x20\xc3\xa0\x6e"},
    {0x8EC6, "\x74\x20\xc7\x90"},
    {0x8EC7, "\x64\x20\xc3\xa0\x6f"},
    {0x8EC8, "\x79\x20\xc4\xab\x6e\x67"},
    {0x8EC9, "\x79\x20\xc3\xb9"},
    {0x8ECA, "\x63\x68\x20\xc4\x93"},
    {0x8ECB, "\x79\x20\xc3\xa0"},
    {0x8ECC, "\x67\x20\x75\xc7\x90"},
    {0x8ECD, "\x6a\x20\xc5\xab\x6e"},
    {0x8ECE, "\x77\x20\xc3\xa8\x69"},
    {0x8ECF, "\x79\x20\x75\xc3\xa8"},
    {0x8ED0, "\x78\x20\xc3\xac\x6e"},
    {0x8ED1, "\x64\x20\xc3\xa0\x69"},
    {0x8ED2, "\x78\x20\x75\xc4\x81\x6e"},
    {0x8ED3, "\x66\x20\xc3\xa0\x6e"},
    {0x8ED4, "\x72\x20\xc3\xa8\x6e"},
    {0x8ED5, "\x73\x68\x20\xc4\x81\x6e"},
    {0x8ED6, "\x6b\x20\x75\xc3\xa1\x6e\x67"},
    {0x8ED7, "\x73\x68\x20\xc5\xab"},
    {0x8ED8, "\x74\x20\xc3\xba\x6e"},
    {0x8ED9, "\x63\x68\x20\xc3\xa9\x6e"},
    {0x8EDA, "\x64\x20\xc3\xa0\x69"},
    {0x8EDB, "\xc3\xa8"},
    {0x8EDC, "\x6e\x20\xc3\xa0"},
    {0x8EDD, "\x71\x20\xc3\xad"},
    {0x8EDE, "\x6d\x20\xc3\xa1\x6f"},
    {0x8EDF, "\x72\x20\x75\xc7\x8e\x6e"},
    {0x8EE0, "\x6b\x20\x75\xc3\xa1\x6e\x67"},
    {0x8EE1, "\x71\x20\x69\xc3\xa1\x6e"},
    {0x8EE2, "\x7a\x68\x20\x75\xc7\x8e\x6e"},
    {0x8EE3, "\x68\x20\xc5\x8d\x6e\x67"},
    {0x8EE4, "\x68\x20\xc5\xab"},
    {0x8EE5, "\x71\x20\xc3\xba"},
    {0x8EE6, "\x6b\x20\x75\xc3\xa0\x6e\x67"},
    {0x8EE7, "\x64\x20\xc7\x90"},
    {0x8EE8, "\x6c\x20\xc3\xad\x6e\x67"},
    {0x8EE9, "\x64\x20\xc3\xa0\x69"},
    {0x8EEA, "\xc4\x81\x6f"},
    {0x8EEB, "\x7a\x68\x20\xc4\x9b\x6e"},
    {0x8EEC, "\x66\x20\xc3\xa0\x6e"},
    {0x8EED, "\x6b\x20\x75\xc4\x81\x6e\x67"},
    {0x8EEE, "\x79\x20\xc7\x8e\x6e\x67"},
    {0x8EEF, "\x70\x20\xc4\x93\x6e\x67"},
    {0x8EF0, "\x62\x20\xc3\xa8\x69"},
    {0x8EF1, "\x67\x20\xc5\xab"},
    {0x8EF2, "\x67\x20\xc5\xab"},
    {0x8EF3, "\x70\x20\xc3\xa1\x6f"},
    {0x8EF4, "\x7a\x68\x20\xc3\xb9"},
    {0x8EF5, "\x72\x20\xc7\x92\x6e\x67"},
    {0x8EF6, "\xc3\xa8"},
    {0x8EF7, "\x62\x20\xc3\xa1"},
    {0x8EF8, "\x7a\x68\x20\xc3\xb3\x75"},
    {0x8EF9, "\x7a\x68\x20\xc7\x90"},
    {0x8EFA, "\x79\x20\xc3\xa1\x6f"},
    {0x8EFB, "\x6b\x20\xc4\x93"},
    {0x8EFC, "\x79\x20\xc3\xac"},
    {0x8EFD, "\x7a\x68\x20\xc3\xac"},
    {0x8EFE, "\x73\x68\x20\xc3\xac"},
    {0x8EFF, "\x70\x20\xc3\xad\x6e\x67"},
    {0x8F00, "\xc3\xa9\x72"},
    {0x8F01, "\x67\x20\xc7\x92\x6e\x67"},
    {0x8F02, "\x6a\x20\xc3\xba"},
    {0x8F03, "\x6a\x20\x69\xc3\xa0\x6f"},
    {0x8F04, "\x67\x20\x75\xc4\x81\x6e\x67"},
    {0x8F05, "\x6c\x20\xc3\xb9"},
    {0x8F06, "\x6b\x20\xc7\x8e\x69"},
    {0x8F07, "\x71\x20\x75\xc3\xa1\x6e"},
    {0x8F08, "\x7a\x68\x20\xc5\x8d\x75"},
    {0x8F09, "\x7a\x20\xc3\xa0\x69"},
    {0x8F0A, "\x7a\x68\x20\xc3\xac"},
    {0x8F0B, "\x73\x68\x20\xc4\x93"},
    {0x8F0C, "\x6c\x20\x69\xc3\xa0\x6e\x67"},
    {0x8F0D, "\x79\x20\xc3\xb9"},
    {0x8F0E, "\x73\x68\x20\xc4\x81\x6f"},
    {0x8F0F, "\x79\x20\xc3\xb3\x75"},
    {0x8F10, "\x77\x20\xc3\xa0\x6e"},
    {0x8F11, "\x79\x20\xc7\x90\x6e"},
    {0x8F12, "\x7a\x68\x20\xc3\xa9"},
    {0x8F13, "\x77\x20\xc7\x8e\x6e"},
    {0x8F14, "\x66\x20\xc7\x94"},
    {0x8F15, "\x71\x20\xc4\xab\x6e\x67"},
    {0x8F16, "\x7a\x68\x20\xc5\x8d\x75"},
    {0x8F17, "\x6e\x20\xc3\xad"},
    {0x8F18, "\x6c\x20\xc3\xa9\x6e\x67"},
    {0x8F19, "\x7a\x68\x20\xc3\xa9"},
    {0x8F1A, "\x7a\x68\x20\xc3\xa0\x6e"},
    {0x8F1B, "\x6c\x20\x69\xc3\xa0\x6e\x67"},
    {0x8F1C, "\x7a\x20\xc4\xab"},
    {0x8F1D, "\x68\x20\x75\xc4\xab"},
    {0x8F1E, "\x77\x20\xc7\x8e\x6e\x67"},
    {0x8F1F, "\x63\x68\x20\x75\xc3\xb2"},
    {0x8F20, "\x67\x20\x75\xc7\x92"},
    {0x8F21, "\x6b\x20\xc7\x8e\x6e"},
    {0x8F22, "\x79\x20\xc7\x90"},
    {0x8F23, "\x70\x20\xc3\xa9\x6e\x67"},
    {0x8F24, "\x71\x20\x69\xc3\xa0\x6e"},
    {0x8F25, "\x67\x20\xc7\x94\x6e"},
    {0x8F26, "\x6e\x20\x69\xc7\x8e\x6e"},
    {0x8F27, "\x70\x20\xc3\xad\x6e\x67"},
    {0x8F28, "\x67\x20\x75\xc7\x8e\x6e"},
    {0x8F29, "\x62\x20\xc3\xa8\x69"},
    {0x8F2A, "\x6c\x20\xc3\xba\x6e"},
    {0x8F2B, "\x70\x20\xc3\xa1\x69"},
    {0x8F2C, "\x6c\x20\x69\xc3\xa1\x6e\x67"},
    {0x8F2D, "\x72\x20\x75\xc7\x8e\x6e"},
    {0x8F2E, "\x72\x20\xc3\xb3\x75"},
    {0x8F2F, "\x6a\x20\xc3\xad"},
    {0x8F30, "\x79\x20\xc3\xa1\x6e\x67"},
    {0x8F31, "\x78\x20\x69\xc3\xa1\x6e"},
    {0x8F32, "\x63\x68\x20\x75\xc3\xa1\x6e"},
    {0x8F33, "\x63\x20\xc3\xb2\x75"},
    {0x8F34, "\x63\x68\x20\xc5\xab\x6e"},
    {0x8F35, "\x67\x20\xc3\xa9"},
    {0x8F36, "\x79\x20\xc3\xb3\x75"},
    {0x8F37, "\x68\x20\xc5\x8d\x6e\x67"},
    {0x8F38, "\x73\x68\x20\xc5\xab"},
    {0x8F39, "\x66\x20\xc3\xb9"},
    {0x8F3A, "\x7a\x20\xc4\xab"},
    {0x8F3B, "\x66\x20\xc3\xba"},
    {0x8F3C, "\x77\x20\xc4\x93\x6e"},
    {0x8F3D, "\x62\x20\xc3\xa8\x6e"},
    {0x8F3E, "\x7a\x68\x20\xc7\x8e\x6e"},
    {0x8F3F, "\x79\x20\xc3\xba"},
    {0x8F40, "\x77\x20\xc4\x93\x6e"},
    {0x8F41, "\x74\x20\xc4\x81\x6f"},
    {0x8F42, "\x67\x20\xc7\x94"},
    {0x8F43, "\x7a\x68\x20\xc4\x93\x6e"},
    {0x8F44, "\x78\x20\x69\xc3\xa1"},
    {0x8F45, "\x79\x20\x75\xc3\xa1\x6e"},
    {0x8F46, "\x6c\x20\xc3\xb9"},
    {0x8F47, "\x6a\x20\x69\xc4\x81\x6f"},
    {0x8F48, "\x63\x68\x20\xc3\xa1\x6f"},
    {0x8F49, "\x7a\x68\x20\x75\xc7\x8e\x6e"},
    {0x8F4A, "\x77\x20\xc3\xa8\x69"},
    {0x8F4B, "\x68\x20\xc3\xba\x6e"},
    {0x8F4C, "\x78\x20\x75\xc4\x9b"},
    {0x8F4D, "\x7a\x68\x20\xc3\xa9"},
    {0x8F4E, "\x6a\x20\x69\xc3\xa0\x6f"},
    {0x8F4F, "\x7a\x68\x20\xc3\xa0\x6e"},
    {0x8F50, "\x62\x20\xc3\xba"},
    {0x8F51, "\x6c\x20\xc7\x8e\x6f"},
    {0x8F52, "\x66\x20\xc3\xa9\x6e"},
    {0x8F53, "\x66\x20\xc4\x81\x6e"},
    {0x8F54, "\x6c\x20\xc3\xad\x6e"},
    {0x8F55, "\x67\x20\xc3\xa9"},
    {0x8F56, "\x73\x20\xc3\xa8"},
    {0x8F57, "\x6b\x20\xc7\x8e\x6e"},
    {0x8F58, "\x68\x20\x75\xc3\xa1\x6e"},
    {0x8F59, "\x79\x20\xc7\x90"},
    {0x8F5A, "\x6a\x20\xc3\xad"},
    {0x8F5B, "\x7a\x68\x20\x75\xc3\xac"},
    {0x8F5C, "\xc3\xa9\x72"},
    {0x8F5D, "\x79\x20\xc3\xb9"},
    {0x8F5E, "\x6a\x20\x69\xc3\xa0\x6e"},
    {0x8F5F, "\x68\x20\xc5\x8d\x6e\x67"},
    {0x8F60, "\x6c\x20\xc3\xa9\x69"},
    {0x8F61, "\x70\x20\xc3\xa8\x69"},
    {0x8F62, "\x6c\x20\xc3\xac"},
    {0x8F63, "\x6c\x20\xc3\xac"},
    {0x8F64, "\x6c\x20\xc3\xba"},
    {0x8F65, "\x6c\x20\xc3\xac\x6e"},
    {0x8F66, "\x63\x68\x20\xc4\x93"},
    {0x8F67, "\x79\x20\xc3\xa0"},
    {0x8F68, "\x67\x20\x75\xc7\x90"},
    {0x8F69, "\x78\x20\x75\xc4\x81\x6e"},
    {0x8F6A, "\x64\x20\xc3\xa0\x69"},
    {0x8F6B, "\x72\x20\xc3\xa8\x6e"},
    {0x8F6C, "\x7a\x68\x20\x75\xc7\x8e\x6e"},
    {0x8F6D, "\xc3\xa8"},
    {0x8F6E, "\x6c\x20\xc3\xba\x6e"},
    {0x8F6F, "\x72\x20\x75\xc7\x8e\x6e"},
    {0x8F70, "\x68\x20\xc5\x8d\x6e\x67"},
    {0x8F71, "\x67\x20\xc5\xab"},
    {0x8F72, "\x6b\x20\xc4\x93"},
    {0x8F73, "\x6c\x20\xc3\xba"},
    {0x8F74, "\x7a\x68\x20\xc3\xb3\x75"},
    {0x8F75, "\x7a\x68\x20\xc7\x90"},
    {0x8F76, "\x79\x20\xc3\xac"},
    {0x8F77, "\x68\x20\xc5\xab"},
    {0x8F78, "\x7a\x68\x20\xc4\x9b\x6e"},
    {0x8F79, "\x6c\x20\xc3\xac"},
    {0x8F7A, "\x79\x20\xc3\xa1\x6f"},
    {0x8F7B, "\x71\x20\xc4\xab\x6e\x67"},
    {0x8F7C, "\x73\x68\x20\xc3\xac"},
    {0x8F7D, "\x7a\x20\xc3\xa0\x69"},
    {0x8F7E, "\x7a\x68\x20\xc3\xac"},
    {0x8F7F, "\x6a\x20\x69\xc3\xa0\x6f"},
    {0x8F80, "\x7a\x68\x20\xc5\x8d\x75"},
    {0x8F81, "\x71\x20\x75\xc3\xa1\x6e"},
    {0x8F82, "\x6c\x20\xc3\xb9"},
    {0x8F83, "\x6a\x20\x69\xc3\xa0\x6f"},
    {0x8F84, "\x7a\x68\x20\xc3\xa9"},
    {0x8F85, "\x66\x20\xc7\x94"},
    {0x8F86, "\x6c\x20\x69\xc3\xa0\x6e\x67"},
    {0x8F87, "\x6e\x20\x69\xc7\x8e\x6e"},
    {0x8F88, "\x62\x20\xc3\xa8\x69"},
    {0x8F89, "\x68\x20\x75\xc4\xab"},
    {0x8F8A, "\x67\x20\xc7\x94\x6e"},
    {0x8F8B, "\x77\x20\xc7\x8e\x6e\x67"},
    {0x8F8C, "\x6c\x20\x69\xc3\xa1\x6e\x67"},
    {0x8F8D, "\x63\x68\x20\x75\xc3\xb2"},
    {0x8F8E, "\x7a\x20\xc4\xab"},
    {0x8F8F, "\x63\x20\xc3\xb2\x75"},
    {0x8F90, "\x66\x20\xc3\xba"},
    {0x8F91, "\x6a\x20\xc3\xad"},
    {0x8F92, "\x77\x20\xc4\x93\x6e"},
    {0x8F93, "\x73\x68\x20\xc5\xab"},
    {0x8F94, "\x70\x20\xc3\xa8\x69"},
    {0x8F95, "\x79\x20\x75\xc3\xa1\x6e"},
    {0x8F96, "\x78\x20\x69\xc3\xa1"},
    {0x8F97, "\x6e\x20\x69\xc7\x8e\x6e"},
    {0x8F98, "\x6c\x20\xc3\xb9"},
    {0x8F99, "\x7a\x68\x20\xc3\xa9"},
    {0x8F9A, "\x6c\x20\xc3\xad\x6e"},
    {0x8F9B, "\x78\x20\xc4\xab\x6e"},
    {0x8F9C, "\x67\x20\xc5\xab"},
    {0x8F9D, "\x63\x20\xc3\xad"},
    {0x8F9E, "\x63\x20\xc3\xad"},
    {0x8F9F, "\x70\x20\xc3\xac"},
    {0x8FA0, "\x7a\x20\x75\xc3\xac"},
    {0x8FA1, "\x62\x20\x69\xc3\xa0\x6e"},
    {0x8FA2, "\x6c\x20\xc3\xa0"},
    {0x8FA3, "\x6c\x20\xc3\xa0"},
    {0x8FA4, "\x63\x20\xc3\xad"},
    {0x8FA5, "\x78\x20\x75\xc4\x93"},
    {0x8FA6, "\x62\x20\xc3\xa0\x6e"},
    {0x8FA7, "\x62\x20\x69\xc3\xa0\x6e"},
    {0x8FA8, "\x62\x20\x69\xc3\xa0\x6e"},
    {0x8FA9, "\x62\x20\x69\xc3\xa0\x6e"},
    {0x8FAA, "\x78\x20\x75\xc4\x93"},
    {0x8FAB, "\x62\x20\x69\xc3\xa0\x6e"},
    {0x8FAC, "\x62\x20\xc4\x81\x6e"},
    {0x8FAD, "\x63\x20\xc3\xad"},
    {0x8FAE, "\x62\x20\x69\xc3\xa0\x6e"},
    {0x8FAF, "\x62\x20\x69\xc3\xa0\x6e"},
    {0x8FB0, "\x63\x68\x20\xc3\xa9\x6e"},
    {0x8FB1, "\x72\x20\xc7\x94"},
    {0x8FB2, "\x6e\x20\xc3\xb3\x6e\x67"},
    {0x8FB3, "\x6e\x20\xc3\xb3\x6e\x67"},
    {0x8FB4, "\x63\x68\x20\xc7\x8e\x6e"},
    {0x8FB5, "\x63\x68\x20\x75\xc3\xb2"},
    {0x8FB6, "\x63\x68\x20\x75\xc3\xb2"},
    {0x8FB7, "\x79\x20\xc4\xab"},
    {0x8FB8, "\x72\x20\xc3\xa9\x6e\x67"},
    {0x8FB9, "\x62\x20\x69\xc4\x81\x6e"},
    {0x8FBA, "\x62\x20\x69\xc4\x81\x6e"},
    {0x8FBB, "\x73\x68\x20\xc3\xad"},
    {0x8FBC, "\x79\x20\xc5\xab"},
    {0x8FBD, "\x6c\x20\x69\xc3\xa1\x6f"},
    {0x8FBE, "\x64\x20\xc3\xa1"},
    {0x8FBF, "\x63\x68\x20\xc4\x81\x6e"},
    {0x8FC0, "\x67\x20\xc4\x81\x6e"},
    {0x8FC1, "\x71\x20\x69\xc4\x81\x6e"},
    {0x8FC2, "\x79\x20\xc5\xab"},
    {0x8FC3, "\x79\x20\xc5\xab"},
    {0x8FC4, "\x71\x20\xc3\xac"},
    {0x8FC5, "\x78\x20\xc3\xb9\x6e"},
    {0x8FC6, "\x79\x20\xc3\xad"},
    {0x8FC7, "\x67\x20\x75\xc3\xb2"},
    {0x8FC8, "\x6d\x20\xc3\xa0\x69"},
    {0x8FC9, "\x71\x20\xc4\xab"},
    {0x8FCA, "\x7a\x20\xc4\x81"},
    {0x8FCB, "\x77\x20\xc3\xa0\x6e\x67"},
    {0x8FCC, "\x74\x20\xc3\xb9"},
    {0x8FCD, "\x7a\x68\x20\xc5\xab\x6e"},
    {0x8FCE, "\x79\x20\xc3\xad\x6e\x67"},
    {0x8FCF, "\x64\x20\xc3\xa1"},
    {0x8FD0, "\x79\x20\xc3\xb9\x6e"},
    {0x8FD1, "\x6a\x20\xc3\xac\x6e"},
    {0x8FD2, "\x68\x20\xc3\xa1\x6e\x67"},
    {0x8FD3, "\x79\x20\xc3\xa0"},
    {0x8FD4, "\x66\x20\xc7\x8e\x6e"},
    {0x8FD5, "\x77\x20\xc3\xb9"},
    {0x8FD6, "\x64\x20\xc3\xa1"},
    {0x8FD7, "\xc3\xa9"},
    {0x8FD8, "\x68\x20\xc3\xa1\x69"},
    {0x8FD9, "\x7a\x68\x20\xc3\xa8"},
    {0x8FDA, "\x64\x20\xc3\xa1"},
    {0x8FDB, "\x6a\x20\xc3\xac\x6e"},
    {0x8FDC, "\x79\x20\x75\xc7\x8e\x6e"},
    {0x8FDD, "\x77\x20\xc3\xa9\x69"},
    {0x8FDE, "\x6c\x20\x69\xc3\xa1\x6e"},
    {0x8FDF, "\x63\x68\x20\xc3\xad"},
    {0x8FE0, "\x63\x68\x20\xc3\xa8"},
    {0x8FE1, "\x6e\x20\xc3\xac"},
    {0x8FE2, "\x74\x20\x69\xc3\xa1\x6f"},
    {0x8FE3, "\x7a\x68\x20\xc3\xac"},
    {0x8FE4, "\x79\x20\xc3\xad"},
    {0x8FE5, "\x6a\x20\x69\xc7\x92\x6e\x67"},
    {0x8FE6, "\x6a\x20\x69\xc4\x81"},
    {0x8FE7, "\x63\x68\x20\xc3\xa9\x6e"},
    {0x8FE8, "\x64\x20\xc3\xa0\x69"},
    {0x8FE9, "\xc4\x9b\x72"},
    {0x8FEA, "\x64\x20\xc3\xad"},
    {0x8FEB, "\x70\x20\xc3\xb2"},
    {0x8FEC, "\x7a\x68\x20\xc3\xb9"},
    {0x8FED, "\x64\x20\x69\xc3\xa9"},
    {0x8FEE, "\x7a\x20\xc3\xa9"},
    {0x8FEF, "\x74\x20\xc3\xa1\x6f"},
    {0x8FF0, "\x73\x68\x20\xc3\xb9"},
    {0x8FF1, "\x74\x20\x75\xc3\xb3"},
    {0x8FF2, "\x71\x20\x75"},
    {0x8FF3, "\x6a\x20\xc3\xac\x6e\x67"},
    {0x8FF4, "\x68\x20\x75\xc3\xad"},
    {0x8FF5, "\x64\x20\xc3\xb2\x6e\x67"},
    {0x8FF6, "\x79\x20\xc3\xb2\x75"},
    {0x8FF7, "\x6d\x20\xc3\xad"},
    {0x8FF8, "\x62\x20\xc3\xa8\x6e\x67"},
    {0x8FF9, "\x6a\x20\xc3\xac"},
    {0x8FFA, "\x6e\x20\xc7\x8e\x69"},
    {0x8FFB, "\x79\x20\xc3\xad"},
    {0x8FFC, "\x6a\x20\x69\xc3\xa9"},
    {0x8FFD, "\x7a\x68\x20\x75\xc4\xab"},
    {0x8FFE, "\x6c\x20\x69\xc3\xa8"},
    {0x8FFF, "\x78\x20\xc3\xb9\x6e"},
    {0x9000, "\x74\x20\x75\xc3\xac"},
    {0x9001, "\x73\x20\xc3\xb2\x6e\x67"},
    {0x9002, "\x73\x68\x20\xc3\xac"},
    {0x9003, "\x74\x20\xc3\xa1\x6f"},
    {0x9004, "\x70\x20\xc3\xa1\x6e\x67"},
    {0x9005, "\x68\x20\xc3\xb2\x75"},
    {0x9006, "\x6e\x20\xc3\xac"},
    {0x9007, "\x64\x20\xc3\xb9\x6e"},
    {0x9008, "\x6a\x20\x69\xc7\x92\x6e\x67"},
    {0x9009, "\x78\x20\x75\xc7\x8e\x6e"},
    {0x900A, "\x78\x20\xc3\xb9\x6e"},
    {0x900B, "\x62\x20\xc5\xab"},
    {0x900C, "\x79\x20\xc5\x8d\x75"},
    {0x900D, "\x78\x20\x69\xc4\x81\x6f"},
    {0x900E, "\x71\x20\x69\xc3\xba"},
    {0x900F, "\x74\x20\xc3\xb2\x75"},
    {0x9010, "\x7a\x68\x20\xc3\xba"},
    {0x9011, "\x71\x20\x69\xc3\xba"},
    {0x9012, "\x64\x20\xc3\xac"},
    {0x9013, "\x64\x20\xc3\xac"},
    {0x9014, "\x74\x20\xc3\xba"},
    {0x9015, "\x6a\x20\xc3\xac\x6e\x67"},
    {0x9016, "\x74\x20\xc3\xac"},
    {0x9017, "\x64\x20\xc3\xb2\x75"},
    {0x9018, "\x79\x20\xc7\x90"},
    {0x9019, "\x7a\x68\x20\xc3\xa8"},
    {0x901A, "\x74\x20\xc5\x8d\x6e\x67"},
    {0x901B, "\x67\x20\x75\xc3\xa0\x6e\x67"},
    {0x901C, "\x77\x20\xc3\xb9"},
    {0x901D, "\x73\x68\x20\xc3\xac"},
    {0x901E, "\x63\x68\x20\xc4\x9b\x6e\x67"},
    {0x901F, "\x73\x20\xc3\xb9"},
    {0x9020, "\x7a\x20\xc3\xa0\x6f"},
    {0x9021, "\x71\x20\xc5\xab\x6e"},
    {0x9022, "\x66\x20\xc3\xa9\x6e\x67"},
    {0x9023, "\x6c\x20\x69\xc3\xa1\x6e"},
    {0x9024, "\x73\x20\x75\xc3\xb2"},
    {0x9025, "\x68\x20\x75\xc3\xad"},
    {0x9026, "\x6c\x20\xc7\x90"},
    {0x9027, "\x67\x20\xc7\x94"},
    {0x9028, "\x6c\x20\xc3\xa1\x69"},
    {0x9029, "\x62\x20\xc3\xa8\x6e"},
    {0x902A, "\x63\x20\x75\xc3\xb2"},
    {0x902B, "\x6a\x20\x75\xc3\xa9"},
    {0x902C, "\x62\x20\xc3\xa8\x6e\x67"},
    {0x902D, "\x68\x20\x75\xc3\xa0\x6e"},
    {0x902E, "\x64\x20\xc7\x8e\x69"},
    {0x902F, "\x6c\x20\xc3\xb9"},
    {0x9030, "\x79\x20\xc3\xb3\x75"},
    {0x9031, "\x7a\x68\x20\xc5\x8d\x75"},
    {0x9032, "\x6a\x20\xc3\xac\x6e"},
    {0x9033, "\x79\x20\xc3\xb9"},
    {0x9034, "\x63\x68\x20\x75\xc5\x8d"},
    {0x9035, "\x6b\x20\x75\xc3\xad"},
    {0x9036, "\x77\x20\xc4\x93\x69"},
    {0x9037, "\x74\x20\xc3\xac"},
    {0x9038, "\x79\x20\xc3\xac"},
    {0x9039, "\x64\x20\xc3\xa1"},
    {0x903A, "\x79\x20\x75\xc7\x8e\x6e"},
    {0x903B, "\x6c\x20\x75\xc3\xb3"},
    {0x903C, "\x62\x20\xc4\xab"},
    {0x903D, "\x6e\x20\x75\xc3\xb2"},
    {0x903E, "\x79\x20\xc3\xba"},
    {0x903F, "\x64\x20\xc3\xa0\x6e\x67"},
    {0x9040, "\x73\x20\x75\xc3\xad"},
    {0x9041, "\x64\x20\xc3\xb9\x6e"},
    {0x9042, "\x73\x20\x75\xc3\xac"},
    {0x9043, "\x79\x20\xc7\x8e\x6e"},
    {0x9044, "\x63\x68\x20\x75\xc3\xa1\x6e"},
    {0x9045, "\x63\x68\x20\xc3\xad"},
    {0x9046, "\x74\x20\xc3\xad"},
    {0x9047, "\x79\x20\xc3\xb9"},
    {0x9048, "\x73\x68\x20\xc3\xad"},
    {0x9049, "\x7a\x68\x20\xc4\x93\x6e"},
    {0x904A, "\x79\x20\xc3\xb3\x75"},
    {0x904B, "\x79\x20\xc3\xb9\x6e"},
    {0x904C, "\xc3\xa8"},
    {0x904D, "\x62\x20\x69\xc3\xa0\x6e"},
    {0x904E, "\x67\x20\x75\xc3\xb2"},
    {0x904F, "\xc3\xa8"},
    {0x9050, "\x78\x20\x69\xc3\xa1"},
    {0x9051, "\x68\x20\x75\xc3\xa1\x6e\x67"},
    {0x9052, "\x71\x20\x69\xc3\xba"},
    {0x9053, "\x64\x20\xc3\xa0\x6f"},
    {0x9054, "\x64\x20\xc3\xa1"},
    {0x9055, "\x77\x20\xc3\xa9\x69"},
    {0x9056, "\x6e\x20\xc3\xa1\x6e"},
    {0x9057, "\x79\x20\xc3\xad"},
    {0x9058, "\x67\x20\xc3\xb2\x75"},
    {0x9059, "\x79\x20\xc3\xa1\x6f"},
    {0x905A, "\x63\x68\x20\xc3\xb2\x75"},
    {0x905B, "\x6c\x20\x69\xc3\xba"},
    {0x905C, "\x78\x20\xc3\xb9\x6e"},
    {0x905D, "\x74\x20\xc3\xa0"},
    {0x905E, "\x64\x20\xc3\xac"},
    {0x905F, "\x63\x68\x20\xc3\xad"},
    {0x9060, "\x79\x20\x75\xc7\x8e\x6e"},
    {0x9061, "\x73\x20\xc3\xb9"},
    {0x9062, "\x74\x20\xc3\xa0"},
    {0x9063, "\x71\x20\x69\xc7\x8e\x6e"},
    {0x9064, "\x6d\x20\xc7\x8e"},
    {0x9065, "\x79\x20\xc3\xa1\x6f"},
    {0x9066, "\x67\x20\x75\xc3\xa0\x6e"},
    {0x9067, "\x7a\x68\x20\xc4\x81\x6e\x67"},
    {0x9068, "\xc3\xa1\x6f"},
    {0x9069, "\x73\x68\x20\xc3\xac"},
    {0x906A, "\x63\x20\xc3\xa0"},
    {0x906B, "\x63\x68\x20\xc3\xac"},
    {0x906C, "\x73\x20\xc3\xb9"},
    {0x906D, "\x7a\x20\xc4\x81\x6f"},
    {0x906E, "\x7a\x68\x20\xc4\x93"},
    {0x906F, "\x64\x20\xc3\xb9\x6e"},
    {0x9070, "\x64\x20\xc3\xac"},
    {0x9071, "\x6c\x20\xc3\xb3\x75"},
    {0x9072, "\x63\x68\x20\xc3\xad"},
    {0x9073, "\x63\x20\x75\xc5\x8d"},
    {0x9074, "\x6c\x20\xc3\xad\x6e"},
    {0x9075, "\x7a\x20\xc5\xab\x6e"},
    {0x9076, "\x72\x20\xc3\xa0\x6f"},
    {0x9077, "\x71\x20\x69\xc4\x81\x6e"},
    {0x9078, "\x78\x20\x75\xc7\x8e\x6e"},
    {0x9079, "\x79\x20\xc3\xb9"},
    {0x907A, "\x79\x20\xc3\xad"},
    {0x907B, "\xc3\xa8"},
    {0x907C, "\x6c\x20\x69\xc3\xa1\x6f"},
    {0x907D, "\x6a\x20\xc3\xb9"},
    {0x907E, "\x73\x68\x20\xc3\xac"},
    {0x907F, "\x62\x20\xc3\xac"},
    {0x9080, "\x79\x20\xc4\x81\x6f"},
    {0x9081, "\x6d\x20\xc3\xa0\x69"},
    {0x9082, "\x78\x20\x69\xc3\xa8"},
    {0x9083, "\x73\x20\x75\xc3\xac"},
    {0x9084, "\x68\x20\xc3\xa1\x69"},
    {0x9085, "\x7a\x68\x20\xc4\x81\x6e"},
    {0x9086, "\x74\x20\xc3\xa9\x6e\x67"},
    {0x9087, "\xc4\x9b\x72"},
    {0x9088, "\x6d\x20\x69\xc7\x8e\x6f"},
    {0x9089, "\x62\x20\x69\xc4\x81\x6e"},
    {0x908A, "\x62\x20\x69\xc4\x81\x6e"},
    {0x908B, "\x6c\x20\xc4\x81"},
    {0x908C, "\x6c\x20\xc3\xad"},
    {0x908D, "\x79\x20\x75\xc3\xa1\x6e"},
    {0x908E, "\x79\x20\xc3\xa1\x6f"},
    {0x908F, "\x6c\x20\x75\xc3\xb3"},
    {0x9090, "\x6c\x20\xc7\x90"},
    {0x9091, "\x79\x20\xc3\xac"},
    {0x9092, "\x74\x20\xc3\xad\x6e\x67"},
    {0x9093, "\x64\x20\xc3\xa8\x6e\x67"},
    {0x9094, "\x71\x20\xc7\x90"},
    {0x9095, "\x79\x20\xc5\x8d\x6e\x67"},
    {0x9096, "\x73\x68\x20\xc4\x81\x6e"},
    {0x9097, "\x68\x20\xc3\xa1\x6e"},
    {0x9098, "\x79\x20\xc3\xba"},
    {0x9099, "\x6d\x20\xc3\xa1\x6e\x67"},
    {0x909A, "\x72\x20\xc3\xba"},
    {0x909B, "\x71\x20\x69\xc3\xb3\x6e\x67"},
    {0x909C, "\x78\x20\xc4\xab"},
    {0x909D, "\x6b\x20\x75\xc3\xa0\x6e\x67"},
    {0x909E, "\x66\x20\xc5\xab"},
    {0x909F, "\x6b\x20\xc3\xa0\x6e\x67"},
    {0x90A0, "\x62\x20\xc4\xab\x6e"},
    {0x90A1, "\x66\x20\xc4\x81\x6e\x67"},
    {0x90A2, "\x78\x20\xc3\xad\x6e\x67"},
    {0x90A3, "\x6e\x20\xc3\xa0"},
    {0x90A4, "\x78\x20\xc4\xab\x6e"},
    {0x90A5, "\x73\x68\x20\xc4\x9b\x6e"},
    {0x90A6, "\x62\x20\xc4\x81\x6e\x67"},
    {0x90A7, "\x79\x20\x75\xc3\xa1\x6e"},
    {0x90A8, "\x63\x20\xc5\xab\x6e"},
    {0x90A9, "\x68\x20\x75\xc7\x92"},
    {0x90AA, "\x78\x20\x69\xc3\xa9"},
    {0x90AB, "\x62\x20\xc4\x81\x6e\x67"},
    {0x90AC, "\x77\x20\xc5\xab"},
    {0x90AD, "\x6a\x20\xc3\xb9"},
    {0x90AE, "\x79\x20\xc3\xb3\x75"},
    {0x90AF, "\x68\x20\xc3\xa1\x6e"},
    {0x90B0, "\x74\x20\xc3\xa1\x69"},
    {0x90B1, "\x71\x20\x69\xc5\xab"},
    {0x90B2, "\x62\x20\xc3\xac"},
    {0x90B3, "\x70\x20\xc4\xab"},
    {0x90B4, "\x62\x20\xc7\x90\x6e\x67"},
    {0x90B5, "\x73\x68\x20\xc3\xa0\x6f"},
    {0x90B6, "\x62\x20\xc3\xa8\x69"},
    {0x90B7, "\x77\x20\xc7\x8e"},
    {0x90B8, "\x64\x20\xc7\x90"},
    {0x90B9, "\x7a\x20\xc5\x8d\x75"},
    {0x90BA, "\x79\x20\xc3\xa8"},
    {0x90BB, "\x6c\x20\xc3\xad\x6e"},
    {0x90BC, "\x6b\x20\x75\xc4\x81\x6e\x67"},
    {0x90BD, "\x67\x20\x75\xc4\xab"},
    {0x90BE, "\x7a\x68\x20\xc5\xab"},
    {0x90BF, "\x73\x68\x20\xc4\xab"},
    {0x90C0, "\x6b\x20\xc5\xab"},
    {0x90C1, "\x79\x20\xc3\xb9"},
    {0x90C2, "\x67\x20\xc4\x81\x69"},
    {0x90C3, "\x68\x20\xc3\xa9"},
    {0x90C4, "\x71\x20\x69\xc3\xa8"},
    {0x90C5, "\x7a\x68\x20\xc3\xac"},
    {0x90C6, "\x6a\x20\xc3\xad"},
    {0x90C7, "\x68\x20\x75\xc3\xa1\x6e"},
    {0x90C8, "\x68\x20\xc3\xb2\x75"},
    {0x90C9, "\x78\x20\xc3\xad\x6e\x67"},
    {0x90CA, "\x6a\x20\x69\xc4\x81\x6f"},
    {0x90CB, "\x78\x20\xc3\xad"},
    {0x90CC, "\x67\x20\x75\xc4\xab"},
    {0x90CD, "\x6e\x20\x75\xc3\xb3"},
    {0x90CE, "\x6c\x20\xc3\xa1\x6e\x67"},
    {0x90CF, "\x6a\x20\x69\xc3\xa1"},
    {0x90D0, "\x6b\x20\x75\xc3\xa0\x69"},
    {0x90D1, "\x7a\x68\x20\xc3\xa8\x6e\x67"},
    {0x90D2, "\x6c\x20\xc3\xa1\x6e\x67"},
    {0x90D3, "\x79\x20\xc3\xb9\x6e"},
    {0x90D4, "\x79\x20\xc3\xa1\x6e"},
    {0x90D5, "\x63\x68\x20\xc3\xa9\x6e\x67"},
    {0x90D6, "\x64\x20\xc3\xb2\x75"},
    {0x90D7, "\x78\x20\xc4\xab"},
    {0x90D8, "\x6c\x20\xc7\x9a"},
    {0x90D9, "\x66\x20\xc7\x94"},
    {0x90DA, "\x77\x20\xc3\xba"},
    {0x90DB, "\x66\x20\xc3\xba"},
    {0x90DC, "\x67\x20\xc3\xa0\x6f"},
    {0x90DD, "\x68\x20\xc7\x8e\x6f"},
    {0x90DE, "\x6c\x20\xc3\xa1\x6e\x67"},
    {0x90DF, "\x6a\x20\x69\xc3\xa1"},
    {0x90E0, "\x67\x20\xc4\x9b\x6e\x67"},
    {0x90E1, "\x6a\x20\xc3\xb9\x6e"},
    {0x90E2, "\x79\x20\xc7\x90\x6e\x67"},
    {0x90E3, "\x62\x20\xc3\xb3"},
    {0x90E4, "\x78\x20\xc3\xac"},
    {0x90E5, "\x62\x20\xc3\xa8\x69"},
    {0x90E6, "\x6c\x20\xc3\xac"},
    {0x90E7, "\x79\x20\xc3\xba\x6e"},
    {0x90E8, "\x62\x20\xc3\xb9"},
    {0x90E9, "\x78\x20\x69\xc3\xa1\x6f"},
    {0x90EA, "\x71\x20\xc4\xab"},
    {0x90EB, "\x70\x20\xc3\xad"},
    {0x90EC, "\x71\x20\xc4\xab\x6e\x67"},
    {0x90ED, "\x67\x20\x75\xc5\x8d"},
    {0x90EE, "\x7a\x68\x20\xc5\x8d\x75"},
    {0x90EF, "\x74\x20\xc3\xa1\x6e"},
    {0x90F0, "\x7a\x20\xc5\x8d\x75"},
    {0x90F1, "\x70\x20\xc3\xad\x6e\x67"},
    {0x90F2, "\x6c\x20\xc3\xa1\x69"},
    {0x90F3, "\x6e\x20\xc3\xad"},
    {0x90F4, "\x63\x68\x20\xc4\x93\x6e"},
    {0x90F5, "\x79\x20\xc3\xb3\x75"},
    {0x90F6, "\x62\x20\xc3\xb9"},
    {0x90F7, "\x78\x20\x69\xc4\x81\x6e\x67"},
    {0x90F8, "\x64\x20\xc4\x81\x6e"},
    {0x90F9, "\x6a\x20\xc3\xba"},
    {0x90FA, "\x79\x20\xc5\x8d\x6e\x67"},
    {0x90FB, "\x71\x20\x69\xc4\x81\x6f"},
    {0x90FC, "\x79\x20\xc4\xab"},
    {0x90FD, "\x64\x20\xc5\x8d\x75"},
    {0x90FE, "\x79\x20\xc7\x8e\x6e"},
    {0x90FF, "\x6d\x20\xc3\xa9\x69"},
    {0x9100, "\x72\x20\x75\xc3\xb2"},
    {0x9101, "\x62\x20\xc3\xa8\x69"},
    {0x9102, "\xc3\xa8"},
    {0x9103, "\x73\x68\x20\xc5\xab"},
    {0x9104, "\x6a\x20\x75\xc3\xa0\x6e"},
    {0x9105, "\x79\x20\xc7\x94"},
    {0x9106, "\x79\x20\xc3\xb9\x6e"},
    {0x9107, "\x68\x20\xc3\xb3\x75"},
    {0x9108, "\x6b\x20\x75\xc3\xad"},
    {0x9109, "\x78\x20\x69\xc4\x81\x6e\x67"},
    {0x910A, "\x78\x20\x69\xc4\x81\x6e\x67"},
    {0x910B, "\x73\x20\xc5\x8d\x75"},
    {0x910C, "\x74\x20\xc3\xa1\x6e\x67"},
    {0x910D, "\x6d\x20\xc3\xad\x6e\x67"},
    {0x910E, "\x78\x20\xc4\xab"},
    {0x910F, "\x72\x20\xc7\x94"},
    {0x9110, "\x63\x68\x20\xc3\xb9"},
    {0x9111, "\x7a\x20\xc4\xab"},
    {0x9112, "\x7a\x20\xc5\x8d\x75"},
    {0x9113, "\x79\x20\xc3\xa8"},
    {0x9114, "\x77\x20\xc5\xab"},
    {0x9115, "\x78\x20\x69\xc4\x81\x6e\x67"},
    {0x9116, "\x79\x20\xc3\xba\x6e"},
    {0x9117, "\x68\x20\xc3\xa0\x6f"},
    {0x9118, "\x79\x20\xc5\x8d\x6e\x67"},
    {0x9119, "\x62\x20\xc7\x90"},
    {0x911A, "\x6d\x20\xc3\xa0\x6f"},
    {0x911B, "\x63\x68\x20\xc3\xa1\x6f"},
    {0x911C, "\x66\x20\xc5\xab"},
    {0x911D, "\x6c\x20\x69\xc7\x8e\x6f"},
    {0x911E, "\x79\x20\xc3\xad\x6e"},
    {0x911F, "\x7a\x68\x20\x75\xc4\x81\x6e"},
    {0x9120, "\x68\x20\xc3\xb9"},
    {0x9121, "\x71\x20\x69\xc4\x81\x6f"},
    {0x9122, "\x79\x20\xc4\x81\x6e"},
    {0x9123, "\x7a\x68\x20\xc4\x81\x6e\x67"},
    {0x9124, "\x6d\x20\xc3\xa0\x6e"},
    {0x9125, "\x71\x20\x69\xc4\x81\x6f"},
    {0x9126, "\x78\x20\xc7\x94"},
    {0x9127, "\x64\x20\xc3\xa8\x6e\x67"},
    {0x9128, "\x62\x20\xc3\xac"},
    {0x9129, "\x78\x20\xc3\xba\x6e"},
    {0x912A, "\x62\x20\xc3\xac"},
    {0x912B, "\x7a\x20\xc4\x93\x6e\x67"},
    {0x912C, "\x77\x20\xc3\xa9\x69"},
    {0x912D, "\x7a\x68\x20\xc3\xa8\x6e\x67"},
    {0x912E, "\x6d\x20\xc3\xa0\x6f"},
    {0x912F, "\x73\x68\x20\xc3\xa0\x6e"},
    {0x9130, "\x6c\x20\xc3\xad\x6e"},
    {0x9131, "\x70\x20\xc3\xb3"},
    {0x9132, "\x64\x20\xc4\x81\x6e"},
    {0x9133, "\x6d\x20\xc3\xa9\x6e\x67"},
    {0x9134, "\x79\x20\xc3\xa8"},
    {0x9135, "\x63\x20\xc3\xa0\x6f"},
    {0x9136, "\x6b\x20\x75\xc3\xa0\x69"},
    {0x9137, "\x66\x20\xc4\x93\x6e\x67"},
    {0x9138, "\x6d\x20\xc3\xa9\x6e\x67"},
    {0x9139, "\x7a\x20\xc5\x8d\x75"},
    {0x913A, "\x6b\x20\x75\xc3\xa0\x6e\x67"},
    {0x913B, "\x6c\x20\x69\xc7\x8e\x6e"},
    {0x913C, "\x7a\x20\xc3\xa0\x6e"},
    {0x913D, "\x63\x68\x20\xc3\xa1\x6e"},
    {0x913E, "\x79\x20\xc5\x8d\x75"},
    {0x913F, "\x6a\x20\xc4\xab"},
    {0x9140, "\x79\x20\xc3\xa0\x6e"},
    {0x9141, "\x63\x68\x20\xc3\xa1\x6e"},
    {0x9142, "\x63\x20\x75\xc3\xb3"},
    {0x9143, "\x6c\x20\xc3\xad\x6e\x67"},
    {0x9144, "\x68\x20\x75\xc4\x81\x6e"},
    {0x9145, "\x78\x20\xc4\xab"},
    {0x9146, "\x66\x20\xc4\x93\x6e\x67"},
    {0x9147, "\x7a\x20\xc3\xa0\x6e"},
    {0x9148, "\x6c\x20\xc3\xac"},
    {0x9149, "\x79\x20\xc7\x92\x75"},
    {0x914A, "\x64\x20\xc4\xab\x6e\x67"},
    {0x914B, "\x71\x20\x69\xc3\xba"},
    {0x914C, "\x7a\x68\x20\x75\xc3\xb3"},
    {0x914D, "\x70\x20\xc3\xa8\x69"},
    {0x914E, "\x7a\x68\x20\xc3\xb2\x75"},
    {0x914F, "\x79\x20\xc7\x90"},
    {0x9150, "\x67\x20\xc4\x81\x6e"},
    {0x9151, "\x79\x20\xc3\xba"},
    {0x9152, "\x6a\x20\x69\xc7\x94"},
    {0x9153, "\x79\x20\xc7\x8e\x6e"},
    {0x9154, "\x7a\x20\x75\xc3\xac"},
    {0x9155, "\x6d\x20\xc3\xa1\x6f"},
    {0x9156, "\x7a\x68\x20\xc3\xa8\x6e"},
    {0x9157, "\x78\x20\xc3\xb9"},
    {0x9158, "\x64\x20\xc3\xb2\x75"},
    {0x9159, "\x7a\x68\x20\xc4\x93\x6e"},
    {0x915A, "\x66\x20\xc4\x93\x6e"},
    {0x915B, "\x79\x20\x75\xc3\xa1\x6e"},
    {0x915C, "\x66\x20\x75"},
    {0x915D, "\x79\x20\xc3\xb9\x6e"},
    {0x915E, "\x74\x20\xc3\xa0\x69"},
    {0x915F, "\x74\x20\x69\xc4\x81\x6e"},
    {0x9160, "\x71\x20\x69\xc7\x8e"},
    {0x9161, "\x74\x20\x75\xc3\xb3"},
    {0x9162, "\x63\x20\xc3\xb9"},
    {0x9163, "\x68\x20\xc4\x81\x6e"},
    {0x9164, "\x67\x20\xc5\xab"},
    {0x9165, "\x73\x20\xc5\xab"},
    {0x9166, "\x70\x20\xc3\xb2"},
    {0x9167, "\x63\x68\x20\xc3\xb3\x75"},
    {0x9168, "\x7a\x20\xc3\xa0\x69"},
    {0x9169, "\x6d\x20\xc7\x90\x6e\x67"},
    {0x916A, "\x6c\x20\xc3\xa0\x6f"},
    {0x916B, "\x63\x68\x20\x75\xc3\xb2"},
    {0x916C, "\x63\x68\x20\xc3\xb3\x75"},
    {0x916D, "\x79\x20\xc3\xb2\x75"},
    {0x916E, "\x74\x20\xc3\xb3\x6e\x67"},
    {0x916F, "\x7a\x68\x20\xc7\x90"},
    {0x9170, "\x78\x20\x69\xc4\x81\x6e"},
    {0x9171, "\x6a\x20\x69\xc3\xa0\x6e\x67"},
    {0x9172, "\x63\x68\x20\xc3\xa9\x6e\x67"},
    {0x9173, "\x79\x20\xc3\xac\x6e"},
    {0x9174, "\x74\x20\xc3\xba"},
    {0x9175, "\x6a\x20\x69\xc3\xa0\x6f"},
    {0x9176, "\x6d\x20\xc3\xa9\x69"},
    {0x9177, "\x6b\x20\xc3\xb9"},
    {0x9178, "\x73\x20\x75\xc4\x81\x6e"},
    {0x9179, "\x6c\x20\xc3\xa8\x69"},
    {0x917A, "\x70\x20\xc3\xba"},
    {0x917B, "\x7a\x20\x75\xc3\xac"},
    {0x917C, "\x68\x20\xc7\x8e\x69"},
    {0x917D, "\x79\x20\xc3\xa0\x6e"},
    {0x917E, "\x73\x68\x20\xc4\x81\x69"},
    {0x917F, "\x6e\x20\x69\xc3\xa0\x6e\x67"},
    {0x9180, "\x77\x20\xc3\xa9\x69"},
    {0x9181, "\x6c\x20\xc3\xb9"},
    {0x9182, "\x6c\x20\xc7\x8e\x6e"},
    {0x9183, "\x79\x20\xc4\x81\x6e"},
    {0x9184, "\x74\x20\xc3\xa1\x6f"},
    {0x9185, "\x70\x20\xc4\x93\x69"},
    {0x9186, "\x7a\x68\x20\xc7\x8e\x6e"},
    {0x9187, "\x63\x68\x20\xc3\xba\x6e"},
    {0x9188, "\x74\x20\xc3\xa1\x6e"},
    {0x9189, "\x7a\x20\x75\xc3\xac"},
    {0x918A, "\x7a\x68\x20\x75\xc3\xac"},
    {0x918B, "\x63\x20\xc3\xb9"},
    {0x918C, "\x6b\x20\xc5\xab\x6e"},
    {0x918D, "\x74\x20\xc3\xad"},
    {0x918E, "\x78\x20\x69\xc3\xa1\x6e"},
    {0x918F, "\x64\x20\xc5\xab"},
    {0x9190, "\x68\x20\xc3\xba"},
    {0x9191, "\x78\x20\xc7\x94"},
    {0x9192, "\x78\x20\xc7\x90\x6e\x67"},
    {0x9193, "\x74\x20\xc7\x8e\x6e"},
    {0x9194, "\x71\x20\x69\xc3\xba"},
    {0x9195, "\x63\x68\x20\xc3\xba\x6e"},
    {0x9196, "\x79\x20\xc3\xb9\x6e"},
    {0x9197, "\x70\x20\xc3\xb2"},
    {0x9198, "\x6b\x20\xc4\x93"},
    {0x9199, "\x73\x20\xc5\x8d\x75"},
    {0x919A, "\x6d\x20\xc3\xad"},
    {0x919B, "\x71\x20\x75\xc3\xa1\x6e"},
    {0x919C, "\x63\x68\x20\xc7\x92\x75"},
    {0x919D, "\x63\x20\x75\xc5\x8d"},
    {0x919E, "\x79\x20\xc3\xb9\x6e"},
    {0x919F, "\x79\x20\xc3\xb2\x6e\x67"},
    {0x91A0, "\xc3\xa0\x6e\x67"},
    {0x91A1, "\x7a\x68\x20\xc3\xa0"},
    {0x91A2, "\x68\x20\xc7\x8e\x69"},
    {0x91A3, "\x74\x20\xc3\xa1\x6e\x67"},
    {0x91A4, "\x6a\x20\x69\xc3\xa0\x6e\x67"},
    {0x91A5, "\x70\x20\x69\xc7\x8e\x6f"},
    {0x91A6, "\x63\x68\x20\xc4\x9b\x6e"},
    {0x91A7, "\x79\x20\xc3\xb9"},
    {0x91A8, "\x6c\x20\xc3\xad"},
    {0x91A9, "\x7a\x20\xc4\x81\x6f"},
    {0x91AA, "\x6c\x20\xc3\xa1\x6f"},
    {0x91AB, "\x79\x20\xc4\xab"},
    {0x91AC, "\x6a\x20\x69\xc3\xa0\x6e\x67"},
    {0x91AD, "\x62\x20\xc3\xba"},
    {0x91AE, "\x6a\x20\x69\xc3\xa0\x6f"},
    {0x91AF, "\x78\x20\xc4\xab"},
    {0x91B0, "\x74\x20\xc3\xa1\x6e"},
    {0x91B1, "\x66\x20\xc4\x81"},
    {0x91B2, "\x6e\x20\xc3\xb3\x6e\x67"},
    {0x91B3, "\x79\x20\xc3\xac"},
    {0x91B4, "\x6c\x20\xc7\x90"},
    {0x91B5, "\x6a\x20\xc3\xb9"},
    {0x91B6, "\x79\x20\xc3\xa0\x6e"},
    {0x91B7, "\x79\x20\xc3\xac"},
    {0x91B8, "\x6e\x20\x69\xc3\xa0\x6e\x67"},
    {0x91B9, "\x72\x20\xc3\xba"},
    {0x91BA, "\x78\x20\xc5\xab\x6e"},
    {0x91BB, "\x63\x68\x20\xc3\xb3\x75"},
    {0x91BC, "\x79\x20\xc3\xa0\x6e"},
    {0x91BD, "\x6c\x20\xc3\xad\x6e\x67"},
    {0x91BE, "\x6d\x20\xc3\xad"},
    {0x91BF, "\x6d\x20\xc3\xad"},
    {0x91C0, "\x6e\x20\x69\xc3\xa0\x6e\x67"},
    {0x91C1, "\x78\x20\xc3\xac\x6e"},
    {0x91C2, "\x6a\x20\x69\xc3\xa0\x6f"},
    {0x91C3, "\x73\x68\x20\xc4\x81\x69"},
    {0x91C4, "\x6d\x20\xc3\xad"},
    {0x91C5, "\x79\x20\xc3\xa0\x6e"},
    {0x91C6, "\x62\x20\x69\xc3\xa0\x6e"},
    {0x91C7, "\x63\x20\xc7\x8e\x69"},
    {0x91C8, "\x73\x68\x20\xc3\xac"},
    {0x91C9, "\x79\x20\xc3\xb2\x75"},
    {0x91CA, "\x73\x68\x20\xc3\xac"},
    {0x91CB, "\x73\x68\x20\xc3\xac"},
    {0x91CC, "\x6c\x20\xc7\x90"},
    {0x91CD, "\x7a\x68\x20\xc3\xb2\x6e\x67"},
    {0x91CE, "\x79\x20\xc4\x9b"},
    {0x91CF, "\x6c\x20\x69\xc3\xa0\x6e\x67"},
    {0x91D0, "\x6c\x20\xc3\xad"},
    {0x91D1, "\x6a\x20\xc4\xab\x6e"},
    {0x91D2, "\x6a\x20\xc4\xab\x6e"},
    {0x91D3, "\x67\x20\xc3\xa1"},
    {0x91D4, "\x79\x20\xc7\x90"},
    {0x91D5, "\x6c\x20\x69\xc7\x8e\x6f"},
    {0x91D6, "\x64\x20\xc4\x81\x6f"},
    {0x91D7, "\x7a\x68\x20\xc4\x81\x6f"},
    {0x91D8, "\x64\x20\xc4\xab\x6e\x67"},
    {0x91D9, "\x70\x20\xc3\xb2"},
    {0x91DA, "\x71\x20\x69\xc3\xba"},
    {0x91DB, "\x62\x20\xc4\x81"},
    {0x91DC, "\x66\x20\xc7\x94"},
    {0x91DD, "\x7a\x68\x20\xc4\x93\x6e"},
    {0x91DE, "\x7a\x68\x20\xc3\xad"},
    {0x91DF, "\x62\x20\xc4\x81"},
    {0x91E0, "\x6c\x20\x75\xc3\xa0\x6e"},
    {0x91E1, "\x66\x20\xc7\x94"},
    {0x91E2, "\x6e\x20\xc7\x8e\x69"},
    {0x91E3, "\x64\x20\x69\xc3\xa0\x6f"},
    {0x91E4, "\x73\x68\x20\xc3\xa0\x6e"},
    {0x91E5, "\x71\x20\x69\xc7\x8e\x6f"},
    {0x91E6, "\x6b\x20\xc3\xb2\x75"},
    {0x91E7, "\x63\x68\x20\x75\xc3\xa0\x6e"},
    {0x91E8, "\x7a\x20\xc7\x90"},
    {0x91E9, "\x66\x20\xc7\x8e\x6e"},
    {0x91EA, "\x68\x20\x75\xc3\xa1"},
    {0x91EB, "\x68\x20\x75\xc3\xa1"},
    {0x91EC, "\x68\x20\xc3\xa0\x6e"},
    {0x91ED, "\x67\x20\xc4\x81\x6e\x67"},
    {0x91EE, "\x71\x20\xc3\xad"},
    {0x91EF, "\x6d\x20\xc3\xa1\x6e\x67"},
    {0x91F0, "\x72\x20\xc3\xac"},
    {0x91F1, "\x64\x20\xc3\xac"},
    {0x91F2, "\x73\x20\xc3\xac"},
    {0x91F3, "\x78\x20\xc3\xac"},
    {0x91F4, "\x79\x20\xc3\xac"},
    {0x91F5, "\x63\x68\x20\xc4\x81\x69"},
    {0x91F6, "\x73\x68\x20\xc4\xab"},
    {0x91F7, "\x74\x20\xc7\x94"},
    {0x91F8, "\x78\x20\xc4\xab"},
    {0x91F9, "\x6e\x20\xc7\x9a"},
    {0x91FA, "\x71\x20\x69\xc4\x81\x6e"},
    {0x91FB, "\x71\x20\x69\xc3\xba"},
    {0x91FC, "\x6a\x20\x69\xc3\xa0\x6e"},
    {0x91FD, "\x70\x20\xc3\xac"},
    {0x91FE, "\x79\x20\xc3\xa9"},
    {0x91FF, "\x6a\x20\xc4\xab\x6e"},
    {0x9200, "\x62\x20\xc7\x8e"},
    {0x9201, "\x66\x20\xc4\x81\x6e\x67"},
    {0x9202, "\x63\x68\x20\xc3\xa9\x6e"},
    {0x9203, "\x78\x20\xc3\xad\x6e\x67"},
    {0x9204, "\x64\x20\xc7\x92\x75"},
    {0x9205, "\x79\x20\x75\xc3\xa8"},
    {0x9206, "\x71\x20\x69\xc4\x81\x6e"},
    {0x9207, "\x66\x20\xc5\xab"},
    {0x9208, "\x62\x20\xc3\xb9"},
    {0x9209, "\x6e\x20\xc3\xa0"},
    {0x920A, "\x78\x20\xc4\xab\x6e"},
    {0x920B, "\xc3\xa9"},
    {0x920C, "\x6a\x20\x75\xc3\xa9"},
    {0x920D, "\x64\x20\xc3\xb9\x6e"},
    {0x920E, "\x67\x20\xc5\x8d\x75"},
    {0x920F, "\x79\x20\xc7\x90\x6e"},
    {0x9210, "\x71\x20\x69\xc3\xa1\x6e"},
    {0x9211, "\x62\x20\xc7\x8e\x6e"},
    {0x9212, "\x73\x20\xc3\xa0"},
    {0x9213, "\x72\x20\xc3\xa9\x6e"},
    {0x9214, "\x63\x68\x20\xc4\x81\x6f"},
    {0x9215, "\x6e\x20\x69\xc7\x94"},
    {0x9216, "\x66\x20\xc4\x93\x6e"},
    {0x9217, "\x79\x20\xc7\x94\x6e"},
    {0x9218, "\x79\x20\xc7\x90"},
    {0x9219, "\x71\x20\xc3\xad\x6e"},
    {0x921A, "\x70\x20\xc4\xab"},
    {0x921B, "\x67\x20\x75\xc5\x8d"},
    {0x921C, "\x68\x20\xc3\xb3\x6e\x67"},
    {0x921D, "\x79\x20\xc3\xad\x6e"},
    {0x921E, "\x6a\x20\xc5\xab\x6e"},
    {0x921F, "\x64\x20\x69\xc3\xa0\x6f"},
    {0x9220, "\x79\x20\xc3\xac"},
    {0x9221, "\x7a\x68\x20\xc5\x8d\x6e\x67"},
    {0x9222, "\x78\x20\xc7\x90"},
    {0x9223, "\x67\x20\xc3\xa0\x69"},
    {0x9224, "\x72\x20\xc3\xac"},
    {0x9225, "\x68\x20\x75\xc7\x92"},
    {0x9226, "\x74\x20\xc3\xa0\x69"},
    {0x9227, "\x6b\x20\xc3\xa0\x6e\x67"},
    {0x9228, "\x79\x20\x75\xc3\xa1\x6e"},
    {0x9229, "\x6c\x20\xc3\xba"},
    {0x922A, "\xc3\xa8"},
    {0x922B, "\x71\x20\xc3\xad\x6e"},
    {0x922C, "\x64\x20\x75\xc3\xb3"},
    {0x922D, "\x7a\x20\xc4\xab"},
    {0x922E, "\x6e\x20\xc7\x90"},
    {0x922F, "\x74\x20\xc3\xba"},
    {0x9230, "\x73\x68\x20\xc3\xac"},
    {0x9231, "\x6d\x20\xc3\xad\x6e"},
    {0x9232, "\x67\x20\xc5\xab"},
    {0x9233, "\x6b\x20\xc4\x93"},
    {0x9234, "\x6c\x20\xc3\xad\x6e\x67"},
    {0x9235, "\x62\x20\xc7\x90\x6e\x67"},
    {0x9236, "\x73\x20\xc3\xac"},
    {0x9237, "\x67\x20\xc7\x94"},
    {0x9238, "\x62\x20\xc3\xb3"},
    {0x9239, "\x70\x20\xc4\xab"},
    {0x923A, "\x79\x20\xc3\xb9"},
    {0x923B, "\x73\x20\xc3\xac"},
    {0x923C, "\x7a\x20\x75\xc3\xb3"},
    {0x923D, "\x62\x20\xc5\xab"},
    {0x923E, "\x79\x20\xc3\xb3\x75"},
    {0x923F, "\x74\x20\x69\xc3\xa1\x6e"},
    {0x9240, "\x6a\x20\x69\xc7\x8e"},
    {0x9241, "\x7a\x68\x20\xc4\x93\x6e"},
    {0x9242, "\x73\x68\x20\xc7\x90"},
    {0x9243, "\x73\x68\x20\xc3\xac"},
    {0x9244, "\x7a\x68\x20\xc3\xad"},
    {0x9245, "\x6a\x20\xc3\xb9"},
    {0x9246, "\x63\x68\x20\xc4\x81\x6e"},
    {0x9247, "\x73\x68\x20\xc4\xab"},
    {0x9248, "\x73\x68\x20\xc4\xab"},
    {0x9249, "\x78\x20\x75\xc3\xa0\x6e"},
    {0x924A, "\x7a\x68\x20\xc4\x81\x6f"},
    {0x924B, "\x62\x20\xc3\xa0\x6f"},
    {0x924C, "\x68\x20\xc3\xa9"},
    {0x924D, "\x62\x20\xc3\xac"},
    {0x924E, "\x73\x68\x20\xc4\x93\x6e\x67"},
    {0x924F, "\x63\x68\x20\xc3\xba"},
    {0x9250, "\x73\x68\x20\xc3\xad"},
    {0x9251, "\x62\x20\xc3\xb3"},
    {0x9252, "\x7a\x68\x20\xc3\xb9"},
    {0x9253, "\x63\x68\x20\xc3\xac"},
    {0x9254, "\x7a\x20\xc4\x81"},
    {0x9255, "\x70\x20\xc5\x8d"},
    {0x9256, "\x74\x20\xc3\xb3\x6e\x67"},
    {0x9257, "\x71\x20\x69\xc3\xa1\x6e"},
    {0x9258, "\x66\x20\xc3\xba"},
    {0x9259, "\x7a\x68\x20\xc7\x8e\x69"},
    {0x925A, "\x6d\x20\xc7\x8e\x6f"},
    {0x925B, "\x71\x20\x69\xc4\x81\x6e"},
    {0x925C, "\x66\x20\xc3\xba"},
    {0x925D, "\x6c\x20\xc3\xac"},
    {0x925E, "\x79\x20\x75\xc3\xa8"},
    {0x925F, "\x70\x20\xc4\xab"},
    {0x9260, "\x79\x20\xc4\x81\x6e\x67"},
    {0x9261, "\x62\x20\xc3\xa0\x6e"},
    {0x9262, "\x62\x20\xc5\x8d"},
    {0x9263, "\x6a\x20\x69\xc3\xa9"},
    {0x9264, "\x67\x20\xc5\x8d\x75"},
    {0x9265, "\x73\x68\x20\xc3\xb9"},
    {0x9266, "\x7a\x68\x20\xc4\x93\x6e\x67"},
    {0x9267, "\x6d\x20\xc7\x94"},
    {0x9268, "\x78\x20\xc7\x90"},
    {0x9269, "\x78\x20\xc7\x90"},
    {0x926A, "\x64\x20\xc3\xac"},
    {0x926B, "\x6a\x20\x69\xc4\x81"},
    {0x926C, "\x6d\x20\xc3\xb9"},
    {0x926D, "\x74\x20\xc7\x8e\x6e"},
    {0x926E, "\x68\x20\x75\xc3\xa1\x6e"},
    {0x926F, "\x79\x20\xc7\x90"},
    {0x9270, "\x73\x20\xc4\xab"},
    {0x9271, "\x6b\x20\x75\xc3\xa0\x6e\x67"},
    {0x9272, "\x6b\x20\xc7\x8e"},
    {0x9273, "\x62\x20\xc4\x9b\x69"},
    {0x9274, "\x6a\x20\x69\xc3\xa0\x6e"},
    {0x9275, "\x74\x20\xc3\xb3\x6e\x67"},
    {0x9276, "\x78\x20\xc3\xad\x6e\x67"},
    {0x9277, "\x68\x20\xc3\xb3\x6e\x67"},
    {0x9278, "\x6a\x20\x69\xc7\x8e\x6f"},
    {0x9279, "\x63\x68\x20\xc7\x90"},
    {0x927A, "\xc3\xa8\x72"},
    {0x927B, "\x67\x20\xc3\xa8"},
    {0x927C, "\x62\x20\xc7\x90\x6e\x67"},
    {0x927D, "\x73\x68\x20\xc3\xac"},
    {0x927E, "\x6d\x20\xc3\xb3\x75"},
    {0x927F, "\x6a\x20\x69\xc4\x81"},
    {0x9280, "\x79\x20\xc3\xad\x6e"},
    {0x9281, "\x6a\x20\xc5\xab\x6e"},
    {0x9282, "\x7a\x68\x20\xc5\x8d\x75"},
    {0x9283, "\x63\x68\x20\xc3\xb2\x6e\x67"},
    {0x9284, "\x78\x20\x69\xc7\x8e\x6e\x67"},
    {0x9285, "\x74\x20\xc3\xb3\x6e\x67"},
    {0x9286, "\x6d\x20\xc3\xb2"},
    {0x9287, "\x6c\x20\xc3\xa8\x69"},
    {0x9288, "\x6a\x20\xc4\xab"},
    {0x9289, "\x79\x20\xc3\xb9"},
    {0x928A, "\x78\x20\xc3\xb9"},
    {0x928B, "\x72\x20\xc3\xa9\x6e"},
    {0x928C, "\x7a\x20\xc3\xb9\x6e"},
    {0x928D, "\x7a\x68\x20\xc3\xac"},
    {0x928E, "\x71\x20\x69\xc3\xb3\x6e\x67"},
    {0x928F, "\x73\x68\x20\xc3\xa0\x6e"},
    {0x9290, "\x63\x68\x20\xc3\xac"},
    {0x9291, "\x78\x20\x69\xc7\x8e\x6e"},
    {0x9292, "\x78\x20\xc3\xad\x6e\x67"},
    {0x9293, "\x71\x20\x75\xc3\xa1\x6e"},
    {0x9294, "\x70\x20\xc4\xab"},
    {0x9295, "\x74\x20\x69\xc4\x9b"},
    {0x9296, "\x7a\x68\x20\xc5\xab"},
    {0x9297, "\x78\x20\x69\xc3\xa0\x6e\x67"},
    {0x9298, "\x6d\x20\xc3\xad\x6e\x67"},
    {0x9299, "\x6b\x20\x75\xc7\x8e"},
    {0x929A, "\x79\x20\xc3\xa1\x6f"},
    {0x929B, "\x78\x20\x69\xc4\x81\x6e"},
    {0x929C, "\x78\x20\x69\xc3\xa1\x6e"},
    {0x929D, "\x78\x20\x69\xc5\xab"},
    {0x929E, "\x6a\x20\xc5\xab\x6e"},
    {0x929F, "\x63\x68\x20\xc4\x81"},
    {0x92A0, "\x6c\x20\xc7\x8e\x6f"},
    {0x92A1, "\x6a\x20\xc3\xad"},
    {0x92A2, "\x70\x20\xc7\x90"},
    {0x92A3, "\x72\x20\xc3\xba"},
    {0x92A4, "\x6d\x20\xc7\x90"},
    {0x92A5, "\x79\x20\xc4\xab"},
    {0x92A6, "\x79\x20\xc4\xab\x6e"},
    {0x92A7, "\x67\x20\x75\xc4\x81\x6e\x67"},
    {0x92A8, "\xc7\x8e\x6e"},
    {0x92A9, "\x64\x20\x69\xc5\xab"},
    {0x92AA, "\x79\x20\xc7\x92\x75"},
    {0x92AB, "\x73\x20\xc3\xa8"},
    {0x92AC, "\x6b\x20\xc3\xa0\x6f"},
    {0x92AD, "\x71\x20\x69\xc3\xa1\x6e"},
    {0x92AE, "\x6c\x20\x75\xc3\xa1\x6e"},
    {0x92AF, "\x73\x20\xc4\xab"},
    {0x92B0, "\xc4\x81\x69"},
    {0x92B1, "\x64\x20\x69\xc3\xa0\x6f"},
    {0x92B2, "\x68\x20\xc3\xa0\x6e"},
    {0x92B3, "\x72\x20\x75\xc3\xac"},
    {0x92B4, "\x73\x68\x20\xc3\xac"},
    {0x92B5, "\x6b\x20\xc4\x93\x6e\x67"},
    {0x92B6, "\x71\x20\x69\xc3\xba"},
    {0x92B7, "\x78\x20\x69\xc4\x81\x6f"},
    {0x92B8, "\x7a\x68\x20\xc3\xa9"},
    {0x92B9, "\x78\x20\x69\xc3\xb9"},
    {0x92BA, "\x7a\x20\xc3\xa0\x6e\x67"},
    {0x92BB, "\x74\x20\xc3\xad"},
    {0x92BC, "\x63\x20\x75\xc3\xb2"},
    {0x92BD, "\x67\x20\x75\xc4\x81"},
    {0x92BE, "\x68\x20\xc3\xb2\x6e\x67"},
    {0x92BF, "\x7a\x68\x20\xc5\x8d\x6e\x67"},
    {0x92C0, "\x74\x20\xc5\x8d\x75"},
    {0x92C1, "\x6c\x20\xc7\x9a"},
    {0x92C2, "\x6d\x20\xc3\xa9\x69"},
    {0x92C3, "\x6c\x20\xc3\xa1\x6e\x67"},
    {0x92C4, "\x77\x20\xc3\xa0\x6e"},
    {0x92C5, "\x78\x20\xc4\xab\x6e"},
    {0x92C6, "\x79\x20\xc3\xba\x6e"},
    {0x92C7, "\x62\x20\xc3\xa8\x69"},
    {0x92C8, "\x77\x20\xc3\xb9"},
    {0x92C9, "\x73\x20\xc3\xb9"},
    {0x92CA, "\x79\x20\xc3\xb9"},
    {0x92CB, "\x63\x68\x20\xc3\xa1\x6e"},
    {0x92CC, "\x64\x20\xc3\xac\x6e\x67"},
    {0x92CD, "\x62\x20\xc3\xb3"},
    {0x92CE, "\x68\x20\xc3\xa0\x6e"},
    {0x92CF, "\x6a\x20\x69\xc3\xa1"},
    {0x92D0, "\x68\x20\xc3\xb3\x6e\x67"},
    {0x92D1, "\x63\x20\x75\xc4\x81\x6e"},
    {0x92D2, "\x66\x20\xc4\x93\x6e\x67"},
    {0x92D3, "\x63\x68\x20\xc4\x81\x6e"},
    {0x92D4, "\x77\x20\xc7\x8e\x6e"},
    {0x92D5, "\x7a\x68\x20\xc3\xac"},
    {0x92D6, "\x73\x20\xc4\xab"},
    {0x92D7, "\x78\x20\x75\xc4\x81\x6e"},
    {0x92D8, "\x68\x20\x75\xc3\xa1"},
    {0x92D9, "\x79\x20\xc7\x94"},
    {0x92DA, "\x74\x20\x69\xc3\xa1\x6f"},
    {0x92DB, "\x6b\x20\x75\xc3\xa0\x6e\x67"},
    {0x92DC, "\x7a\x68\x20\x75\xc3\xb3"},
    {0x92DD, "\x6c\x20\xc3\xbc\xc3\xa8"},
    {0x92DE, "\x78\x20\xc3\xad\x6e\x67"},
    {0x92DF, "\x71\x20\xc7\x90\x6e"},
    {0x92E0, "\x73\x68\x20\xc3\xa8\x6e"},
    {0x92E1, "\x68\x20\xc3\xa1\x6e"},
    {0x92E2, "\x6c\x20\xc3\xbc\xc3\xa8"},
    {0x92E3, "\x79\x20\xc3\xa9"},
    {0x92E4, "\x63\x68\x20\xc3\xba"},
    {0x92E5, "\x7a\x20\xc3\xa8\x6e\x67"},
    {0x92E6, "\x6a\x20\xc5\xab"},
    {0x92E7, "\x78\x20\x69\xc3\xa0\x6e"},
    {0x92E8, "\xc3\xa9"},
    {0x92E9, "\x6d\x20\xc3\xa1\x6e\x67"},
    {0x92EA, "\x70\x20\xc3\xb9"},
    {0x92EB, "\x6c\x20\xc3\xad"},
    {0x92EC, "\x70\x20\xc3\xa0\x6e"},
    {0x92ED, "\x72\x20\x75\xc3\xac"},
    {0x92EE, "\x63\x68\x20\xc3\xa9\x6e\x67"},
    {0x92EF, "\x67\x20\xc3\xa0\x6f"},
    {0x92F0, "\x6c\x20\xc7\x90"},
    {0x92F1, "\x74\x20\xc3\xa8"},
    {0x92F2, "\x62\x20\xc4\xab\x6e\x67"},
    {0x92F3, "\x7a\x68\x20\xc3\xb9"},
    {0x92F4, "\x7a\x68\x20\xc3\xa8\x6e"},
    {0x92F5, "\x74\x20\xc5\xab"},
    {0x92F6, "\x6c\x20\x69\xc7\x94"},
    {0x92F7, "\x7a\x20\x75\xc3\xac"},
    {0x92F8, "\x6a\x20\xc3\xb9"},
    {0x92F9, "\x63\x68\x20\xc7\x8e\x6e\x67"},
    {0x92FA, "\x79\x20\x75\xc7\x8e\x6e"},
    {0x92FB, "\x6a\x20\x69\xc3\xa0\x6e"},
    {0x92FC, "\x67\x20\xc4\x81\x6e\x67"},
    {0x92FD, "\x64\x20\x69\xc3\xa0\x6f"},
    {0x92FE, "\x74\x20\xc3\xa1\x6f"},
    {0x92FF, "\x63\x68\x20\xc3\xa1\x6e\x67"},
    {0x9300, "\x6c\x20\xc3\xba\x6e"},
    {0x9301, "\x67\x20\x75\xc7\x92"},
    {0x9302, "\x6c\x20\xc3\xad\x6e\x67"},
    {0x9303, "\x70\x20\xc4\xab"},
    {0x9304, "\x6c\x20\xc3\xb9"},
    {0x9305, "\x6c\x20\xc3\xad"},
    {0x9306, "\x71\x20\x69\xc4\x81\x6e\x67"},
    {0x9307, "\x70\x20\xc3\xb3\x75"},
    {0x9308, "\x6a\x20\x75\xc7\x8e\x6e"},
    {0x9309, "\x6d\x20\xc3\xad\x6e"},
    {0x930A, "\x7a\x20\x75\xc3\xac"},
    {0x930B, "\x70\x20\xc3\xa9\x6e\x67"},
    {0x930C, "\xc3\xa0\x6e"},
    {0x930D, "\x70\x20\xc4\xab"},
    {0x930E, "\x78\x20\x69\xc3\xa0\x6e"},
    {0x930F, "\x79\x20\xc4\x81"},
    {0x9310, "\x7a\x68\x20\x75\xc4\xab"},
    {0x9311, "\x6c\x20\xc3\xa8\x69"},
    {0x9312, "\xc4\x81"},
    {0x9313, "\x6b\x20\xc5\x8d\x6e\x67"},
    {0x9314, "\x74\x20\xc3\xa0"},
    {0x9315, "\x6b\x20\xc5\xab\x6e"},
    {0x9316, "\x64\x20\xc3\xba"},
    {0x9317, "\x6e\x20\xc3\xa8\x69"},
    {0x9318, "\x63\x68\x20\x75\xc3\xad"},
    {0x9319, "\x7a\x20\xc4\xab"},
    {0x931A, "\x7a\x68\x20\xc4\x93\x6e\x67"},
    {0x931B, "\x62\x20\xc4\x93\x6e"},
    {0x931C, "\x6e\x20\x69\xc3\xa8"},
    {0x931D, "\x7a\x20\xc3\xb2\x6e\x67"},
    {0x931E, "\x63\x68\x20\xc3\xba\x6e"},
    {0x931F, "\x74\x20\xc3\xa1\x6e"},
    {0x9320, "\x64\x20\xc3\xac\x6e\x67"},
    {0x9321, "\x71\x20\xc3\xad"},
    {0x9322, "\x71\x20\x69\xc3\xa1\x6e"},
    {0x9323, "\x7a\x68\x20\x75\xc3\xac"},
    {0x9324, "\x6a\x20\xc4\xab"},
    {0x9325, "\x79\x20\xc3\xb9"},
    {0x9326, "\x6a\x20\xc7\x90\x6e"},
    {0x9327, "\x67\x20\x75\xc7\x8e\x6e"},
    {0x9328, "\x6d\x20\xc3\xa1\x6f"},
    {0x9329, "\x63\x68\x20\xc4\x81\x6e\x67"},
    {0x932A, "\x74\x20\x69\xc7\x8e\x6e"},
    {0x932B, "\x78\x20\xc4\xab"},
    {0x932C, "\x6c\x20\x69\xc3\xa0\x6e"},
    {0x932D, "\x74\x20\xc3\xa1\x6f"},
    {0x932E, "\x67\x20\xc3\xb9"},
    {0x932F, "\x63\x20\x75\xc3\xb2"},
    {0x9330, "\x73\x68\x20\xc3\xb9"},
    {0x9331, "\x7a\x68\x20\xc4\x93\x6e"},
    {0x9332, "\x6c\x20\xc3\xb9"},
    {0x9333, "\x6d\x20\xc4\x9b\x6e\x67"},
    {0x9334, "\x6c\x20\xc3\xb9"},
    {0x9335, "\x68\x20\x75\xc4\x81"},
    {0x9336, "\x62\x20\x69\xc7\x8e\x6f"},
    {0x9337, "\x67\x20\xc3\xa1"},
    {0x9338, "\x6c\x20\xc3\xa1\x69"},
    {0x9339, "\x6b\x20\xc4\x9b\x6e"},
    {0x933A, "\x66\x20\xc4\x81\x6e\x67"},
    {0x933B, "\x77\x20\x75"},
    {0x933C, "\x6e\x20\xc3\xa0\x69"},
    {0x933D, "\x77\x20\xc3\xa0\x6e"},
    {0x933E, "\x7a\x20\xc3\xa0\x6e"},
    {0x933F, "\x68\x20\xc7\x94"},
    {0x9340, "\x64\x20\xc3\xa9"},
    {0x9341, "\x78\x20\x69\xc4\x81\x6e"},
    {0x9342, "\x70\x20\x69\xc4\x81\x6e"},
    {0x9343, "\x68\x20\x75\xc5\x8d"},
    {0x9344, "\x6c\x20\x69\xc3\xa0\x6e\x67"},
    {0x9345, "\x66\x20\xc7\x8e"},
    {0x9346, "\x6d\x20\xc3\xa9\x6e"},
    {0x9347, "\x6b\x20\xc7\x8e\x69"},
    {0x9348, "\x79\x20\xc4\xab\x6e\x67"},
    {0x9349, "\x64\x20\xc4\xab"},
    {0x934A, "\x6c\x20\x69\xc3\xa0\x6e"},
    {0x934B, "\x67\x20\x75\xc5\x8d"},
    {0x934C, "\x78\x20\x69\xc7\x8e\x6e"},
    {0x934D, "\x64\x20\xc3\xb9"},
    {0x934E, "\x74\x20\xc3\xba"},
    {0x934F, "\x77\x20\xc3\xa9\x69"},
    {0x9350, "\x7a\x20\xc5\x8d\x6e\x67"},
    {0x9351, "\x66\x20\xc3\xb9"},
    {0x9352, "\x72\x20\xc3\xb3\x75"},
    {0x9353, "\x6a\x20\xc3\xad"},
    {0x9354, "\xc3\xa8"},
    {0x9355, "\x6a\x20\xc5\xab\x6e"},
    {0x9356, "\x63\x68\x20\xc4\x9b\x6e"},
    {0x9357, "\x74\x20\xc3\xad"},
    {0x9358, "\x7a\x68\x20\xc3\xa1"},
    {0x9359, "\x68\x20\xc3\xb9"},
    {0x935A, "\x79\x20\xc3\xa1\x6e\x67"},
    {0x935B, "\x64\x20\x75\xc3\xa0\x6e"},
    {0x935C, "\x78\x20\x69\xc3\xa1"},
    {0x935D, "\x79\x20\xc3\xba"},
    {0x935E, "\x6b\x20\xc4\x93\x6e\x67"},
    {0x935F, "\x73\x68\x20\xc4\x93\x6e\x67"},
    {0x9360, "\x68\x20\x75\xc3\xa1\x6e\x67"},
    {0x9361, "\x77\x20\xc4\x9b\x69"},
    {0x9362, "\x66\x20\xc3\xb9"},
    {0x9363, "\x7a\x68\x20\xc4\x81\x6f"},
    {0x9364, "\x63\x68\x20\xc4\x81"},
    {0x9365, "\x71\x20\x69\xc3\xa8"},
    {0x9366, "\x73\x68\x20\xc4\xab"},
    {0x9367, "\x68\x20\xc5\x8d\x6e\x67"},
    {0x9368, "\x6b\x20\x75\xc3\xad"},
    {0x9369, "\x74\x20\x69\xc7\x8e\x6e"},
    {0x936A, "\x6d\x20\xc3\xb3\x75"},
    {0x936B, "\x71\x20\x69\xc4\x81\x6f"},
    {0x936C, "\x71\x20\x69\xc4\x81\x6f"},
    {0x936D, "\x68\x20\xc3\xb3\x75"},
    {0x936E, "\x74\x20\xc5\x8d\x75"},
    {0x936F, "\x63\x20\xc5\x8d\x6e\x67"},
    {0x9370, "\x68\x20\x75\xc3\xa1\x6e"},
    {0x9371, "\x79\x20\xc3\xa8"},
    {0x9372, "\x6d\x20\xc3\xad\x6e"},
    {0x9373, "\x6a\x20\x69\xc3\xa0\x6e"},
    {0x9374, "\x64\x20\x75\xc4\x81\x6e"},
    {0x9375, "\x6a\x20\x69\xc3\xa0\x6e"},
    {0x9376, "\x73\x20\xc5\x8d\x6e\x67"},
    {0x9377, "\x6b\x20\x75\xc3\xad"},
    {0x9378, "\x68\x20\xc3\xba"},
    {0x9379, "\x78\x20\x75\xc4\x81\x6e"},
    {0x937A, "\x7a\x68\x20\xc4\x9b"},
    {0x937B, "\x6a\x20\x69\xc3\xa9"},
    {0x937C, "\x7a\x68\x20\xc4\x93\x6e"},
    {0x937D, "\x62\x20\x69\xc4\x81\x6e"},
    {0x937E, "\x7a\x68\x20\xc5\x8d\x6e\x67"},
    {0x937F, "\x7a\x20\xc4\xab"},
    {0x9380, "\x78\x20\x69\xc5\xab"},
    {0x9381, "\x79\x20\xc3\xa9"},
    {0x9382, "\x6d\x20\xc4\x9b\x69"},
    {0x9383, "\x70\x20\xc3\xa0\x69"},
    {0x9384, "\xc4\x81\x69"},
    {0x9385, "\x6a\x20\x69\xc3\xa8"},
    {0x9386, "\x71\x20\x69\x61\x6e"},
    {0x9387, "\x6d\x20\xc3\xa9\x69"},
    {0x9388, "\x73\x20\x75\xc7\x92"},
    {0x9389, "\x64\x20\xc3\xa1"},
    {0x938A, "\x62\x20\xc3\xa0\x6e\x67"},
    {0x938B, "\x78\x20\x69\xc3\xa1"},
    {0x938C, "\x6c\x20\x69\xc3\xa1\x6e"},
    {0x938D, "\x73\x20\x75\xc7\x92"},
    {0x938E, "\x6b\x20\xc3\xa0\x69"},
    {0x938F, "\x6c\x20\x69\xc3\xba"},
    {0x9390, "\x79\x20\xc3\xa1\x6f"},
    {0x9391, "\x79\x20\xc3\xa8"},
    {0x9392, "\x6e\x20\xc3\xb2\x75"},
    {0x9393, "\x77\x20\xc4\x93\x6e\x67"},
    {0x9394, "\x72\x20\xc3\xb3\x6e\x67"},
    {0x9395, "\x74\x20\xc3\xa1\x6e\x67"},
    {0x9396, "\x73\x20\x75\xc7\x92"},
    {0x9397, "\x71\x20\x69\xc4\x81\x6e\x67"},
    {0x9398, "\x6c\x20\xc3\xac"},
    {0x9399, "\x73\x68\x20\x75\xc3\xb2"},
    {0x939A, "\x63\x68\x20\x75\xc3\xad"},
    {0x939B, "\x62\x20\xc3\xb3"},
    {0x939C, "\x70\x20\xc3\xa1\x6e"},
    {0x939D, "\x64\x20\xc4\x81"},
    {0x939E, "\x62\x20\xc4\xab"},
    {0x939F, "\x73\x20\xc7\x8e\x6e\x67"},
    {0x93A0, "\x67\x20\xc4\x81\x6e\x67"},
    {0x93A1, "\x7a\x20\xc4\xab"},
    {0x93A2, "\x77\x20\xc5\xab"},
    {0x93A3, "\x79\x20\xc3\xad\x6e\x67"},
    {0x93A4, "\x68\x20\x75\xc3\xa0\x6e\x67"},
    {0x93A5, "\x74\x20\x69\xc3\xa1\x6f"},
    {0x93A6, "\x6c\x20\x69\xc3\xba"},
    {0x93A7, "\x6b\x20\xc7\x8e\x69"},
    {0x93A8, "\x73\x20\xc7\x94\x6e"},
    {0x93A9, "\x73\x68\x20\xc4\x81"},
    {0x93AA, "\x73\x20\xc5\x8d\x75"},
    {0x93AB, "\x77\x20\xc3\xa0\x6e"},
    {0x93AC, "\x68\x20\xc3\xa0\x6f"},
    {0x93AD, "\x7a\x68\x20\xc3\xa8\x6e"},
    {0x93AE, "\x7a\x68\x20\xc3\xa8\x6e"},
    {0x93AF, "\x6c\x20\xc3\xa1\x6e\x67"},
    {0x93B0, "\x79\x20\xc3\xac"},
    {0x93B1, "\x79\x20\x75\xc3\xa1\x6e"},
    {0x93B2, "\x74\x20\xc7\x8e\x6e\x67"},
    {0x93B3, "\x6e\x20\x69\xc3\xa8"},
    {0x93B4, "\x78\x20\xc3\xad"},
    {0x93B5, "\x6a\x20\x69\xc4\x81"},
    {0x93B6, "\x67\x20\xc4\x93"},
    {0x93B7, "\x6d\x20\xc7\x8e"},
    {0x93B8, "\x6a\x20\x75\xc4\x81\x6e"},
    {0x93B9, "\x73\x20\xc3\xb2\x6e\x67"},
    {0x93BA, "\x7a\x20\xc7\x94"},
    {0x93BB, "\x73\x20\x75\xc7\x92"},
    {0x93BC, "\x78\x20\x69\xc3\xa0"},
    {0x93BD, "\x66\x20\xc4\x93\x6e\x67"},
    {0x93BE, "\x77\x20\xc4\x93\x6e"},
    {0x93BF, "\x6e\x20\xc3\xa1"},
    {0x93C0, "\x6c\x20\xc7\x94"},
    {0x93C1, "\x73\x20\x75\xc7\x92"},
    {0x93C2, "\xc5\x8d\x75"},
    {0x93C3, "\x7a\x20\xc3\xba"},
    {0x93C4, "\x74\x20\x75\xc3\xa1\x6e"},
    {0x93C5, "\x78\x20\x69\xc5\xab"},
    {0x93C6, "\x67\x20\x75\xc3\xa0\x6e"},
    {0x93C7, "\x78\x20\x75\xc3\xa0\x6e"},
    {0x93C8, "\x6c\x20\x69\xc3\xa0\x6e"},
    {0x93C9, "\x73\x68\x20\xc3\xb2\x75"},
    {0x93CA, "\xc3\xa0\x6f"},
    {0x93CB, "\x6d\x20\xc7\x8e\x6e"},
    {0x93CC, "\x6d\x20\xc3\xb2"},
    {0x93CD, "\x6c\x20\x75\xc3\xb3"},
    {0x93CE, "\x62\x20\xc3\xac"},
    {0x93CF, "\x77\x20\xc3\xa8\x69"},
    {0x93D0, "\x6c\x20\x69\xc3\xba"},
    {0x93D1, "\x64\x20\xc3\xad"},
    {0x93D2, "\x73\x20\xc7\x8e\x6e"},
    {0x93D3, "\x7a\x20\xc7\x92\x6e\x67"},
    {0x93D4, "\x79\x20\xc3\xad"},
    {0x93D5, "\x6c\x20\xc3\xb9"},
    {0x93D6, "\xc3\xa1\x6f"},
    {0x93D7, "\x6b\x20\xc4\x93\x6e\x67"},
    {0x93D8, "\x71\x20\x69\xc4\x81\x6e\x67"},
    {0x93D9, "\x63\x20\x75\xc4\xab"},
    {0x93DA, "\x71\x20\xc4\xab"},
    {0x93DB, "\x63\x68\x20\xc3\xa1\x6e\x67"},
    {0x93DC, "\x74\x20\xc4\x81\x6e\x67"},
    {0x93DD, "\x6d\x20\xc3\xa0\x6e"},
    {0x93DE, "\x79\x20\xc5\x8d\x6e\x67"},
    {0x93DF, "\x63\x68\x20\xc7\x8e\x6e"},
    {0x93E0, "\x66\x20\xc4\x93\x6e\x67"},
    {0x93E1, "\x6a\x20\xc3\xac\x6e\x67"},
    {0x93E2, "\x62\x20\x69\xc4\x81\x6f"},
    {0x93E3, "\x73\x68\x20\xc3\xb9"},
    {0x93E4, "\x6c\x20\xc3\xb2\x75"},
    {0x93E5, "\x78\x20\x69\xc3\xb9"},
    {0x93E6, "\x63\x20\xc5\x8d\x6e\x67"},
    {0x93E7, "\x6c\x20\xc3\xb3\x6e\x67"},
    {0x93E8, "\x7a\x20\xc3\xa0\x6e"},
    {0x93E9, "\x6a\x20\x69\xc3\xa0\x6e"},
    {0x93EA, "\x63\x20\xc3\xa1\x6f"},
    {0x93EB, "\x6c\x20\xc3\xad"},
    {0x93EC, "\x78\x20\x69\xc3\xa0"},
    {0x93ED, "\x78\x20\xc4\xab"},
    {0x93EE, "\x6b\x20\xc4\x81\x6e\x67"},
    {0x93EF, "\x73\x68\x20\x75\xc7\x8e\x6e\x67"},
    {0x93F0, "\x62\x20\xc3\xa8\x6e\x67"},
    {0x93F1, "\x7a\x68\x20\x61\x6e\x67"},
    {0x93F2, "\x71\x20\x69\x61\x6e"},
    {0x93F3, "\x63\x68\x20\xc4\x93\x6e\x67"},
    {0x93F4, "\x6c\x20\xc3\xb9"},
    {0x93F5, "\x68\x20\x75\xc3\xa1"},
    {0x93F6, "\x6a\x20\xc3\xad"},
    {0x93F7, "\x70\x20\xc3\xba"},
    {0x93F8, "\x68\x20\x75\xc3\xac"},
    {0x93F9, "\x71\x20\x69\xc7\x8e\x6e\x67"},
    {0x93FA, "\x70\x20\xc5\x8d"},
    {0x93FB, "\x6c\x20\xc3\xad\x6e"},
    {0x93FC, "\x73\x20\xc3\xa8"},
    {0x93FD, "\x78\x20\x69\xc3\xb9"},
    {0x93FE, "\x73\x20\xc7\x8e\x6e"},
    {0x93FF, "\x63\x68\x20\xc4\x93\x6e\x67"},
    {0x9400, "\x6b\x20\x75\xc3\xac"},
    {0x9401, "\x73\x20\xc4\xab"},
    {0x9402, "\x6c\x20\x69\xc3\xba"},
    {0x9403, "\x6e\x20\xc3\xa1\x6f"},
    {0x9404, "\x68\x20\x75\xc3\xa1\x6e\x67"},
    {0x9405, "\x70\x20\x69\xc4\x9b"},
    {0x9406, "\x73\x20\x75\xc3\xac"},
    {0x9407, "\x66\x20\xc3\xa1\x6e"},
    {0x9408, "\x71\x20\x69\xc3\xa1\x6f"},
    {0x9409, "\x71\x20\x75\xc4\x81\x6e"},
    {0x940A, "\x79\x20\xc3\xa1\x6e\x67"},
    {0x940B, "\x74\x20\xc4\x81\x6e\x67"},
    {0x940C, "\x78\x20\x69\xc3\xa0\x6e\x67"},
    {0x940D, "\x6a\x20\x75\xc3\xa9"},
    {0x940E, "\x6a\x20\x69\xc4\x81\x6f"},
    {0x940F, "\x7a\x20\xc5\xab\x6e"},
    {0x9410, "\x6c\x20\x69\xc3\xa1\x6f"},
    {0x9411, "\x71\x20\x69\xc3\xa8"},
    {0x9412, "\x6c\x20\xc3\xa1\x6f"},
    {0x9413, "\x64\x20\x75\xc3\xac"},
    {0x9414, "\x78\x20\xc3\xad\x6e"},
    {0x9415, "\x7a\x20\xc4\x81\x6e"},
    {0x9416, "\x6a\x20\xc4\xab"},
    {0x9417, "\x6a\x20\x69\xc7\x8e\x6e"},
    {0x9418, "\x7a\x68\x20\xc5\x8d\x6e\x67"},
    {0x9419, "\x64\x20\xc3\xa8\x6e\x67"},
    {0x941A, "\x79\x20\xc4\x81"},
    {0x941B, "\x79\x20\xc7\x90\x6e\x67"},
    {0x941C, "\x64\x20\x75\xc4\xab"},
    {0x941D, "\x6a\x20\x75\xc3\xa9"},
    {0x941E, "\x6e\x20\xc3\xb2\x75"},
    {0x941F, "\x7a\x20\xc4\x81\x6e"},
    {0x9420, "\x70\x20\xc7\x94"},
    {0x9421, "\x74\x20\x69\xc4\x9b"},
    {0x9422, "\x66\x20\xc3\xa1\x6e"},
    {0x9423, "\x63\x68\x20\xc4\x93\x6e\x67"},
    {0x9424, "\x64\x20\xc7\x90\x6e\x67"},
    {0x9425, "\x73\x68\x20\xc3\xa0\x6e"},
    {0x9426, "\x6b\x20\xc4\x81\x69"},
    {0x9427, "\x6a\x20\x69\xc4\x81\x6e"},
    {0x9428, "\x66\x20\xc3\xa8\x69"},
    {0x9429, "\x73\x20\x75\xc3\xac"},
    {0x942A, "\x6c\x20\xc7\x94"},
    {0x942B, "\x6a\x20\x75\xc4\x81\x6e"},
    {0x942C, "\x68\x20\x75\xc3\xac"},
    {0x942D, "\x79\x20\xc3\xb9"},
    {0x942E, "\x6c\x20\x69\xc3\xa1\x6e"},
    {0x942F, "\x7a\x68\x20\x75\xc3\xb3"},
    {0x9430, "\x71\x20\x69\xc4\x81\x6f"},
    {0x9431, "\x6a\x20\x69\xc3\xa0\x6e"},
    {0x9432, "\x7a\x68\x20\x75\xc3\xb3"},
    {0x9433, "\x6c\x20\xc3\xa9\x69"},
    {0x9434, "\x62\x20\xc3\xac"},
    {0x9435, "\x74\x20\x69\xc4\x9b"},
    {0x9436, "\x68\x20\x75\xc3\xa1\x6e"},
    {0x9437, "\x79\x20\xc3\xa8"},
    {0x9438, "\x64\x20\x75\xc3\xb3"},
    {0x9439, "\x67\x20\x75\xc7\x92"},
    {0x943A, "\x64\x20\xc4\x81\x6e\x67"},
    {0x943B, "\x6a\x20\xc3\xb9"},
    {0x943C, "\x66\x20\xc3\xa9\x6e"},
    {0x943D, "\x64\x20\xc3\xa1"},
    {0x943E, "\x62\x20\xc3\xa8\x69"},
    {0x943F, "\x79\x20\xc3\xac"},
    {0x9440, "\xc3\xa0\x69"},
    {0x9441, "\x7a\x20\xc5\x8d\x6e\x67"},
    {0x9442, "\x78\x20\xc3\xb9\x6e"},
    {0x9443, "\x64\x20\x69\xc3\xa0\x6f"},
    {0x9444, "\x7a\x68\x20\xc3\xb9"},
    {0x9445, "\x68\x20\xc3\xa9\x6e\x67"},
    {0x9446, "\x7a\x68\x20\x75\xc3\xac"},
    {0x9447, "\x6a\x20\xc4\xab"},
    {0x9448, "\x6e\x20\x69\xc3\xa8"},
    {0x9449, "\x68\x20\xc3\xa9"},
    {0x944A, "\x68\x20\x75\xc3\xb2"},
    {0x944B, "\x71\x20\xc4\xab\x6e\x67"},
    {0x944C, "\x62\x20\xc4\xab\x6e"},
    {0x944D, "\x79\x20\xc4\xab\x6e\x67"},
    {0x944E, "\x6b\x20\x75\xc3\xac"},
    {0x944F, "\x6e\x20\xc3\xad\x6e\x67"},
    {0x9450, "\x78\x20\xc5\xab"},
    {0x9451, "\x6a\x20\x69\xc3\xa0\x6e"},
    {0x9452, "\x6a\x20\x69\xc3\xa0\x6e"},
    {0x9453, "\x71\x20\x69\xc7\x8e\x6e"},
    {0x9454, "\x63\x68\x20\xc7\x8e"},
    {0x9455, "\x7a\x68\x20\xc3\xac"},
    {0x9456, "\x6d\x20\x69\xc3\xa8"},
    {0x9457, "\x6c\x20\xc3\xad"},
    {0x9458, "\x6c\x20\xc3\xa9\x69"},
    {0x9459, "\x6a\x20\xc4\xab"},
    {0x945A, "\x7a\x20\x75\xc3\xa0\x6e"},
    {0x945B, "\x6b\x20\x75\xc3\xa0\x6e\x67"},
    {0x945C, "\x73\x68\x20\xc7\x8e\x6e\x67"},
    {0x945D, "\x70\x20\xc3\xa9\x6e\x67"},
    {0x945E, "\x6c\x20\xc3\xa0"},
    {0x945F, "\x64\x20\xc3\xba"},
    {0x9460, "\x73\x68\x20\x75\xc3\xb2"},
    {0x9461, "\x63\x68\x20\x75\xc3\xb2"},
    {0x9462, "\x6c\x20\xc7\x9c"},
    {0x9463, "\x62\x20\x69\xc4\x81\x6f"},
    {0x9464, "\x62\x20\xc3\xa0\x6f"},
    {0x9465, "\x6c\x20\xc7\x94"},
    {0x9466, "\x78\x20\x69\x61\x6e"},
    {0x9467, "\x6b\x20\x75\xc4\x81\x6e"},
    {0x9468, "\x6c\x20\xc3\xb3\x6e\x67"},
    {0x9469, "\xc3\xa8"},
    {0x946A, "\x6c\x20\xc3\xba"},
    {0x946B, "\x78\x20\xc4\xab\x6e"},
    {0x946C, "\x6a\x20\x69\xc3\xa0\x6e"},
    {0x946D, "\x6c\x20\xc3\xa0\x6e"},
    {0x946E, "\x62\x20\xc3\xb3"},
    {0x946F, "\x6a\x20\x69\xc4\x81\x6e"},
    {0x9470, "\x79\x20\xc3\xa0\x6f"},
    {0x9471, "\x63\x68\x20\xc3\xa1\x6e"},
    {0x9472, "\x78\x20\x69\xc4\x81\x6e\x67"},
    {0x9473, "\x6a\x20\x69\xc3\xa0\x6e"},
    {0x9474, "\x78\x20\xc4\xab"},
    {0x9475, "\x67\x20\x75\xc3\xa0\x6e"},
    {0x9476, "\x63\x20\xc3\xa1\x6e\x67"},
    {0x9477, "\x6e\x20\x69\xc3\xa8"},
    {0x9478, "\x6c\x20\xc4\x9b\x69"},
    {0x9479, "\x63\x20\x75\xc4\x81\x6e"},
    {0x947A, "\x71\x20\xc3\xba"},
    {0x947B, "\x70\x20\xc3\xa0\x6e"},
    {0x947C, "\x6c\x20\x75\xc3\xb3"},
    {0x947D, "\x7a\x20\x75\xc4\x81\x6e"},
    {0x947E, "\x6c\x20\x75\xc3\xa1\x6e"},
    {0x947F, "\x7a\x20\xc3\xa1\x6f"},
    {0x9480, "\x6e\x20\x69\xc3\xa8"},
    {0x9481, "\x6a\x20\x75\xc3\xa9"},
    {0x9482, "\x74\x20\xc7\x8e\x6e\x67"},
    {0x9483, "\x7a\x68\x20\xc3\xba"},
    {0x9484, "\x6c\x20\xc3\xa1\x6e"},
    {0x9485, "\x6a\x20\xc4\xab\x6e"},
    {0x9486, "\x67\x20\xc3\xa1"},
    {0x9487, "\x79\x20\xc7\x90"},
    {0x9488, "\x7a\x68\x20\xc4\x93\x6e"},
    {0x9489, "\x64\x20\xc4\xab\x6e\x67"},
    {0x948A, "\x7a\x68\x20\xc4\x81\x6f"},
    {0x948B, "\x70\x20\xc5\x8d"},
    {0x948C, "\x6c\x20\x69\xc7\x8e\x6f"},
    {0x948D, "\x74\x20\xc7\x94"},
    {0x948E, "\x71\x20\x69\xc4\x81\x6e"},
    {0x948F, "\x63\x68\x20\x75\xc3\xa0\x6e"},
    {0x9490, "\x73\x68\x20\xc4\x81\x6e"},
    {0x9491, "\x73\x20\xc3\xa0"},
    {0x9492, "\x66\x20\xc3\xa1\x6e"},
    {0x9493, "\x64\x20\x69\xc3\xa0\x6f"},
    {0x9494, "\x6d\x20\xc3\xa9\x6e"},
    {0x9495, "\x6e\x20\xc7\x9a"},
    {0x9496, "\x79\x20\xc3\xa1\x6e\x67"},
    {0x9497, "\x63\x68\x20\xc4\x81\x69"},
    {0x9498, "\x78\x20\xc3\xad\x6e\x67"},
    {0x9499, "\x67\x20\xc3\xa0\x69"},
    {0x949A, "\x62\x20\xc3\xb9"},
    {0x949B, "\x74\x20\xc3\xa0\x69"},
    {0x949C, "\x6a\x20\xc3\xb9"},
    {0x949D, "\x64\x20\xc3\xb9\x6e"},
    {0x949E, "\x63\x68\x20\xc4\x81\x6f"},
    {0x949F, "\x7a\x68\x20\xc5\x8d\x6e\x67"},
    {0x94A0, "\x6e\x20\xc3\xa0"},
    {0x94A1, "\x62\x20\xc3\xa8\x69"},
    {0x94A2, "\x67\x20\xc4\x81\x6e\x67"},
    {0x94A3, "\x62\x20\xc7\x8e\x6e"},
    {0x94A4, "\x71\x20\x69\xc3\xa1\x6e"},
    {0x94A5, "\x79\x20\xc3\xa0\x6f"},
    {0x94A6, "\x71\x20\xc4\xab\x6e"},
    {0x94A7, "\x6a\x20\xc5\xab\x6e"},
    {0x94A8, "\x77\x20\xc5\xab"},
    {0x94A9, "\x67\x20\xc5\x8d\x75"},
    {0x94AA, "\x6b\x20\xc3\xa0\x6e\x67"},
    {0x94AB, "\x66\x20\xc4\x81\x6e\x67"},
    {0x94AC, "\x68\x20\x75\xc7\x92"},
    {0x94AD, "\x74\x20\xc7\x92\x75"},
    {0x94AE, "\x6e\x20\x69\xc7\x94"},
    {0x94AF, "\x62\x20\xc7\x8e"},
    {0x94B0, "\x79\x20\xc3\xb9"},
    {0x94B1, "\x71\x20\x69\xc3\xa1\x6e"},
    {0x94B2, "\x7a\x68\x20\xc4\x93\x6e\x67"},
    {0x94B3, "\x71\x20\x69\xc3\xa1\x6e"},
    {0x94B4, "\x67\x20\xc7\x94"},
    {0x94B5, "\x62\x20\xc5\x8d"},
    {0x94B6, "\x6b\x20\xc4\x93"},
    {0x94B7, "\x70\x20\xc7\x92"},
    {0x94B8, "\x62\x20\xc5\xab"},
    {0x94B9, "\x62\x20\xc3\xb3"},
    {0x94BA, "\x79\x20\x75\xc3\xa8"},
    {0x94BB, "\x7a\x20\x75\xc4\x81\x6e"},
    {0x94BC, "\x6d\x20\xc3\xb9"},
    {0x94BD, "\x74\x20\xc7\x8e\x6e"},
    {0x94BE, "\x6a\x20\x69\xc7\x8e"},
    {0x94BF, "\x64\x20\x69\xc3\xa0\x6e"},
    {0x94C0, "\x79\x20\xc3\xb3\x75"},
    {0x94C1, "\x74\x20\x69\xc4\x9b"},
    {0x94C2, "\x62\x20\xc3\xb3"},
    {0x94C3, "\x6c\x20\xc3\xad\x6e\x67"},
    {0x94C4, "\x73\x68\x20\x75\xc3\xb2"},
    {0x94C5, "\x71\x20\x69\xc4\x81\x6e"},
    {0x94C6, "\x6d\x20\xc7\x8e\x6f"},
    {0x94C7, "\x62\x20\xc3\xa0\x6f"},
    {0x94C8, "\x73\x68\x20\xc3\xac"},
    {0x94C9, "\x78\x20\x75\xc3\xa0\x6e"},
    {0x94CA, "\x74\x20\xc4\x81"},
    {0x94CB, "\x62\x20\xc3\xac"},
    {0x94CC, "\x6e\x20\xc3\xad"},
    {0x94CD, "\x70\x20\xc4\xab"},
    {0x94CE, "\x64\x20\x75\xc3\xb3"},
    {0x94CF, "\x78\x20\xc3\xad\x6e\x67"},
    {0x94D0, "\x6b\x20\xc3\xa0\x6f"},
    {0x94D1, "\x6c\x20\xc7\x8e\x6f"},
    {0x94D2, "\xc4\x9b\x72"},
    {0x94D3, "\x6d\x20\xc3\xa1\x6e\x67"},
    {0x94D4, "\x79\x20\xc4\x81"},
    {0x94D5, "\x79\x20\xc7\x92\x75"},
    {0x94D6, "\x63\x68\x20\xc3\xa9\x6e\x67"},
    {0x94D7, "\x6a\x20\x69\xc3\xa1"},
    {0x94D8, "\x79\x20\xc3\xa9"},
    {0x94D9, "\x6e\x20\xc3\xa1\x6f"},
    {0x94DA, "\x7a\x68\x20\xc3\xac"},
    {0x94DB, "\x64\x20\xc4\x81\x6e\x67"},
    {0x94DC, "\x74\x20\xc3\xb3\x6e\x67"},
    {0x94DD, "\x6c\x20\xc7\x9a"},
    {0x94DE, "\x64\x20\x69\xc3\xa0\x6f"},
    {0x94DF, "\x79\x20\xc4\xab\x6e"},
    {0x94E0, "\x6b\x20\xc7\x8e\x69"},
    {0x94E1, "\x7a\x68\x20\xc3\xa1"},
    {0x94E2, "\x7a\x68\x20\xc5\xab"},
    {0x94E3, "\x78\x20\xc7\x90"},
    {0x94E4, "\x64\x20\xc3\xac\x6e\x67"},
    {0x94E5, "\x64\x20\x69\xc5\xab"},
    {0x94E6, "\x78\x20\x69\xc4\x81\x6e"},
    {0x94E7, "\x68\x20\x75\xc3\xa1"},
    {0x94E8, "\x71\x20\x75\xc3\xa1\x6e"},
    {0x94E9, "\x73\x68\x20\xc4\x81"},
    {0x94EA, "\x68\x20\xc4\x81"},
    {0x94EB, "\x64\x20\x69\xc3\xa0\x6f"},
    {0x94EC, "\x67\x20\xc3\xa8"},
    {0x94ED, "\x6d\x20\xc3\xad\x6e\x67"},
    {0x94EE, "\x7a\x68\x20\xc4\x93\x6e\x67"},
    {0x94EF, "\x73\x20\xc3\xa8"},
    {0x94F0, "\x6a\x20\x69\xc7\x8e\x6f"},
    {0x94F1, "\x79\x20\xc4\xab"},
    {0x94F2, "\x63\x68\x20\xc7\x8e\x6e"},
    {0x94F3, "\x63\x68\x20\xc3\xb2\x6e\x67"},
    {0x94F4, "\x74\x20\xc4\x81\x6e\x67"},
    {0x94F5, "\xc7\x8e\x6e"},
    {0x94F6, "\x79\x20\xc3\xad\x6e"},
    {0x94F7, "\x72\x20\xc3\xba"},
    {0x94F8, "\x7a\x68\x20\xc3\xb9"},
    {0x94F9, "\x6c\x20\xc3\xa1\x6f"},
    {0x94FA, "\x70\x20\xc3\xb9"},
    {0x94FB, "\x77\x20\xc3\xba"},
    {0x94FC, "\x6c\x20\xc3\xa1\x69"},
    {0x94FD, "\x74\x20\xc3\xa8"},
    {0x94FE, "\x6c\x20\x69\xc3\xa0\x6e"},
    {0x94FF, "\x6b\x20\xc4\x93\x6e\x67"},
    {0x9500, "\x78\x20\x69\xc4\x81\x6f"},
    {0x9501, "\x73\x20\x75\xc7\x92"},
    {0x9502, "\x6c\x20\xc7\x90"},
    {0x9503, "\x7a\x20\xc3\xa8\x6e\x67"},
    {0x9504, "\x63\x68\x20\xc3\xba"},
    {0x9505, "\x67\x20\x75\xc5\x8d"},
    {0x9506, "\x67\x20\xc3\xa0\x6f"},
    {0x9507, "\xc3\xa9"},
    {0x9508, "\x78\x20\x69\xc3\xb9"},
    {0x9509, "\x63\x20\x75\xc3\xb2"},
    {0x950A, "\x6c\x20\xc3\xbc\xc3\xa8"},
    {0x950B, "\x66\x20\xc4\x93\x6e\x67"},
    {0x950C, "\x78\x20\xc4\xab\x6e"},
    {0x950D, "\x6c\x20\x69\xc7\x94"},
    {0x950E, "\x6b\x20\xc4\x81\x69"},
    {0x950F, "\x6a\x20\x69\xc7\x8e\x6e"},
    {0x9510, "\x72\x20\x75\xc3\xac"},
    {0x9511, "\x74\x20\xc4\xab"},
    {0x9512, "\x6c\x20\xc3\xa1\x6e\x67"},
    {0x9513, "\x71\x20\xc7\x90\x6e"},
    {0x9514, "\x6a\x20\xc5\xab"},
    {0x9515, "\xc4\x81"},
    {0x9516, "\x71\x20\x69\xc4\x81\x6e\x67"},
    {0x9517, "\x7a\x68\x20\xc4\x9b"},
    {0x9518, "\x6e\x20\x75\xc3\xb2"},
    {0x9519, "\x63\x20\x75\xc3\xb2"},
    {0x951A, "\x6d\x20\xc3\xa1\x6f"},
    {0x951B, "\x62\x20\xc4\x93\x6e"},
    {0x951C, "\x71\x20\xc3\xad"},
    {0x951D, "\x64\x20\xc3\xa9"},
    {0x951E, "\x6b\x20\xc3\xa8"},
    {0x951F, "\x6b\x20\xc5\xab\x6e"},
    {0x9520, "\x63\x68\x20\xc4\x81\x6e\x67"},
    {0x9521, "\x78\x20\xc4\xab"},
    {0x9522, "\x67\x20\xc3\xb9"},
    {0x9523, "\x6c\x20\x75\xc3\xb3"},
    {0x9524, "\x63\x68\x20\x75\xc3\xad"},
    {0x9525, "\x7a\x68\x20\x75\xc4\xab"},
    {0x9526, "\x6a\x20\xc7\x90\x6e"},
    {0x9527, "\x7a\x68\x20\xc3\xac"},
    {0x9528, "\x78\x20\x69\xc4\x81\x6e"},
    {0x9529, "\x6a\x20\x75\xc7\x8e\x6e"},
    {0x952A, "\x68\x20\x75\xc5\x8d"},
    {0x952B, "\x70\x20\xc3\xa9\x69"},
    {0x952C, "\x74\x20\xc3\xa1\x6e"},
    {0x952D, "\x64\x20\xc3\xac\x6e\x67"},
    {0x952E, "\x6a\x20\x69\xc3\xa0\x6e"},
    {0x952F, "\x6a\x20\xc3\xb9"},
    {0x9530, "\x6d\x20\xc4\x9b\x6e\x67"},
    {0x9531, "\x7a\x20\xc4\xab"},
    {0x9532, "\x71\x20\x69\xc3\xa8"},
    {0x9533, "\x79\x20\xc4\xab\x6e\x67"},
    {0x9534, "\x6b\x20\xc7\x8e\x69"},
    {0x9535, "\x71\x20\x69\xc4\x81\x6e\x67"},
    {0x9536, "\x73\x20\xc4\xab"},
    {0x9537, "\xc3\xa8"},
    {0x9538, "\x63\x68\x20\xc4\x81"},
    {0x9539, "\x71\x20\x69\xc4\x81\x6f"},
    {0x953A, "\x7a\x68\x20\xc5\x8d\x6e\x67"},
    {0x953B, "\x64\x20\x75\xc3\xa0\x6e"},
    {0x953C, "\x73\x20\xc5\x8d\x75"},
    {0x953D, "\x68\x20\x75\xc3\xa1\x6e\x67"},
    {0x953E, "\x68\x20\x75\xc3\xa1\x6e"},
    {0x953F, "\xc4\x81\x69"},
    {0x9540, "\x64\x20\xc3\xb9"},
    {0x9541, "\x6d\x20\xc4\x9b\x69"},
    {0x9542, "\x6c\x20\xc3\xb2\x75"},
    {0x9543, "\x7a\x20\xc4\xab"},
    {0x9544, "\x66\x20\xc3\xa8\x69"},
    {0x9545, "\x6d\x20\xc3\xa9\x69"},
    {0x9546, "\x6d\x20\xc3\xb2"},
    {0x9547, "\x7a\x68\x20\xc3\xa8\x6e"},
    {0x9548, "\x62\x20\xc3\xb3"},
    {0x9549, "\x67\x20\xc3\xa9"},
    {0x954A, "\x6e\x20\x69\xc3\xa8"},
    {0x954B, "\x74\x20\xc7\x8e\x6e\x67"},
    {0x954C, "\x6a\x20\x75\xc4\x81\x6e"},
    {0x954D, "\x6e\x20\x69\xc3\xa8"},
    {0x954E, "\x6e\x20\xc3\xa1"},
    {0x954F, "\x6c\x20\x69\xc3\xba"},
    {0x9550, "\x67\x20\xc7\x8e\x6f"},
    {0x9551, "\x62\x20\xc3\xa0\x6e\x67"},
    {0x9552, "\x79\x20\xc3\xac"},
    {0x9553, "\x6a\x20\x69\xc4\x81"},
    {0x9554, "\x62\x20\xc4\xab\x6e"},
    {0x9555, "\x72\x20\xc3\xb3\x6e\x67"},
    {0x9556, "\x62\x20\x69\xc4\x81\x6f"},
    {0x9557, "\x74\x20\xc4\x81\x6e\x67"},
    {0x9558, "\x6d\x20\xc3\xa0\x6e"},
    {0x9559, "\x6c\x20\x75\xc3\xb3"},
    {0x955A, "\x62\x20\xc3\xa8\x6e\x67"},
    {0x955B, "\x79\x20\xc5\x8d\x6e\x67"},
    {0x955C, "\x6a\x20\xc3\xac\x6e\x67"},
    {0x955D, "\x64\x20\xc4\xab"},
    {0x955E, "\x7a\x20\xc3\xba"},
    {0x955F, "\x78\x20\x75\xc3\xa0\x6e"},
    {0x9560, "\x6c\x20\x69\xc3\xba"},
    {0x9561, "\x63\x68\x20\xc3\xa1\x6e"},
    {0x9562, "\x6a\x20\x75\xc3\xa9"},
    {0x9563, "\x6c\x20\x69\xc3\xa0\x6f"},
    {0x9564, "\x70\x20\xc3\xba"},
    {0x9565, "\x6c\x20\xc7\x94"},
    {0x9566, "\x64\x20\x75\xc3\xac"},
    {0x9567, "\x6c\x20\xc3\xa1\x6e"},
    {0x9568, "\x70\x20\xc7\x94"},
    {0x9569, "\x63\x20\x75\xc4\x81\x6e"},
    {0x956A, "\x71\x20\x69\xc4\x81\x6e\x67"},
    {0x956B, "\x64\x20\xc3\xa8\x6e\x67"},
    {0x956C, "\x68\x20\x75\xc3\xb2"},
    {0x956D, "\x6c\x20\xc3\xa9\x69"},
    {0x956E, "\x68\x20\x75\xc3\xa1\x6e"},
    {0x956F, "\x7a\x68\x20\x75\xc3\xb3"},
    {0x9570, "\x6c\x20\x69\xc3\xa1\x6e"},
    {0x9571, "\x79\x20\xc3\xac"},
    {0x9572, "\x63\x68\x20\xc7\x8e"},
    {0x9573, "\x62\x20\x69\xc4\x81\x6f"},
    {0x9574, "\x6c\x20\xc3\xa0"},
    {0x9575, "\x63\x68\x20\xc3\xa1\x6e"},
    {0x9576, "\x78\x20\x69\xc4\x81\x6e\x67"},
    {0x9577, "\x7a\x68\x20\xc7\x8e\x6e\x67"},
    {0x9578, "\x63\x68\x20\xc3\xa1\x6e\x67"},
    {0x9579, "\x6a\x20\x69\xc7\x94"},
    {0x957A, "\xc7\x8e\x6f"},
    {0x957B, "\x64\x20\x69\xc3\xa9"},
    {0x957C, "\x71\x20\xc5\xab"},
    {0x957D, "\x6c\x20\x69\xc7\x8e\x6f"},
    {0x957E, "\x6d\x20\xc3\xad"},
    {0x957F, "\x7a\x68\x20\xc7\x8e\x6e\x67"},
    {0x9580, "\x6d\x20\xc3\xa9\x6e"},
    {0x9581, "\x6d\x20\xc3\xa0"},
    {0x9582, "\x73\x68\x20\x75\xc4\x81\x6e"},
    {0x9583, "\x73\x68\x20\xc7\x8e\x6e"},
    {0x9584, "\x68\x20\x75\xc3\xb2"},
    {0x9585, "\x6d\x20\xc3\xa9\x6e"},
    {0x9586, "\x79\x20\xc3\xa1\x6e"},
    {0x9587, "\x62\x20\xc3\xac"},
    {0x9588, "\x68\x20\xc3\xa0\x6e"},
    {0x9589, "\x62\x20\xc3\xac"},
    {0x958A, "\x73\x68\x20\xc4\x81\x6e"},
    {0x958B, "\x6b\x20\xc4\x81\x69"},
    {0x958C, "\x6b\x20\xc3\xa0\x6e\x67"},
    {0x958D, "\x62\x20\xc4\x93\x6e\x67"},
    {0x958E, "\x68\x20\xc3\xb3\x6e\x67"},
    {0x958F, "\x72\x20\xc3\xb9\x6e"},
    {0x9590, "\x73\x20\xc3\xa0\x6e"},
    {0x9591, "\x78\x20\x69\xc3\xa1\x6e"},
    {0x9592, "\x78\x20\x69\xc3\xa1\x6e"},
    {0x9593, "\x6a\x20\x69\xc4\x81\x6e"},
    {0x9594, "\x6d\x20\xc7\x90\x6e"},
    {0x9595, "\x78\x20\x69\xc4\x81"},
    {0x9596, "\x73\x68\x20\x75\x69"},
    {0x9597, "\x64\x20\xc3\xb2\x75"},
    {0x9598, "\x7a\x68\x20\xc3\xa1"},
    {0x9599, "\x6e\x20\xc3\xa0\x6f"},
    {0x959A, "\x7a\x68\x20\xc4\x81\x6e"},
    {0x959B, "\x70\x20\xc4\x93\x6e\x67"},
    {0x959C, "\x78\x20\x69\xc7\x8e"},
    {0x959D, "\x6c\x20\xc3\xad\x6e\x67"},
    {0x959E, "\x62\x20\x69\xc3\xa0\x6e"},
    {0x959F, "\x62\x20\xc3\xac"},
    {0x95A0, "\x72\x20\xc3\xb9\x6e"},
    {0x95A1, "\xc3\xa0\x69"},
    {0x95A2, "\x67\x20\x75\xc4\x81\x6e"},
    {0x95A3, "\x67\x20\xc3\xa9"},
    {0x95A4, "\x67\x20\xc3\xa9"},
    {0x95A5, "\x66\x20\xc3\xa1"},
    {0x95A6, "\x63\x68\x20\xc3\xb9"},
    {0x95A7, "\x68\x20\xc3\xb2\x6e\x67"},
    {0x95A8, "\x67\x20\x75\xc4\xab"},
    {0x95A9, "\x6d\x20\xc7\x90\x6e"},
    {0x95AA, "\x73\x20\xc4\x93"},
    {0x95AB, "\x6b\x20\xc7\x94\x6e"},
    {0x95AC, "\x6c\x20\xc3\xa0\x6e\x67"},
    {0x95AD, "\x6c\x20\xc7\x98"},
    {0x95AE, "\x74\x20\xc3\xad\x6e\x67"},
    {0x95AF, "\x73\x68\x20\xc3\xa0"},
    {0x95B0, "\x6a\x20\xc3\xba"},
    {0x95B1, "\x79\x20\x75\xc3\xa8"},
    {0x95B2, "\x79\x20\x75\xc3\xa8"},
    {0x95B3, "\x63\x68\x20\xc7\x8e\x6e"},
    {0x95B4, "\x71\x20\xc3\xb9"},
    {0x95B5, "\x6c\x20\xc3\xac\x6e"},
    {0x95B6, "\x63\x68\x20\xc4\x81\x6e\x67"},
    {0x95B7, "\x73\x68\x20\xc3\xa0\x69"},
    {0x95B8, "\x6b\x20\xc7\x94\x6e"},
    {0x95B9, "\x79\x20\xc4\x81\x6e"},
    {0x95BA, "\x77\x20\xc3\xa9\x6e"},
    {0x95BB, "\x79\x20\xc3\xa1\x6e"},
    {0x95BC, "\xc3\xa8"},
    {0x95BD, "\x68\x20\xc5\xab\x6e"},
    {0x95BE, "\x79\x20\xc3\xb9"},
    {0x95BF, "\x77\x20\xc3\xa9\x6e"},
    {0x95C0, "\x68\x20\xc3\xb2\x6e\x67"},
    {0x95C1, "\x62\x20\xc4\x81\x6f"},
    {0x95C2, "\x68\x20\xc3\xb2\x6e\x67"},
    {0x95C3, "\x71\x20\xc3\xb9"},
    {0x95C4, "\x79\x20\xc7\x8e\x6f"},
    {0x95C5, "\x77\x20\xc3\xa9\x6e"},
    {0x95C6, "\x62\x20\xc7\x8e\x6e"},
    {0x95C7, "\xc3\xa0\x6e"},
    {0x95C8, "\x77\x20\xc3\xa9\x69"},
    {0x95C9, "\x79\x20\xc4\xab\x6e"},
    {0x95CA, "\x6b\x20\x75\xc3\xb2"},
    {0x95CB, "\x71\x20\x75\xc3\xa8"},
    {0x95CC, "\x6c\x20\xc3\xa1\x6e"},
    {0x95CD, "\x64\x20\xc5\xab"},
    {0x95CE, "\x71\x20\x75\xc3\xa1\x6e"},
    {0x95CF, "\x66\x20\xc4\x93\x6e\x67"},
    {0x95D0, "\x74\x20\x69\xc3\xa1\x6e"},
    {0x95D1, "\x6e\x20\x69\xc3\xa8"},
    {0x95D2, "\x74\x20\xc3\xa0"},
    {0x95D3, "\x6b\x20\xc7\x8e\x69"},
    {0x95D4, "\x68\x20\xc3\xa9"},
    {0x95D5, "\x71\x20\x75\xc3\xa8"},
    {0x95D6, "\x63\x68\x20\x75\xc7\x8e\x6e\x67"},
    {0x95D7, "\x67\x20\x75\xc4\x81\x6e"},
    {0x95D8, "\x64\x20\xc3\xb2\x75"},
    {0x95D9, "\x71\x20\xc7\x90"},
    {0x95DA, "\x6b\x20\x75\xc4\xab"},
    {0x95DB, "\x74\x20\xc3\xa1\x6e\x67"},
    {0x95DC, "\x67\x20\x75\xc4\x81\x6e"},
    {0x95DD, "\x70\x20\x69\xc3\xa1\x6f"},
    {0x95DE, "\x6b\x20\xc3\xa0\x6e"},
    {0x95DF, "\x78\x20\xc3\xac"},
    {0x95E0, "\x68\x20\x75\xc3\xac"},
    {0x95E1, "\x63\x68\x20\xc7\x8e\x6e"},
    {0x95E2, "\x70\x20\xc3\xac"},
    {0x95E3, "\x64\x20\xc3\xa0\x6e\x67"},
    {0x95E4, "\x68\x20\x75\xc3\xa1\x6e"},
    {0x95E5, "\x74\x20\xc3\xa0"},
    {0x95E6, "\x77\x20\xc3\xa9\x6e"},
    {0x95E7, "\x74\x20\xc4\x81"},
    {0x95E8, "\x6d\x20\xc3\xa9\x6e"},
    {0x95E9, "\x73\x68\x20\x75\xc4\x81\x6e"},
    {0x95EA, "\x73\x68\x20\xc7\x8e\x6e"},
    {0x95EB, "\x79\x20\xc3\xa1\x6e"},
    {0x95EC, "\x68\x20\xc3\xa0\x6e"},
    {0x95ED, "\x62\x20\xc3\xac"},
    {0x95EE, "\x77\x20\xc3\xa8\x6e"},
    {0x95EF, "\x63\x68\x20\x75\xc7\x8e\x6e\x67"},
    {0x95F0, "\x72\x20\xc3\xb9\x6e"},
    {0x95F1, "\x77\x20\xc3\xa9\x69"},
    {0x95F2, "\x78\x20\x69\xc3\xa1\x6e"},
    {0x95F3, "\x68\x20\xc3\xb3\x6e\x67"},
    {0x95F4, "\x6a\x20\x69\xc4\x81\x6e"},
    {0x95F5, "\x6d\x20\xc7\x90\x6e"},
    {0x95F6, "\x6b\x20\xc4\x81\x6e\x67"},
    {0x95F7, "\x6d\x20\xc3\xa8\x6e"},
    {0x95F8, "\x7a\x68\x20\xc3\xa1"},
    {0x95F9, "\x6e\x20\xc3\xa0\x6f"},
    {0x95FA, "\x67\x20\x75\xc4\xab"},
    {0x95FB, "\x77\x20\xc3\xa9\x6e"},
    {0x95FC, "\x74\x20\xc3\xa0"},
    {0x95FD, "\x6d\x20\xc7\x90\x6e"},
    {0x95FE, "\x6c\x20\xc7\x98"},
    {0x95FF, "\x6b\x20\xc7\x8e\x69"},
    {0x9600, "\x66\x20\xc3\xa1"},
    {0x9601, "\x67\x20\xc3\xa9"},
    {0x9602, "\x68\x20\xc3\xa9"},
    {0x9603, "\x6b\x20\xc7\x94\x6e"},
    {0x9604, "\x6a\x20\x69\xc5\xab"},
    {0x9605, "\x79\x20\x75\xc3\xa8"},
    {0x9606, "\x6c\x20\xc3\xa1\x6e\x67"},
    {0x9607, "\x64\x20\xc5\xab"},
    {0x9608, "\x79\x20\xc3\xb9"},
    {0x9609, "\x79\x20\xc4\x81\x6e"},
    {0x960A, "\x63\x68\x20\xc4\x81\x6e\x67"},
    {0x960B, "\x78\x20\xc3\xac"},
    {0x960C, "\x77\x20\xc3\xa9\x6e"},
    {0x960D, "\x68\x20\xc5\xab\x6e"},
    {0x960E, "\x79\x20\xc3\xa1\x6e"},
    {0x960F, "\xc3\xa8"},
    {0x9610, "\x63\x68\x20\xc7\x8e\x6e"},
    {0x9611, "\x6c\x20\xc3\xa1\x6e"},
    {0x9612, "\x71\x20\xc3\xb9"},
    {0x9613, "\x68\x20\x75\xc3\xac"},
    {0x9614, "\x6b\x20\x75\xc3\xb2"},
    {0x9615, "\x71\x20\x75\xc3\xa8"},
    {0x9616, "\x68\x20\xc3\xa9"},
    {0x9617, "\x74\x20\x69\xc3\xa1\x6e"},
    {0x9618, "\x64\x20\xc3\xa1"},
    {0x9619, "\x71\x20\x75\xc4\x93"},
    {0x961A, "\x68\x20\xc7\x8e\x6e"},
    {0x961B, "\x68\x20\x75\xc3\xa1\x6e"},
    {0x961C, "\x66\x20\xc3\xb9"},
    {0x961D, "\x66\x20\xc3\xb9"},
    {0x961E, "\x6c\x20\xc3\xa8"},
    {0x961F, "\x64\x20\x75\xc3\xac"},
    {0x9620, "\x78\x20\xc3\xac\x6e"},
    {0x9621, "\x71\x20\x69\xc4\x81\x6e"},
    {0x9622, "\x77\x20\xc3\xb9"},
    {0x9623, "\x67\x20\xc3\xa0\x69"},
    {0x9624, "\x7a\x68\x20\xc3\xac"},
    {0x9625, "\x79\x20\xc4\xab\x6e"},
    {0x9626, "\x79\x20\xc3\xa1\x6e\x67"},
    {0x9627, "\x64\x20\xc7\x92\x75"},
    {0x9628, "\xc3\xa8"},
    {0x9629, "\x73\x68\x20\xc4\x93\x6e\x67"},
    {0x962A, "\x62\x20\xc7\x8e\x6e"},
    {0x962B, "\x70\x20\xc3\xa9\x69"},
    {0x962C, "\x6b\x20\xc4\x93\x6e\x67"},
    {0x962D, "\x79\x20\xc7\x94\x6e"},
    {0x962E, "\x72\x20\x75\xc7\x8e\x6e"},
    {0x962F, "\x7a\x68\x20\xc7\x90"},
    {0x9630, "\x70\x20\xc3\xad"},
    {0x9631, "\x6a\x20\xc7\x90\x6e\x67"},
    {0x9632, "\x66\x20\xc3\xa1\x6e\x67"},
    {0x9633, "\x79\x20\xc3\xa1\x6e\x67"},
    {0x9634, "\x79\x20\xc4\xab\x6e"},
    {0x9635, "\x7a\x68\x20\xc3\xa8\x6e"},
    {0x9636, "\x6a\x20\x69\xc4\x93"},
    {0x9637, "\x63\x68\x20\xc4\x93\x6e\x67"},
    {0x9638, "\xc3\xa8"},
    {0x9639, "\x71\x20\xc5\xab"},
    {0x963A, "\x64\x20\xc7\x90"},
    {0x963B, "\x7a\x20\xc7\x94"},
    {0x963C, "\x7a\x20\x75\xc3\xb2"},
    {0x963D, "\x64\x20\x69\xc3\xa0\x6e"},
    {0x963E, "\x6c\x20\xc7\x90\x6e\x67"},
    {0x963F, "\xc4\x81"},
    {0x9640, "\x74\x20\x75\xc3\xb3"},
    {0x9641, "\x74\x20\x75\xc3\xb3"},
    {0x9642, "\x62\x20\xc4\x93\x69"},
    {0x9643, "\x62\x20\xc7\x90\x6e\x67"},
    {0x9644, "\x66\x20\xc3\xb9"},
    {0x9645, "\x6a\x20\xc3\xac"},
    {0x9646, "\x6c\x20\xc3\xb9"},
    {0x9647, "\x6c\x20\xc7\x92\x6e\x67"},
    {0x9648, "\x63\x68\x20\xc3\xa9\x6e"},
    {0x9649, "\x78\x20\xc3\xad\x6e\x67"},
    {0x964A, "\x64\x20\x75\xc3\xb2"},
    {0x964B, "\x6c\x20\xc3\xb2\x75"},
    {0x964C, "\x6d\x20\xc3\xb2"},
    {0x964D, "\x6a\x20\x69\xc3\xa0\x6e\x67"},
    {0x964E, "\x73\x68\x20\xc5\xab"},
    {0x964F, "\x64\x20\x75\xc3\xb2"},
    {0x9650, "\x78\x20\x69\xc3\xa0\x6e"},
    {0x9651, "\xc3\xa9\x72"},
    {0x9652, "\x67\x20\x75\xc7\x90"},
    {0x9653, "\x79\x20\xc5\xab"},
    {0x9654, "\x67\x20\xc4\x81\x69"},
    {0x9655, "\x73\x68\x20\xc7\x8e\x6e"},
    {0x9656, "\x6a\x20\xc3\xb9\x6e"},
    {0x9657, "\x71\x20\x69\xc3\xa0\x6f"},
    {0x9658, "\x78\x20\xc3\xad\x6e\x67"},
    {0x9659, "\x63\x68\x20\xc3\xba\x6e"},
    {0x965A, "\x66\x20\xc3\xb9"},
    {0x965B, "\x62\x20\xc3\xac"},
    {0x965C, "\x78\x20\x69\xc3\xa1"},
    {0x965D, "\x73\x68\x20\xc7\x8e\x6e"},
    {0x965E, "\x73\x68\x20\xc4\x93\x6e\x67"},
    {0x965F, "\x7a\x68\x20\xc3\xac"},
    {0x9660, "\x70\x20\xc5\xab"},
    {0x9661, "\x64\x20\xc7\x92\x75"},
    {0x9662, "\x79\x20\x75\xc3\xa0\x6e"},
    {0x9663, "\x7a\x68\x20\xc3\xa8\x6e"},
    {0x9664, "\x63\x68\x20\xc3\xba"},
    {0x9665, "\x78\x20\x69\xc3\xa0\x6e"},
    {0x9666, "\x64\x20\xc7\x8e\x6f"},
    {0x9667, "\x6e\x20\x69\xc3\xa8"},
    {0x9668, "\x79\x20\xc7\x94\x6e"},
    {0x9669, "\x78\x20\x69\xc7\x8e\x6e"},
    {0x966A, "\x70\x20\xc3\xa9\x69"},
    {0x966B, "\x66\x20\xc3\xa8\x69"},
    {0x966C, "\x7a\x20\xc5\x8d\x75"},
    {0x966D, "\x79\x20\xc3\xac"},
    {0x966E, "\x64\x20\x75\xc3\xac"},
    {0x966F, "\x6c\x20\xc3\xba\x6e"},
    {0x9670, "\x79\x20\xc4\xab\x6e"},
    {0x9671, "\x6a\x20\xc5\xab"},
    {0x9672, "\x63\x68\x20\x75\xc3\xad"},
    {0x9673, "\x63\x68\x20\xc3\xa9\x6e"},
    {0x9674, "\x70\x20\xc3\xad"},
    {0x9675, "\x6c\x20\xc3\xad\x6e\x67"},
    {0x9676, "\x74\x20\xc3\xa1\x6f"},
    {0x9677, "\x78\x20\x69\xc3\xa0\x6e"},
    {0x9678, "\x6c\x20\xc3\xb9"},
    {0x9679, "\x73\x68\x20\xc4\x93\x6e\x67"},
    {0x967A, "\x78\x20\x69\xc7\x8e\x6e"},
    {0x967B, "\x79\x20\xc4\xab\x6e"},
    {0x967C, "\x7a\x68\x20\xc7\x94"},
    {0x967D, "\x79\x20\xc3\xa1\x6e\x67"},
    {0x967E, "\x72\x20\xc3\xa9\x6e\x67"},
    {0x967F, "\x78\x20\x69\xc3\xa1"},
    {0x9680, "\x63\x68\x20\xc3\xb3\x6e\x67"},
    {0x9681, "\x79\x20\xc3\xa0\x6e"},
    {0x9682, "\x79\x20\xc4\xab\x6e"},
    {0x9683, "\x73\x68\x20\xc3\xb9"},
    {0x9684, "\x64\x20\xc4\xab"},
    {0x9685, "\x79\x20\xc3\xba"},
    {0x9686, "\x6c\x20\xc3\xb3\x6e\x67"},
    {0x9687, "\x77\x20\xc4\x93\x69"},
    {0x9688, "\x77\x20\xc4\x93\x69"},
    {0x9689, "\x6e\x20\x69\xc3\xa8"},
    {0x968A, "\x64\x20\x75\xc3\xac"},
    {0x968B, "\x73\x20\x75\xc3\xad"},
    {0x968C, "\xc7\x8e\x6e"},
    {0x968D, "\x68\x20\x75\xc3\xa1\x6e\x67"},
    {0x968E, "\x6a\x20\x69\xc4\x93"},
    {0x968F, "\x73\x20\x75\xc3\xad"},
    {0x9690, "\x79\x20\xc7\x90\x6e"},
    {0x9691, "\x67\x20\xc3\xa0\x69"},
    {0x9692, "\x79\x20\xc7\x8e\x6e"},
    {0x9693, "\x68\x20\x75\xc4\xab"},
    {0x9694, "\x67\x20\xc3\xa9"},
    {0x9695, "\x79\x20\xc7\x94\x6e"},
    {0x9696, "\x77\x20\xc3\xb9"},
    {0x9697, "\x6b\x20\x75\xc3\xad"},
    {0x9698, "\xc3\xa0\x69"},
    {0x9699, "\x78\x20\xc3\xac"},
    {0x969A, "\x74\x20\xc3\xa1\x6e\x67"},
    {0x969B, "\x6a\x20\xc3\xac"},
    {0x969C, "\x7a\x68\x20\xc3\xa0\x6e\x67"},
    {0x969D, "\x64\x20\xc7\x8e\x6f"},
    {0x969E, "\xc3\xa1\x6f"},
    {0x969F, "\x78\x20\xc3\xac"},
    {0x96A0, "\x79\x20\xc7\x90\x6e"},
    {0x96A1, "\x73\x20\xc3\xa0"},
    {0x96A2, "\x72\x20\xc7\x8e\x6f"},
    {0x96A3, "\x6c\x20\xc3\xad\x6e"},
    {0x96A4, "\x74\x20\x75\xc3\xad"},
    {0x96A5, "\x64\x20\xc3\xa8\x6e\x67"},
    {0x96A6, "\x6a\x20\x69\xc7\x8e\x6f"},
    {0x96A7, "\x73\x20\x75\xc3\xac"},
    {0x96A8, "\x73\x20\x75\xc3\xad"},
    {0x96A9, "\xc3\xa0\x6f"},
    {0x96AA, "\x78\x20\x69\xc7\x8e\x6e"},
    {0x96AB, "\x66\x20\xc3\xa9\x6e"},
    {0x96AC, "\x6e\x20\xc7\x90"},
    {0x96AD, "\xc3\xa9\x72"},
    {0x96AE, "\x6a\x20\xc4\xab"},
    {0x96AF, "\x64\x20\xc7\x8e\x6f"},
    {0x96B0, "\x78\x20\xc3\xad"},
    {0x96B1, "\x79\x20\xc7\x90\x6e"},
    {0x96B2, "\x7a\x68\x20\xc3\xac"},
    {0x96B3, "\x68\x20\x75\xc4\xab"},
    {0x96B4, "\x6c\x20\xc7\x92\x6e\x67"},
    {0x96B5, "\x78\x20\xc4\xab"},
    {0x96B6, "\x6c\x20\xc3\xac"},
    {0x96B7, "\x6c\x20\xc3\xac"},
    {0x96B8, "\x6c\x20\xc3\xac"},
    {0x96B9, "\x7a\x68\x20\x75\xc4\xab"},
    {0x96BA, "\x68\x20\xc3\xba"},
    {0x96BB, "\x7a\x68\x20\xc4\xab"},
    {0x96BC, "\x73\x20\xc7\x94\x6e"},
    {0x96BD, "\x6a\x20\x75\xc3\xa0\x6e"},
    {0x96BE, "\x6e\x20\xc3\xa1\x6e"},
    {0x96BF, "\x79\x20\xc3\xac"},
    {0x96C0, "\x71\x20\x75\xc3\xa8"},
    {0x96C1, "\x79\x20\xc3\xa0\x6e"},
    {0x96C2, "\x71\x20\xc3\xad\x6e"},
    {0x96C3, "\x71\x20\x69\xc4\x81\x6e"},
    {0x96C4, "\x78\x20\x69\xc3\xb3\x6e\x67"},
    {0x96C5, "\x79\x20\xc7\x8e"},
    {0x96C6, "\x6a\x20\xc3\xad"},
    {0x96C7, "\x67\x20\xc3\xb9"},
    {0x96C8, "\x68\x20\x75\xc3\xa1\x6e"},
    {0x96C9, "\x7a\x68\x20\xc3\xac"},
    {0x96CA, "\x67\x20\xc3\xb2\x75"},
    {0x96CB, "\x6a\x20\x75\xc3\xa0\x6e"},
    {0x96CC, "\x63\x20\xc3\xad"},
    {0x96CD, "\x79\x20\xc5\x8d\x6e\x67"},
    {0x96CE, "\x6a\x20\xc5\xab"},
    {0x96CF, "\x63\x68\x20\xc3\xba"},
    {0x96D0, "\x68\x20\xc5\xab"},
    {0x96D1, "\x7a\x20\xc3\xa1"},
    {0x96D2, "\x6c\x20\x75\xc3\xb2"},
    {0x96D3, "\x79\x20\xc3\xba"},
    {0x96D4, "\x63\x68\x20\xc3\xb3\x75"},
    {0x96D5, "\x64\x20\x69\xc4\x81\x6f"},
    {0x96D6, "\x73\x20\x75\xc4\xab"},
    {0x96D7, "\x68\x20\xc3\xa0\x6e"},
    {0x96D8, "\x77\x20\xc3\xb2"},
    {0x96D9, "\x73\x68\x20\x75\xc4\x81\x6e\x67"},
    {0x96DA, "\x67\x20\x75\xc3\xa0\x6e"},
    {0x96DB, "\x63\x68\x20\xc3\xba"},
    {0x96DC, "\x7a\x20\xc3\xa1"},
    {0x96DD, "\x79\x20\xc5\x8d\x6e\x67"},
    {0x96DE, "\x6a\x20\xc4\xab"},
    {0x96DF, "\x78\x20\xc4\xab"},
    {0x96E0, "\x63\x68\x20\xc3\xb3\x75"},
    {0x96E1, "\x6c\x20\x69\xc3\xb9"},
    {0x96E2, "\x6c\x20\xc3\xad"},
    {0x96E3, "\x6e\x20\xc3\xa1\x6e"},
    {0x96E4, "\x78\x20\x75\xc3\xa9"},
    {0x96E5, "\x7a\x20\xc3\xa1"},
    {0x96E6, "\x6a\x20\xc3\xad"},
    {0x96E7, "\x6a\x20\xc3\xad"},
    {0x96E8, "\x79\x20\xc7\x94"},
    {0x96E9, "\x79\x20\xc3\xba"},
    {0x96EA, "\x78\x20\x75\xc4\x9b"},
    {0x96EB, "\x6e\x20\xc7\x8e"},
    {0x96EC, "\x66\x20\xc7\x92\x75"},
    {0x96ED, "\x73\x20\xc3\xa8"},
    {0x96EE, "\x6d\x20\xc3\xb9"},
    {0x96EF, "\x77\x20\xc3\xa9\x6e"},
    {0x96F0, "\x66\x20\xc4\x93\x6e"},
    {0x96F1, "\x70\x20\xc4\x81\x6e\x67"},
    {0x96F2, "\x79\x20\xc3\xba\x6e"},
    {0x96F3, "\x6c\x20\xc3\xac"},
    {0x96F4, "\x63\x68\x20\xc3\xac"},
    {0x96F5, "\x79\x20\xc4\x81\x6e\x67"},
    {0x96F6, "\x6c\x20\xc3\xad\x6e\x67"},
    {0x96F7, "\x6c\x20\xc3\xa9\x69"},
    {0x96F8, "\xc3\xa1\x6e"},
    {0x96F9, "\x62\x20\xc3\xa1\x6f"},
    {0x96FA, "\x77\x20\xc3\xb9"},
    {0x96FB, "\x64\x20\x69\xc3\xa0\x6e"},
    {0x96FC, "\x64\x20\xc3\xa0\x6e\x67"},
    {0x96FD, "\x68\x20\xc3\xb9"},
    {0x96FE, "\x77\x20\xc3\xb9"},
    {0x96FF, "\x64\x20\x69\xc3\xa0\x6f"},
    {0x9700, "\x78\x20\xc5\xab"},
    {0x9701, "\x6a\x20\xc3\xac"},
    {0x9702, "\x6d\x20\xc3\xb9"},
    {0x9703, "\x63\x68\x20\xc3\xa9\x6e"},
    {0x9704, "\x78\x20\x69\xc4\x81\x6f"},
    {0x9705, "\x7a\x68\x20\xc3\xa0"},
    {0x9706, "\x74\x20\xc3\xad\x6e\x67"},
    {0x9707, "\x7a\x68\x20\xc3\xa8\x6e"},
    {0x9708, "\x70\x20\xc3\xa8\x69"},
    {0x9709, "\x6d\x20\xc3\xa9\x69"},
    {0x970A, "\x6c\x20\xc3\xad\x6e\x67"},
    {0x970B, "\x71\x20\xc4\xab"},
    {0x970C, "\x7a\x68\x20\xc5\x8d\x75"},
    {0x970D, "\x68\x20\x75\xc3\xb2"},
    {0x970E, "\x73\x68\x20\xc3\xa0"},
    {0x970F, "\x66\x20\xc4\x93\x69"},
    {0x9710, "\x68\x20\xc3\xb3\x6e\x67"},
    {0x9711, "\x7a\x68\x20\xc4\x81\x6e"},
    {0x9712, "\x79\x20\xc4\xab\x6e"},
    {0x9713, "\x6e\x20\xc3\xad"},
    {0x9714, "\x7a\x68\x20\xc3\xb9"},
    {0x9715, "\x74\x20\xc3\xba\x6e"},
    {0x9716, "\x6c\x20\xc3\xad\x6e"},
    {0x9717, "\x6c\x20\xc3\xad\x6e\x67"},
    {0x9718, "\x64\x20\xc3\xb2\x6e\x67"},
    {0x9719, "\x79\x20\xc4\xab\x6e\x67"},
    {0x971A, "\x77\x20\xc3\xb9"},
    {0x971B, "\x6c\x20\xc3\xad\x6e\x67"},
    {0x971C, "\x73\x68\x20\x75\xc4\x81\x6e\x67"},
    {0x971D, "\x6c\x20\xc3\xad\x6e\x67"},
    {0x971E, "\x78\x20\x69\xc3\xa1"},
    {0x971F, "\x68\x20\xc3\xb3\x6e\x67"},
    {0x9720, "\x79\x20\xc4\xab\x6e"},
    {0x9721, "\x6d\x20\xc3\xa0\x69"},
    {0x9722, "\x6d\x20\xc3\xa0\x69"},
    {0x9723, "\x79\x20\xc7\x94\x6e"},
    {0x9724, "\x6c\x20\x69\xc3\xb9"},
    {0x9725, "\x6d\x20\xc3\xa8\x6e\x67"},
    {0x9726, "\x62\x20\xc4\xab\x6e"},
    {0x9727, "\x77\x20\xc3\xb9"},
    {0x9728, "\x77\x20\xc3\xa8\x69"},
    {0x9729, "\x6b\x20\x75\xc3\xb2"},
    {0x972A, "\x79\x20\xc3\xad\x6e"},
    {0x972B, "\x78\x20\xc3\xad"},
    {0x972C, "\x79\x20\xc3\xac"},
    {0x972D, "\xc7\x8e\x69"},
    {0x972E, "\x64\x20\xc3\xa0\x6e"},
    {0x972F, "\x74\x20\xc3\xa8\x6e\x67"},
    {0x9730, "\x78\x20\x69\xc3\xa0\x6e"},
    {0x9731, "\x79\x20\xc3\xb9"},
    {0x9732, "\x6c\x20\xc3\xb9"},
    {0x9733, "\x6c\x20\xc3\xb3\x6e\x67"},
    {0x9734, "\x64\x20\xc3\xa0\x69"},
    {0x9735, "\x6a\x20\xc3\xad"},
    {0x9736, "\x70\x20\xc4\x81\x6e\x67"},
    {0x9737, "\x79\x20\xc3\xa1\x6e\x67"},
    {0x9738, "\x62\x20\xc3\xa0"},
    {0x9739, "\x70\x20\xc4\xab"},
    {0x973A, "\x77\x20\xc3\xa9\x69"},
    {0x973B, "\x66\x20\xc4\x93\x6e\x67"},
    {0x973C, "\x78\x20\xc3\xac"},
    {0x973D, "\x6a\x20\xc3\xac"},
    {0x973E, "\x6d\x20\xc3\xa1\x69"},
    {0x973F, "\x6d\x20\xc3\xa9\x6e\x67"},
    {0x9740, "\x6d\x20\xc3\xa9\x6e\x67"},
    {0x9741, "\x6c\x20\xc3\xa9\x69"},
    {0x9742, "\x6c\x20\xc3\xac"},
    {0x9743, "\x68\x20\x75\xc3\xb2"},
    {0x9744, "\xc7\x8e\x69"},
    {0x9745, "\x66\x20\xc3\xa8\x69"},
    {0x9746, "\x64\x20\xc3\xa0\x69"},
    {0x9747, "\x6c\x20\xc3\xb3\x6e\x67"},
    {0x9748, "\x6c\x20\xc3\xad\x6e\x67"},
    {0x9749, "\xc3\xa0\x69"},
    {0x974A, "\x66\x20\xc4\x93\x6e\x67"},
    {0x974B, "\x6c\x20\xc3\xac"},
    {0x974C, "\x62\x20\xc7\x8e\x6f"},
    {0x974D, "\x68\x20\xc3\xa8"},
    {0x974E, "\x68\x20\xc3\xa8"},
    {0x974F, "\x68\x20\xc3\xa8"},
    {0x9750, "\x62\x20\xc3\xac\x6e\x67"},
    {0x9751, "\x71\x20\xc4\xab\x6e\x67"},
    {0x9752, "\x71\x20\xc4\xab\x6e\x67"},
    {0x9753, "\x6a\x20\xc3\xac\x6e\x67"},
    {0x9754, "\x74\x20\x69\xc4\x81\x6e"},
    {0x9755, "\x7a\x68\x20\xc4\x93\x6e"},
    {0x9756, "\x6a\x20\xc3\xac\x6e\x67"},
    {0x9757, "\x63\x68\x20\xc4\x93\x6e\x67"},
    {0x9758, "\x71\x20\xc3\xac\x6e\x67"},
    {0x9759, "\x6a\x20\xc3\xac\x6e\x67"},
    {0x975A, "\x6a\x20\xc3\xac\x6e\x67"},
    {0x975B, "\x64\x20\x69\xc3\xa0\x6e"},
    {0x975C, "\x6a\x20\xc3\xac\x6e\x67"},
    {0x975D, "\x74\x20\x69\xc4\x81\x6e"},
    {0x975E, "\x66\x20\xc4\x93\x69"},
    {0x975F, "\x66\x20\xc4\x93\x69"},
    {0x9760, "\x6b\x20\xc3\xa0\x6f"},
    {0x9761, "\x6d\x20\xc3\xad"},
    {0x9762, "\x6d\x20\x69\xc3\xa0\x6e"},
    {0x9763, "\x6d\x20\x69\xc3\xa0\x6e"},
    {0x9764, "\x62\x20\xc3\xa0\x6f"},
    {0x9765, "\x79\x20\xc3\xa8"},
    {0x9766, "\x74\x20\x69\xc7\x8e\x6e"},
    {0x9767, "\x68\x20\x75\xc3\xac"},
    {0x9768, "\x79\x20\xc3\xa8"},
    {0x9769, "\x67\x20\xc3\xa9"},
    {0x976A, "\x64\x20\xc4\xab\x6e\x67"},
    {0x976B, "\x63\x68\x20\xc3\xa1"},
    {0x976C, "\x71\x20\x69\xc3\xa1\x6e"},
    {0x976D, "\x72\x20\xc3\xa8\x6e"},
    {0x976E, "\x64\x20\xc3\xad"},
    {0x976F, "\x64\x20\xc3\xb9"},
    {0x9770, "\x77\x20\xc3\xb9"},
    {0x9771, "\x72\x20\xc3\xa8\x6e"},
    {0x9772, "\x71\x20\xc3\xad\x6e"},
    {0x9773, "\x6a\x20\xc3\xac\x6e"},
    {0x9774, "\x78\x20\x75\xc4\x93"},
    {0x9775, "\x6e\x20\x69\xc7\x94"},
    {0x9776, "\x62\x20\xc7\x8e"},
    {0x9777, "\x79\x20\xc7\x90\x6e"},
    {0x9778, "\x73\x20\xc7\x8e"},
    {0x9779, "\x6e\x20\xc3\xa0"},
    {0x977A, "\x6d\x20\xc3\xb2"},
    {0x977B, "\x7a\x20\xc7\x94"},
    {0x977C, "\x64\x20\xc3\xa1"},
    {0x977D, "\x62\x20\xc3\xa0\x6e"},
    {0x977E, "\x79\x20\xc3\xac"},
    {0x977F, "\x79\x20\xc3\xa0\x6f"},
    {0x9780, "\x74\x20\xc3\xa1\x6f"},
    {0x9781, "\x62\x20\xc3\xa8\x69"},
    {0x9782, "\x6a\x20\x69\xc4\x93"},
    {0x9783, "\x68\x20\xc3\xb3\x6e\x67"},
    {0x9784, "\x70\x20\xc3\xa1\x6f"},
    {0x9785, "\x79\x20\xc4\x81\x6e\x67"},
    {0x9786, "\x62\x20\xc7\x90\x6e\x67"},
    {0x9787, "\x79\x20\xc4\xab\x6e"},
    {0x9788, "\x67\x20\xc3\xa9"},
    {0x9789, "\x74\x20\xc3\xa1\x6f"},
    {0x978A, "\x6a\x20\x69\xc3\xa9"},
    {0x978B, "\x78\x20\x69\xc3\xa9"},
    {0x978C, "\xc4\x81\x6e"},
    {0x978D, "\xc4\x81\x6e"},
    {0x978E, "\x68\x20\xc3\xa9\x6e"},
    {0x978F, "\x67\x20\xc7\x92\x6e\x67"},
    {0x9790, "\x71\x20\x69\xc7\x8e"},
    {0x9791, "\x64\x20\xc3\xa1"},
    {0x9792, "\x71\x20\x69\xc3\xa1\x6f"},
    {0x9793, "\x74\x20\xc4\xab\x6e\x67"},
    {0x9794, "\x6d\x20\xc3\xa1\x6e"},
    {0x9795, "\x79\x20\xc3\xac\x6e\x67"},
    {0x9796, "\x73\x20\x75\xc4\xab"},
    {0x9797, "\x74\x20\x69\xc3\xa1\x6f"},
    {0x9798, "\x71\x20\x69\xc3\xa0\x6f"},
    {0x9799, "\x78\x20\x75\xc3\xa0\x6e"},
    {0x979A, "\x6b\x20\xc3\xb2\x6e\x67"},
    {0x979B, "\x62\x20\xc4\x9b\x6e\x67"},
    {0x979C, "\x74\x20\xc3\xa0"},
    {0x979D, "\x73\x68\x20\xc3\xa0\x6e\x67"},
    {0x979E, "\x62\x20\xc7\x90\x6e\x67"},
    {0x979F, "\x6b\x20\x75\xc3\xb2"},
    {0x97A0, "\x6a\x20\xc5\xab"},
    {0x97A1, "\x6c\x20\x61"},
    {0x97A2, "\x78\x20\x69\xc3\xa8"},
    {0x97A3, "\x72\x20\xc3\xb3\x75"},
    {0x97A4, "\x62\x20\xc4\x81\x6e\x67"},
    {0x97A5, "\xc4\x93\x6e\x67"},
    {0x97A6, "\x71\x20\x69\xc5\xab"},
    {0x97A7, "\x71\x20\x69\xc5\xab"},
    {0x97A8, "\x68\x20\xc3\xa9"},
    {0x97A9, "\x71\x20\x69\xc3\xa0\x6f"},
    {0x97AA, "\x6d\x20\xc3\xb9"},
    {0x97AB, "\x6a\x20\xc5\xab"},
    {0x97AC, "\x6a\x20\x69\xc4\x81\x6e"},
    {0x97AD, "\x62\x20\x69\xc4\x81\x6e"},
    {0x97AE, "\x64\x20\xc4\xab"},
    {0x97AF, "\x6a\x20\x69\xc4\x81\x6e"},
    {0x97B0, "\x77\x20\xc4\x93\x6e"},
    {0x97B1, "\x74\x20\xc4\x81\x6f"},
    {0x97B2, "\x67\x20\xc5\x8d\x75"},
    {0x97B3, "\x74\x20\xc3\xa0"},
    {0x97B4, "\x62\x20\xc3\xa8\x69"},
    {0x97B5, "\x78\x20\x69\xc3\xa9"},
    {0x97B6, "\x70\x20\xc3\xa1\x6e"},
    {0x97B7, "\x67\x20\xc3\xa9"},
    {0x97B8, "\x62\x20\xc3\xac"},
    {0x97B9, "\x6b\x20\x75\xc3\xb2"},
    {0x97BA, "\x74\x20\xc4\x81\x6e\x67"},
    {0x97BB, "\x6c\x20\xc3\xb3\x75"},
    {0x97BC, "\x67\x20\x75\xc3\xac"},
    {0x97BD, "\x71\x20\x69\xc3\xa1\x6f"},
    {0x97BE, "\x78\x20\x75\xc4\x93"},
    {0x97BF, "\x6a\x20\xc4\xab"},
    {0x97C0, "\x6a\x20\x69\xc4\x81\x6e"},
    {0x97C1, "\x6a\x20\x69\xc4\x81\x6e\x67"},
    {0x97C2, "\x63\x68\x20\xc3\xa0\x6e"},
    {0x97C3, "\x64\x20\xc3\xa1"},
    {0x97C4, "\x68\x20\xc3\xb9"},
    {0x97C5, "\x78\x20\x69\xc7\x8e\x6e"},
    {0x97C6, "\x71\x20\x69\xc4\x81\x6e"},
    {0x97C7, "\x64\x20\xc3\xba"},
    {0x97C8, "\x77\x20\xc3\xa0"},
    {0x97C9, "\x6a\x20\x69\xc4\x81\x6e"},
    {0x97CA, "\x6c\x20\xc3\xa1\x6e"},
    {0x97CB, "\x77\x20\xc3\xa9\x69"},
    {0x97CC, "\x72\x20\xc3\xa8\x6e"},
    {0x97CD, "\x66\x20\xc3\xba"},
    {0x97CE, "\x6d\x20\xc3\xa8\x69"},
    {0x97CF, "\x71\x20\x75\xc3\xa0\x6e"},
    {0x97D0, "\x67\x20\xc3\xa9"},
    {0x97D1, "\x77\x20\xc4\x9b\x69"},
    {0x97D2, "\x71\x20\x69\xc3\xa0\x6f"},
    {0x97D3, "\x68\x20\xc3\xa1\x6e"},
    {0x97D4, "\x63\x68\x20\xc3\xa0\x6e\x67"},
    {0x97D5, "\x6b\x20\x75\xc3\xb2"},
    {0x97D6, "\x72\x20\xc7\x92\x75"},
    {0x97D7, "\x79\x20\xc3\xb9\x6e"},
    {0x97D8, "\x73\x68\x20\xc3\xa8"},
    {0x97D9, "\x77\x20\xc4\x9b\x69"},
    {0x97DA, "\x67\x20\xc3\xa9"},
    {0x97DB, "\x62\x20\xc3\xa0\x69"},
    {0x97DC, "\x74\x20\xc4\x81\x6f"},
    {0x97DD, "\x67\x20\xc5\x8d\x75"},
    {0x97DE, "\x79\x20\xc3\xb9\x6e"},
    {0x97DF, "\x67\x20\xc4\x81\x6f"},
    {0x97E0, "\x62\x20\xc3\xac"},
    {0x97E1, "\x77\x20\xc4\x9b\x69"},
    {0x97E2, "\x73\x20\x75\xc3\xac"},
    {0x97E3, "\x64\x20\xc3\xba"},
    {0x97E4, "\x77\x20\xc3\xa0"},
    {0x97E5, "\x64\x20\xc3\xba"},
    {0x97E6, "\x77\x20\xc3\xa9\x69"},
    {0x97E7, "\x72\x20\xc3\xa8\x6e"},
    {0x97E8, "\x66\x20\xc3\xba"},
    {0x97E9, "\x68\x20\xc3\xa1\x6e"},
    {0x97EA, "\x77\x20\xc4\x9b\x69"},
    {0x97EB, "\x79\x20\xc3\xb9\x6e"},
    {0x97EC, "\x74\x20\xc4\x81\x6f"},
    {0x97ED, "\x6a\x20\x69\xc7\x94"},
    {0x97EE, "\x6a\x20\x69\xc7\x94"},
    {0x97EF, "\x78\x20\x69\xc4\x81\x6e"},
    {0x97F0, "\x78\x20\x69\xc3\xa8"},
    {0x97F1, "\x78\x20\x69\xc4\x81\x6e"},
    {0x97F2, "\x6a\x20\xc4\xab"},
    {0x97F3, "\x79\x20\xc4\xab\x6e"},
    {0x97F4, "\x7a\x20\xc3\xa1"},
    {0x97F5, "\x79\x20\xc3\xb9\x6e"},
    {0x97F6, "\x73\x68\x20\xc3\xa1\x6f"},
    {0x97F7, "\x6c\x20\xc3\xa8"},
    {0x97F8, "\x70\x20\xc3\xa9\x6e\x67"},
    {0x97F9, "\x68\x20\x75\xc3\xa1\x6e\x67"},
    {0x97FA, "\x79\x20\xc4\xab\x6e\x67"},
    {0x97FB, "\x79\x20\xc3\xb9\x6e"},
    {0x97FC, "\x70\x20\xc3\xa9\x6e\x67"},
    {0x97FD, "\xc4\x81\x6e"},
    {0x97FE, "\x79\x20\xc4\xab\x6e"},
    {0x97FF, "\x78\x20\x69\xc7\x8e\x6e\x67"},
    {0x9800, "\x68\x20\xc3\xb9"},
    {0x9801, "\x79\x20\xc3\xa8"},
    {0x9802, "\x64\x20\xc7\x90\x6e\x67"},
    {0x9803, "\x71\x20\xc7\x90\x6e\x67"},
    {0x9804, "\x6b\x20\x75\xc3\xad"},
    {0x9805, "\x78\x20\x69\xc3\xa0\x6e\x67"},
    {0x9806, "\x73\x68\x20\xc3\xb9\x6e"},
    {0x9807, "\x68\x20\xc4\x81\x6e"},
    {0x9808, "\x78\x20\xc5\xab"},
    {0x9809, "\x79\x20\xc3\xad"},
    {0x980A, "\x78\x20\xc5\xab"},
    {0x980B, "\xc4\x9b"},
    {0x980C, "\x73\x20\xc3\xb2\x6e\x67"},
    {0x980D, "\x6b\x20\x75\xc7\x90"},
    {0x980E, "\x71\x20\xc3\xad"},
    {0x980F, "\x68\x20\xc3\xa1\x6e\x67"},
    {0x9810, "\x79\x20\xc3\xb9"},
    {0x9811, "\x77\x20\xc3\xa1\x6e"},
    {0x9812, "\x62\x20\xc4\x81\x6e"},
    {0x9813, "\x64\x20\xc3\xb9\x6e"},
    {0x9814, "\x64\x20\xc3\xad"},
    {0x9815, "\x64\x20\xc4\x81\x6e"},
    {0x9816, "\x70\x20\xc3\xa0\x6e"},
    {0x9817, "\x70\x20\xc5\x8d"},
    {0x9818, "\x6c\x20\xc7\x90\x6e\x67"},
    {0x9819, "\x63\x68\x20\xc3\xa8"},
    {0x981A, "\x6a\x20\xc7\x90\x6e\x67"},
    {0x981B, "\x6c\x20\xc3\xa8\x69"},
    {0x981C, "\x68\x20\xc3\xa9"},
    {0x981D, "\x71\x20\x69\xc4\x81\x6f"},
    {0x981E, "\xc3\xa8"},
    {0x981F, "\xc3\xa9"},
    {0x9820, "\x77\x20\xc4\x9b\x69"},
    {0x9821, "\x78\x20\x69\xc3\xa9"},
    {0x9822, "\x6b\x20\x75\xc3\xb2"},
    {0x9823, "\x73\x68\x20\xc4\x9b\x6e"},
    {0x9824, "\x79\x20\xc3\xad"},
    {0x9825, "\x79\x20\xc3\xad"},
    {0x9826, "\x68\x20\xc3\xa1\x69"},
    {0x9827, "\x64\x20\x75\xc7\x90"},
    {0x9828, "\x79\x20\xc7\x94"},
    {0x9829, "\x70\x20\xc4\xab\x6e\x67"},
    {0x982A, "\x6c\x20\xc3\xa8\x69"},
    {0x982B, "\x66\x20\xc7\x94"},
    {0x982C, "\x6a\x20\x69\xc3\xa1"},
    {0x982D, "\x74\x20\xc3\xb3\x75"},
    {0x982E, "\x68\x20\x75\xc3\xac"},
    {0x982F, "\x6b\x20\x75\xc3\xad"},
    {0x9830, "\x6a\x20\x69\xc3\xa1"},
    {0x9831, "\x6c\x20\x75\xc5\x8d"},
    {0x9832, "\x74\x20\xc7\x90\x6e\x67"},
    {0x9833, "\x63\x68\x20\xc4\x93\x6e\x67"},
    {0x9834, "\x79\x20\xc7\x90\x6e\x67"},
    {0x9835, "\x79\x20\xc5\xab\x6e"},
    {0x9836, "\x68\x20\xc3\xba"},
    {0x9837, "\x68\x20\xc3\xa0\x6e"},
    {0x9838, "\x6a\x20\xc7\x90\x6e\x67"},
    {0x9839, "\x74\x20\x75\xc3\xad"},
    {0x983A, "\x74\x20\x75\xc3\xad"},
    {0x983B, "\x70\x20\xc3\xad\x6e"},
    {0x983C, "\x6c\x20\xc3\xa0\x69"},
    {0x983D, "\x74\x20\x75\xc3\xad"},
    {0x983E, "\x7a\x20\xc4\xab"},
    {0x983F, "\x7a\x20\xc4\xab"},
    {0x9840, "\x63\x68\x20\x75\xc3\xad"},
    {0x9841, "\x64\x20\xc3\xac\x6e\x67"},
    {0x9842, "\x6c\x20\xc3\xa0\x69"},
    {0x9843, "\x74\x20\xc3\xa1\x6e"},
    {0x9844, "\x68\x20\xc3\xa0\x6e"},
    {0x9845, "\x71\x20\x69\xc4\x81\x6e"},
    {0x9846, "\x6b\x20\xc4\x93"},
    {0x9847, "\x63\x20\x75\xc3\xac"},
    {0x9848, "\x78\x20\x75\xc7\x8e\x6e"},
    {0x9849, "\x71\x20\xc4\xab\x6e"},
    {0x984A, "\x79\x20\xc3\xad"},
    {0x984B, "\x73\x20\xc4\x81\x69"},
    {0x984C, "\x74\x20\xc3\xad"},
    {0x984D, "\xc3\xa9"},
    {0x984E, "\xc3\xa8"},
    {0x984F, "\x79\x20\xc3\xa1\x6e"},
    {0x9850, "\x77\x20\xc3\xa8\x6e"},
    {0x9851, "\x6b\x20\xc7\x8e\x6e"},
    {0x9852, "\x79\x20\xc3\xb3\x6e\x67"},
    {0x9853, "\x7a\x68\x20\x75\xc4\x81\x6e"},
    {0x9854, "\x79\x20\xc3\xa1\x6e"},
    {0x9855, "\x78\x20\x69\xc7\x8e\x6e"},
    {0x9856, "\x78\x20\xc3\xac\x6e"},
    {0x9857, "\x79\x20\xc7\x90"},
    {0x9858, "\x79\x20\x75\xc3\xa0\x6e"},
    {0x9859, "\x73\x20\xc7\x8e\x6e\x67"},
    {0x985A, "\x64\x20\x69\xc4\x81\x6e"},
    {0x985B, "\x64\x20\x69\xc4\x81\x6e"},
    {0x985C, "\x6a\x20\x69\xc7\x8e\x6e\x67"},
    {0x985D, "\x6b\x20\x75\xc4\xab"},
    {0x985E, "\x6c\x20\xc3\xa8\x69"},
    {0x985F, "\x6c\x20\xc3\xa1\x6f"},
    {0x9860, "\x70\x20\x69\xc7\x8e\x6f"},
    {0x9861, "\x77\x20\xc3\xa0\x69"},
    {0x9862, "\x6d\x20\xc3\xa1\x6e"},
    {0x9863, "\x63\x20\xc3\xb9"},
    {0x9864, "\x79\x20\xc3\xa1\x6f"},
    {0x9865, "\x68\x20\xc3\xa0\x6f"},
    {0x9866, "\x71\x20\x69\xc3\xa1\x6f"},
    {0x9867, "\x67\x20\xc3\xb9"},
    {0x9868, "\x78\x20\xc3\xb9\x6e"},
    {0x9869, "\x79\x20\xc7\x8e\x6e"},
    {0x986A, "\x68\x20\x75\xc3\xac"},
    {0x986B, "\x63\x68\x20\xc3\xa0\x6e"},
    {0x986C, "\x72\x20\xc3\xba"},
    {0x986D, "\x6d\x20\xc3\xa9\x6e\x67"},
    {0x986E, "\x62\x20\xc4\xab\x6e"},
    {0x986F, "\x78\x20\x69\xc7\x8e\x6e"},
    {0x9870, "\x70\x20\xc3\xad\x6e"},
    {0x9871, "\x6c\x20\xc3\xba"},
    {0x9872, "\x6c\x20\xc7\x8e\x6e"},
    {0x9873, "\x6e\x20\x69\xc3\xa8"},
    {0x9874, "\x71\x20\x75\xc3\xa1\x6e"},
    {0x9875, "\x79\x20\xc3\xa8"},
    {0x9876, "\x64\x20\xc7\x90\x6e\x67"},
    {0x9877, "\x71\x20\xc7\x90\x6e\x67"},
    {0x9878, "\x68\x20\xc4\x81\x6e"},
    {0x9879, "\x78\x20\x69\xc3\xa0\x6e\x67"},
    {0x987A, "\x73\x68\x20\xc3\xb9\x6e"},
    {0x987B, "\x78\x20\xc5\xab"},
    {0x987C, "\x78\x20\xc5\xab"},
    {0x987D, "\x77\x20\xc3\xa1\x6e"},
    {0x987E, "\x67\x20\xc3\xb9"},
    {0x987F, "\x64\x20\xc3\xb9\x6e"},
    {0x9880, "\x71\x20\xc3\xad"},
    {0x9881, "\x62\x20\xc4\x81\x6e"},
    {0x9882, "\x73\x20\xc3\xb2\x6e\x67"},
    {0x9883, "\x68\x20\xc3\xa1\x6e\x67"},
    {0x9884, "\x79\x20\xc3\xb9"},
    {0x9885, "\x6c\x20\xc3\xba"},
    {0x9886, "\x6c\x20\xc7\x90\x6e\x67"},
    {0x9887, "\x70\x20\xc7\x92"},
    {0x9888, "\x6a\x20\xc7\x90\x6e\x67"},
    {0x9889, "\x6a\x20\x69\xc3\xa9"},
    {0x988A, "\x6a\x20\x69\xc3\xa1"},
    {0x988B, "\x74\x20\xc7\x90\x6e\x67"},
    {0x988C, "\x68\x20\xc3\xa9"},
    {0x988D, "\x79\x20\xc7\x90\x6e\x67"},
    {0x988E, "\x6a\x20\x69\xc7\x92\x6e\x67"},
    {0x988F, "\x6b\x20\xc4\x93"},
    {0x9890, "\x79\x20\xc3\xad"},
    {0x9891, "\x70\x20\xc3\xad\x6e"},
    {0x9892, "\x68\x20\x75\xc3\xac"},
    {0x9893, "\x74\x20\x75\xc3\xad"},
    {0x9894, "\x68\x20\xc3\xa0\x6e"},
    {0x9895, "\x79\x20\xc7\x90\x6e\x67"},
    {0x9896, "\x79\x20\xc7\x90\x6e\x67"},
    {0x9897, "\x6b\x20\xc4\x93"},
    {0x9898, "\x74\x20\xc3\xad"},
    {0x9899, "\x79\x20\xc3\xb3\x6e\x67"},
    {0x989A, "\xc3\xa8"},
    {0x989B, "\x7a\x68\x20\x75\xc4\x81\x6e"},
    {0x989C, "\x79\x20\xc3\xa1\x6e"},
    {0x989D, "\xc3\xa9"},
    {0x989E, "\x6e\x20\x69\xc3\xa8"},
    {0x989F, "\x6d\x20\xc4\x81\x6e"},
    {0x98A0, "\x64\x20\x69\xc4\x81\x6e"},
    {0x98A1, "\x73\x20\xc7\x8e\x6e\x67"},
    {0x98A2, "\x68\x20\xc3\xa0\x6f"},
    {0x98A3, "\x6c\x20\xc3\xa8\x69"},
    {0x98A4, "\x63\x68\x20\xc3\xa0\x6e"},
    {0x98A5, "\x72\x20\xc3\xba"},
    {0x98A6, "\x70\x20\xc3\xad\x6e"},
    {0x98A7, "\x71\x20\x75\xc3\xa1\x6e"},
    {0x98A8, "\x66\x20\xc4\x93\x6e\x67"},
    {0x98A9, "\x62\x20\x69\xc4\x81\x6f"},
    {0x98AA, "\x67\x20\x75\xc4\x81"},
    {0x98AB, "\x66\x20\xc3\xba"},
    {0x98AC, "\x78\x20\x69\xc4\x81"},
    {0x98AD, "\x7a\x68\x20\xc7\x8e\x6e"},
    {0x98AE, "\x62\x20\x69\xc4\x81\x6f"},
    {0x98AF, "\x73\x20\xc3\xa0"},
    {0x98B0, "\x62\x20\xc3\xa1"},
    {0x98B1, "\x74\x20\xc3\xa1\x69"},
    {0x98B2, "\x6c\x20\x69\xc3\xa8"},
    {0x98B3, "\x67\x20\x75\xc4\x81"},
    {0x98B4, "\x78\x20\x75\xc3\xa0\x6e"},
    {0x98B5, "\x73\x68\x20\xc4\x81\x6f"},
    {0x98B6, "\x6a\x20\xc3\xb9"},
    {0x98B7, "\x62\x20\x69\xc4\x81\x6f"},
    {0x98B8, "\x73\x20\xc4\xab"},
    {0x98B9, "\x77\x20\xc4\x9b\x69"},
    {0x98BA, "\x79\x20\xc3\xa1\x6e\x67"},
    {0x98BB, "\x79\x20\xc3\xa1\x6f"},
    {0x98BC, "\x73\x20\xc5\x8d\x75"},
    {0x98BD, "\x6b\x20\xc7\x8e\x69"},
    {0x98BE, "\x73\x20\xc5\x8d\x75"},
    {0x98BF, "\x66\x20\xc4\x81\x6e"},
    {0x98C0, "\x6c\x20\x69\xc3\xba"},
    {0x98C1, "\x78\x20\xc3\xad"},
    {0x98C2, "\x6c\x20\x69\xc3\xb9"},
    {0x98C3, "\x70\x20\x69\xc4\x81\x6f"},
    {0x98C4, "\x70\x20\x69\xc4\x81\x6f"},
    {0x98C5, "\x6c\x20\x69\xc3\xba"},
    {0x98C6, "\x62\x20\x69\xc4\x81\x6f"},
    {0x98C7, "\x62\x20\x69\xc4\x81\x6f"},
    {0x98C8, "\x62\x20\x69\xc4\x81\x6f"},
    {0x98C9, "\x6c\x20\x69\xc3\xa1\x6f"},
    {0x98CA, "\x62\x20\x69\xc4\x81\x6f"},
    {0x98CB, "\x73\x20\xc3\xa8"},
    {0x98CC, "\x66\x20\xc4\x93\x6e\x67"},
    {0x98CD, "\x78\x20\x69\xc5\xab"},
    {0x98CE, "\x66\x20\xc4\x93\x6e\x67"},
    {0x98CF, "\x79\x20\xc3\xa1\x6e\x67"},
    {0x98D0, "\x7a\x68\x20\xc7\x8e\x6e"},
    {0x98D1, "\x62\x20\x69\xc4\x81\x6f"},
    {0x98D2, "\x73\x20\xc3\xa0"},
    {0x98D3, "\x6a\x20\xc3\xb9"},
    {0x98D4, "\x73\x20\xc4\xab"},
    {0x98D5, "\x73\x20\xc5\x8d\x75"},
    {0x98D6, "\x79\x20\xc3\xa1\x6f"},
    {0x98D7, "\x6c\x20\x69\xc3\xba"},
    {0x98D8, "\x70\x20\x69\xc4\x81\x6f"},
    {0x98D9, "\x62\x20\x69\xc4\x81\x6f"},
    {0x98DA, "\x62\x20\x69\xc4\x81\x6f"},
    {0x98DB, "\x66\x20\xc4\x93\x69"},
    {0x98DC, "\x66\x20\xc4\x81\x6e"},
    {0x98DD, "\x66\x20\xc4\x93\x69"},
    {0x98DE, "\x66\x20\xc4\x93\x69"},
    {0x98DF, "\x73\x68\x20\xc3\xad"},
    {0x98E0, "\x73\x68\x20\xc3\xad"},
    {0x98E1, "\x63\x20\xc4\x81\x6e"},
    {0x98E2, "\x6a\x20\xc4\xab"},
    {0x98E3, "\x64\x20\xc3\xac\x6e\x67"},
    {0x98E4, "\x73\x20\xc3\xac"},
    {0x98E5, "\x74\x20\x75\xc5\x8d"},
    {0x98E6, "\x7a\x68\x20\xc4\x81\x6e"},
    {0x98E7, "\x73\x20\xc5\xab\x6e"},
    {0x98E8, "\x78\x20\x69\xc7\x8e\x6e\x67"},
    {0x98E9, "\x74\x20\xc3\xba\x6e"},
    {0x98EA, "\x72\x20\xc3\xa8\x6e"},
    {0x98EB, "\x79\x20\xc3\xb9"},
    {0x98EC, "\x6a\x20\x75\xc3\xa0\x6e"},
    {0x98ED, "\x63\x68\x20\xc3\xac"},
    {0x98EE, "\x79\x20\xc7\x90\x6e"},
    {0x98EF, "\x66\x20\xc3\xa0\x6e"},
    {0x98F0, "\x66\x20\xc3\xa0\x6e"},
    {0x98F1, "\x73\x20\xc5\xab\x6e"},
    {0x98F2, "\x79\x20\xc7\x90\x6e"},
    {0x98F3, "\x74\x20\xc7\x92\x75"},
    {0x98F4, "\x79\x20\xc3\xad"},
    {0x98F5, "\x7a\x20\x75\xc3\xb2"},
    {0x98F6, "\x62\x20\xc3\xac"},
    {0x98F7, "\x6a\x20\x69\xc4\x9b"},
    {0x98F8, "\x74\x20\xc4\x81\x6f"},
    {0x98F9, "\x62\x20\xc7\x8e\x6f"},
    {0x98FA, "\x63\x20\xc3\xad"},
    {0x98FB, "\x74\x20\x69\xc3\xa8"},
    {0x98FC, "\x73\x20\xc3\xac"},
    {0x98FD, "\x62\x20\xc7\x8e\x6f"},
    {0x98FE, "\x73\x68\x20\xc3\xac"},
    {0x98FF, "\x64\x20\x75\xc3\xb2"},
    {0x9900, "\x68\x20\xc3\xa0\x69"},
    {0x9901, "\x72\x20\xc3\xa8\x6e"},
    {0x9902, "\x74\x20\x69\xc7\x8e\x6e"},
    {0x9903, "\x6a\x20\x69\xc7\x8e\x6f"},
    {0x9904, "\x6a\x20\x69\xc3\xa1"},
    {0x9905, "\x62\x20\xc7\x90\x6e\x67"},
    {0x9906, "\x79\x20\xc3\xa1\x6f"},
    {0x9907, "\x74\x20\xc3\xb3\x6e\x67"},
    {0x9908, "\x63\x20\xc3\xad"},
    {0x9909, "\x78\x20\x69\xc7\x8e\x6e\x67"},
    {0x990A, "\x79\x20\xc7\x8e\x6e\x67"},
    {0x990B, "\x6a\x20\x75\xc3\xa0\x6e"},
    {0x990C, "\xc4\x9b\x72"},
    {0x990D, "\x79\x20\xc3\xa0\x6e"},
    {0x990E, "\x6c\x20\x65"},
    {0x990F, "\x78\x20\xc4\xab"},
    {0x9910, "\x63\x20\xc4\x81\x6e"},
    {0x9911, "\x62\x20\xc5\x8d"},
    {0x9912, "\x6e\x20\xc4\x9b\x69"},
    {0x9913, "\xc3\xa8"},
    {0x9914, "\x62\x20\xc3\xb9"},
    {0x9915, "\x6a\x20\xc3\xb9\x6e"},
    {0x9916, "\x64\x20\xc3\xb2\x75"},
    {0x9917, "\x73\x20\xc3\xb9"},
    {0x9918, "\x79\x20\xc3\xba"},
    {0x9919, "\x73\x68\x20\xc3\xac"},
    {0x991A, "\x79\x20\xc3\xa1\x6f"},
    {0x991B, "\x68\x20\xc3\xba\x6e"},
    {0x991C, "\x67\x20\x75\xc7\x92"},
    {0x991D, "\x73\x68\x20\xc3\xac"},
    {0x991E, "\x6a\x20\x69\xc3\xa0\x6e"},
    {0x991F, "\x7a\x68\x20\x75\xc3\xac"},
    {0x9920, "\x62\x20\xc7\x90\x6e\x67"},
    {0x9921, "\x78\x20\x69\xc3\xa0\x6e"},
    {0x9922, "\x62\x20\xc3\xb9"},
    {0x9923, "\x79\x20\xc3\xa8"},
    {0x9924, "\x74\x20\xc3\xa1\x6e"},
    {0x9925, "\x66\x20\xc4\x93\x69"},
    {0x9926, "\x7a\x68\x20\xc4\x81\x6e\x67"},
    {0x9927, "\x77\x20\xc3\xa8\x69"},
    {0x9928, "\x67\x20\x75\xc7\x8e\x6e"},
    {0x9929, "\xc3\xa8"},
    {0x992A, "\x6e\x20\x75\xc7\x8e\x6e"},
    {0x992B, "\x79\x20\xc3\xb9\x6e"},
    {0x992C, "\x68\x20\xc3\xba"},
    {0x992D, "\x68\x20\x75\xc3\xa1\x6e\x67"},
    {0x992E, "\x74\x20\x69\xc3\xa8"},
    {0x992F, "\x68\x20\x75\xc3\xac"},
    {0x9930, "\x6a\x20\x69\xc4\x81\x6e"},
    {0x9931, "\x68\x20\xc3\xb3\x75"},
    {0x9932, "\xc3\xa0\x69"},
    {0x9933, "\x74\x20\xc3\xa1\x6e\x67"},
    {0x9934, "\x66\x20\xc4\x93\x6e"},
    {0x9935, "\x77\x20\xc3\xa8\x69"},
    {0x9936, "\x67\x20\xc7\x94"},
    {0x9937, "\x63\x68\x20\xc4\x81"},
    {0x9938, "\x73\x20\xc3\xb2\x6e\x67"},
    {0x9939, "\x74\x20\xc3\xa1\x6e\x67"},
    {0x993A, "\x62\x20\xc3\xb3"},
    {0x993B, "\x67\x20\xc4\x81\x6f"},
    {0x993C, "\x78\x20\xc3\xac"},
    {0x993D, "\x6b\x20\x75\xc3\xac"},
    {0x993E, "\x6c\x20\x69\xc3\xb9"},
    {0x993F, "\x73\x20\xc5\x8d\x75"},
    {0x9940, "\x74\x20\xc3\xa1\x6f"},
    {0x9941, "\x79\x20\xc3\xa8"},
    {0x9942, "\x77\x20\xc4\x93\x6e"},
    {0x9943, "\x6d\x20\xc3\xb3"},
    {0x9944, "\x74\x20\xc3\xa1\x6e\x67"},
    {0x9945, "\x6d\x20\xc3\xa1\x6e"},
    {0x9946, "\x62\x20\xc3\xac"},
    {0x9947, "\x79\x20\xc3\xb9"},
    {0x9948, "\x78\x20\x69\xc5\xab"},
    {0x9949, "\x6a\x20\xc7\x90\x6e"},
    {0x994A, "\x73\x20\xc7\x8e\x6e"},
    {0x994B, "\x6b\x20\x75\xc3\xac"},
    {0x994C, "\x7a\x68\x20\x75\xc3\xa0\x6e"},
    {0x994D, "\x73\x68\x20\xc3\xa0\x6e"},
    {0x994E, "\x63\x68\x20\xc3\xac"},
    {0x994F, "\x64\x20\xc3\xa0\x6e"},
    {0x9950, "\x79\x20\xc3\xac"},
    {0x9951, "\x6a\x20\xc4\xab"},
    {0x9952, "\x72\x20\xc3\xa1\x6f"},
    {0x9953, "\x63\x68\x20\xc4\x93\x6e\x67"},
    {0x9954, "\x79\x20\xc5\x8d\x6e\x67"},
    {0x9955, "\x74\x20\xc4\x81\x6f"},
    {0x9956, "\x77\x20\xc3\xa8\x69"},
    {0x9957, "\x78\x20\x69\xc7\x8e\x6e\x67"},
    {0x9958, "\x7a\x68\x20\xc4\x81\x6e"},
    {0x9959, "\x66\x20\xc4\x93\x6e"},
    {0x995A, "\x68\x20\xc3\xa0\x69"},
    {0x995B, "\x6d\x20\xc3\xa9\x6e\x67"},
    {0x995C, "\x79\x20\xc3\xa0\x6e"},
    {0x995D, "\x6d\x20\xc3\xb3"},
    {0x995E, "\x63\x68\x20\xc3\xa1\x6e"},
    {0x995F, "\x78\x20\x69\xc7\x8e\x6e\x67"},
    {0x9960, "\x6c\x20\x75\xc3\xb3"},
    {0x9961, "\x7a\x20\xc3\xa0\x6e"},
    {0x9962, "\x6e\x20\xc3\xa1\x6e\x67"},
    {0x9963, "\x73\x68\x20\xc3\xad"},
    {0x9964, "\x64\x20\xc3\xac\x6e\x67"},
    {0x9965, "\x6a\x20\xc4\xab"},
    {0x9966, "\x74\x20\x75\xc5\x8d"},
    {0x9967, "\x74\x20\xc3\xa1\x6e\x67"},
    {0x9968, "\x74\x20\xc3\xba\x6e"},
    {0x9969, "\x78\x20\xc3\xac"},
    {0x996A, "\x72\x20\xc3\xa8\x6e"},
    {0x996B, "\x79\x20\xc3\xb9"},
    {0x996C, "\x63\x68\x20\xc3\xac"},
    {0x996D, "\x66\x20\xc3\xa0\x6e"},
    {0x996E, "\x79\x20\xc7\x90\x6e"},
    {0x996F, "\x6a\x20\x69\xc3\xa0\x6e"},
    {0x9970, "\x73\x68\x20\xc3\xac"},
    {0x9971, "\x62\x20\xc7\x8e\x6f"},
    {0x9972, "\x73\x20\xc3\xac"},
    {0x9973, "\x64\x20\x75\xc3\xb2"},
    {0x9974, "\x79\x20\xc3\xad"},
    {0x9975, "\xc4\x9b\x72"},
    {0x9976, "\x72\x20\xc3\xa1\x6f"},
    {0x9977, "\x78\x20\x69\xc7\x8e\x6e\x67"},
    {0x9978, "\x68\x20\xc3\xa9"},
    {0x9979, "\x6c\x20\x65"},
    {0x997A, "\x6a\x20\x69\xc7\x8e\x6f"},
    {0x997B, "\x78\x20\xc4\xab"},
    {0x997C, "\x62\x20\xc7\x90\x6e\x67"},
    {0x997D, "\x62\x20\xc5\x8d"},
    {0x997E, "\x64\x20\xc3\xb2\x75"},
    {0x997F, "\xc3\xa8"},
    {0x9980, "\x79\x20\xc3\xba"},
    {0x9981, "\x6e\x20\xc4\x9b\x69"},
    {0x9982, "\x6a\x20\xc3\xb9\x6e"},
    {0x9983, "\x67\x20\x75\xc7\x92"},
    {0x9984, "\x68\x20\xc3\xba\x6e"},
    {0x9985, "\x78\x20\x69\xc3\xa0\x6e"},
    {0x9986, "\x67\x20\x75\xc7\x8e\x6e"},
    {0x9987, "\x63\x68\x20\xc4\x81"},
    {0x9988, "\x6b\x20\x75\xc3\xac"},
    {0x9989, "\x67\x20\xc7\x94"},
    {0x998A, "\x73\x20\xc5\x8d\x75"},
    {0x998B, "\x63\x68\x20\xc3\xa1\x6e"},
    {0x998C, "\x79\x20\xc3\xa8"},
    {0x998D, "\x6d\x20\xc3\xb3"},
    {0x998E, "\x62\x20\xc3\xb3"},
    {0x998F, "\x6c\x20\x69\xc3\xba"},
    {0x9990, "\x78\x20\x69\xc5\xab"},
    {0x9991, "\x6a\x20\xc7\x90\x6e"},
    {0x9992, "\x6d\x20\xc3\xa1\x6e"},
    {0x9993, "\x73\x20\xc7\x8e\x6e"},
    {0x9994, "\x7a\x68\x20\x75\xc3\xa0\x6e"},
    {0x9995, "\x6e\x20\xc3\xa1\x6e\x67"},
    {0x9996, "\x73\x68\x20\xc7\x92\x75"},
    {0x9997, "\x6b\x20\x75\xc3\xad"},
    {0x9998, "\x67\x20\x75\xc3\xb3"},
    {0x9999, "\x78\x20\x69\xc4\x81\x6e\x67"},
    {0x999A, "\x66\x20\xc3\xa9\x6e"},
    {0x999B, "\x62\x20\xc3\xb3"},
    {0x999C, "\x6e\x20\xc7\x90"},
    {0x999D, "\x62\x20\xc3\xac"},
    {0x999E, "\x62\x20\xc3\xb3"},
    {0x999F, "\x74\x20\xc3\xba"},
    {0x99A0, "\x68\x20\xc4\x81\x6e"},
    {0x99A1, "\x66\x20\xc4\x93\x69"},
    {0x99A2, "\x6a\x20\x69\xc4\x81\x6e"},
    {0x99A3, "\xc4\x81\x6e"},
    {0x99A4, "\xc3\xa0\x69"},
    {0x99A5, "\x66\x20\xc3\xb9"},
    {0x99A6, "\x78\x20\x69\xc4\x81\x6e"},
    {0x99A7, "\x79\x20\xc5\xab\x6e"},
    {0x99A8, "\x78\x20\xc4\xab\x6e"},
    {0x99A9, "\x66\x20\xc3\xa9\x6e"},
    {0x99AA, "\x70\x20\xc4\xab\x6e"},
    {0x99AB, "\x78\x20\xc4\xab\x6e"},
    {0x99AC, "\x6d\x20\xc7\x8e"},
    {0x99AD, "\x79\x20\xc3\xb9"},
    {0x99AE, "\x66\x20\xc3\xa9\x6e\x67"},
    {0x99AF, "\x68\x20\xc3\xa0\x6e"},
    {0x99B0, "\x64\x20\xc3\xad"},
    {0x99B1, "\x74\x20\x75\xc3\xb3"},
    {0x99B2, "\x7a\x68\x20\xc3\xa9"},
    {0x99B3, "\x63\x68\x20\xc3\xad"},
    {0x99B4, "\x78\x20\xc3\xba\x6e"},
    {0x99B5, "\x7a\x68\x20\xc3\xb9"},
    {0x99B6, "\x7a\x68\x20\xc4\xab"},
    {0x99B7, "\x70\x20\xc3\xa8\x69"},
    {0x99B8, "\x78\x20\xc3\xac\x6e"},
    {0x99B9, "\x72\x20\xc3\xac"},
    {0x99BA, "\x73\x20\xc3\xa0"},
    {0x99BB, "\x79\x20\xc7\x94\x6e"},
    {0x99BC, "\x77\x20\xc3\xa9\x6e"},
    {0x99BD, "\x7a\x68\x20\xc3\xad"},
    {0x99BE, "\x64\x20\xc3\xa0\x6e"},
    {0x99BF, "\x6c\x20\xc7\x98"},
    {0x99C0, "\x79\x20\xc3\xb3\x75"},
    {0x99C1, "\x62\x20\xc3\xb3"},
    {0x99C2, "\x62\x20\xc7\x8e\x6f"},
    {0x99C3, "\x6a\x20\x75\xc3\xa9"},
    {0x99C4, "\x74\x20\x75\xc3\xb3"},
    {0x99C5, "\x79\x20\xc3\xac"},
    {0x99C6, "\x71\x20\xc5\xab"},
    {0x99C7, "\x77\x20\xc3\xa9\x6e"},
    {0x99C8, "\x71\x20\xc5\xab"},
    {0x99C9, "\x6a\x20\x69\xc5\x8d\x6e\x67"},
    {0x99CA, "\x70\x20\xc7\x92"},
    {0x99CB, "\x7a\x68\x20\xc4\x81\x6f"},
    {0x99CC, "\x79\x20\x75\xc4\x81\x6e"},
    {0x99CD, "\x70\x20\xc3\xa9\x69"},
    {0x99CE, "\x7a\x68\x20\xc3\xb2\x75"},
    {0x99CF, "\x6a\x20\xc3\xb9"},
    {0x99D0, "\x7a\x68\x20\xc3\xb9"},
    {0x99D1, "\x6e\x20\xc3\xba"},
    {0x99D2, "\x6a\x20\xc5\xab"},
    {0x99D3, "\x70\x20\xc4\xab"},
    {0x99D4, "\x7a\x20\xc7\x8e\x6e\x67"},
    {0x99D5, "\x6a\x20\x69\xc3\xa0"},
    {0x99D6, "\x6c\x20\xc3\xad\x6e\x67"},
    {0x99D7, "\x7a\x68\x20\xc4\x9b\x6e"},
    {0x99D8, "\x74\x20\xc3\xa1\x69"},
    {0x99D9, "\x66\x20\xc3\xb9"},
    {0x99DA, "\x79\x20\xc7\x8e\x6e\x67"},
    {0x99DB, "\x73\x68\x20\xc7\x90"},
    {0x99DC, "\x62\x20\xc3\xac"},
    {0x99DD, "\x74\x20\x75\xc3\xb3"},
    {0x99DE, "\x74\x20\x75\xc3\xb3"},
    {0x99DF, "\x73\x20\xc3\xac"},
    {0x99E0, "\x6c\x20\x69\xc3\xba"},
    {0x99E1, "\x6d\x20\xc3\xa0"},
    {0x99E2, "\x70\x20\x69\xc3\xa1\x6e"},
    {0x99E3, "\x74\x20\xc3\xa1\x6f"},
    {0x99E4, "\x7a\x68\x20\xc3\xac"},
    {0x99E5, "\x72\x20\xc3\xb3\x6e\x67"},
    {0x99E6, "\x74\x20\xc3\xa9\x6e\x67"},
    {0x99E7, "\x64\x20\xc3\xb2\x6e\x67"},
    {0x99E8, "\x78\x20\xc5\xab\x6e"},
    {0x99E9, "\x71\x20\x75\xc4\x81\x6e"},
    {0x99EA, "\x73\x68\x20\xc4\x93\x6e"},
    {0x99EB, "\x6a\x20\x69\xc5\x8d\x6e\x67"},
    {0x99EC, "\xc4\x9b\x72"},
    {0x99ED, "\x68\x20\xc3\xa0\x69"},
    {0x99EE, "\x62\x20\xc3\xb3"},
    {0x99EF, "\x7a\x68\x20\xc5\xab"},
    {0x99F0, "\x79\x20\xc4\xab\x6e"},
    {0x99F1, "\x6c\x20\x75\xc3\xb2"},
    {0x99F2, "\x7a\x68\x20\xc5\x8d\x75"},
    {0x99F3, "\x64\x20\xc3\xa0\x6e"},
    {0x99F4, "\x68\x20\xc3\xa0\x69"},
    {0x99F5, "\x6c\x20\x69\xc3\xba"},
    {0x99F6, "\x6a\x20\xc3\xba"},
    {0x99F7, "\x73\x20\xc7\x92\x6e\x67"},
    {0x99F8, "\x71\x20\xc4\xab\x6e"},
    {0x99F9, "\x6d\x20\xc3\xa1\x6e\x67"},
    {0x99FA, "\x6c\x20\xc3\xa1\x6e\x67"},
    {0x99FB, "\x68\x20\xc3\xa0\x6e"},
    {0x99FC, "\x74\x20\xc3\xba"},
    {0x99FD, "\x78\x20\x75\xc4\x81\x6e"},
    {0x99FE, "\x74\x20\x75\xc3\xac"},
    {0x99FF, "\x6a\x20\xc3\xb9\x6e"},
    {0x9A00, "\xc4\x9b"},
    {0x9A01, "\x63\x68\x20\xc4\x9b\x6e\x67"},
    {0x9A02, "\x78\x20\xc4\xab\x6e\x67"},
    {0x9A03, "\xc3\xa1\x69"},
    {0x9A04, "\x6c\x20\xc3\xb9"},
    {0x9A05, "\x7a\x68\x20\x75\xc4\xab"},
    {0x9A06, "\x7a\x68\x20\xc5\x8d\x75"},
    {0x9A07, "\x73\x68\x20\xc3\xa8"},
    {0x9A08, "\x70\x20\x69\xc3\xa1\x6e"},
    {0x9A09, "\x6b\x20\xc5\xab\x6e"},
    {0x9A0A, "\x74\x20\xc3\xa1\x6f"},
    {0x9A0B, "\x6c\x20\xc3\xa1\x69"},
    {0x9A0C, "\x7a\x20\xc5\x8d\x6e\x67"},
    {0x9A0D, "\x6b\x20\xc3\xa8"},
    {0x9A0E, "\x71\x20\xc3\xad"},
    {0x9A0F, "\x71\x20\xc3\xad"},
    {0x9A10, "\x79\x20\xc3\xa0\x6e"},
    {0x9A11, "\x66\x20\xc4\x93\x69"},
    {0x9A12, "\x73\x20\xc4\x81\x6f"},
    {0x9A13, "\x79\x20\xc3\xa0\x6e"},
    {0x9A14, "\x67\x20\xc3\xa9"},
    {0x9A15, "\x79\x20\xc7\x8e\x6f"},
    {0x9A16, "\x77\x20\xc3\xb9"},
    {0x9A17, "\x70\x20\x69\xc3\xa0\x6e"},
    {0x9A18, "\x63\x20\xc5\x8d\x6e\x67"},
    {0x9A19, "\x70\x20\x69\xc3\xa0\x6e"},
    {0x9A1A, "\x71\x20\x69\xc3\xa1\x6e"},
    {0x9A1B, "\x66\x20\xc4\x93\x69"},
    {0x9A1C, "\x68\x20\x75\xc3\xa1\x6e\x67"},
    {0x9A1D, "\x71\x20\x69\xc3\xa1\x6e"},
    {0x9A1E, "\x68\x20\x75\xc5\x8d"},
    {0x9A1F, "\x79\x20\xc3\xba"},
    {0x9A20, "\x74\x20\xc3\xad"},
    {0x9A21, "\x71\x20\x75\xc3\xa1\x6e"},
    {0x9A22, "\x78\x20\x69\xc3\xa1"},
    {0x9A23, "\x7a\x20\xc5\x8d\x6e\x67"},
    {0x9A24, "\x6b\x20\x75\xc3\xad"},
    {0x9A25, "\x72\x20\xc3\xb3\x75"},
    {0x9A26, "\x73\x20\xc4\xab"},
    {0x9A27, "\x67\x20\x75\xc4\x81"},
    {0x9A28, "\x74\x20\x75\xc3\xb3"},
    {0x9A29, "\x67\x20\x75\xc4\xab"},
    {0x9A2A, "\x73\x20\xc5\x8d\x75"},
    {0x9A2B, "\x71\x20\x69\xc4\x81\x6e"},
    {0x9A2C, "\x63\x68\x20\xc3\xa9\x6e\x67"},
    {0x9A2D, "\x7a\x68\x20\xc3\xac"},
    {0x9A2E, "\x6c\x20\x69\xc3\xba"},
    {0x9A2F, "\x70\x20\xc3\xa9\x6e\x67"},
    {0x9A30, "\x74\x20\xc3\xa9\x6e\x67"},
    {0x9A31, "\x78\x20\xc3\xad"},
    {0x9A32, "\x63\x20\xc7\x8e\x6f"},
    {0x9A33, "\x64\x20\xc3\xba"},
    {0x9A34, "\x79\x20\xc3\xa0\x6e"},
    {0x9A35, "\x79\x20\x75\xc3\xa1\x6e"},
    {0x9A36, "\x7a\x20\xc5\x8d\x75"},
    {0x9A37, "\x73\x20\xc4\x81\x6f"},
    {0x9A38, "\x73\x68\x20\xc3\xa0\x6e"},
    {0x9A39, "\x71\x20\xc3\xad"},
    {0x9A3A, "\x7a\x68\x20\xc3\xac"},
    {0x9A3B, "\x73\x68\x20\x75\xc4\x81\x6e\x67"},
    {0x9A3C, "\x6c\x20\xc3\xb9"},
    {0x9A3D, "\x78\x20\xc3\xad"},
    {0x9A3E, "\x6c\x20\x75\xc3\xb3"},
    {0x9A3F, "\x7a\x68\x20\xc4\x81\x6e\x67"},
    {0x9A40, "\x6d\x20\xc3\xb2"},
    {0x9A41, "\xc3\xa0\x6f"},
    {0x9A42, "\x63\x20\xc4\x81\x6e"},
    {0x9A43, "\x62\x20\x69\xc4\x81\x6f"},
    {0x9A44, "\x63\x20\xc5\x8d\x6e\x67"},
    {0x9A45, "\x71\x20\xc5\xab"},
    {0x9A46, "\x62\x20\xc3\xac"},
    {0x9A47, "\x7a\x68\x20\xc3\xac"},
    {0x9A48, "\x79\x20\xc3\xb9"},
    {0x9A49, "\x78\x20\xc5\xab"},
    {0x9A4A, "\x68\x20\x75\xc3\xa1"},
    {0x9A4B, "\x62\x20\xc5\x8d"},
    {0x9A4C, "\x73\x20\xc3\xb9"},
    {0x9A4D, "\x78\x20\x69\xc4\x81\x6f"},
    {0x9A4E, "\x6c\x20\xc3\xad\x6e"},
    {0x9A4F, "\x7a\x68\x20\xc3\xa0\x6e"},
    {0x9A50, "\x64\x20\xc5\xab\x6e"},
    {0x9A51, "\x6c\x20\x69\xc3\xba"},
    {0x9A52, "\x74\x20\x75\xc3\xb3"},
    {0x9A53, "\x63\x20\xc3\xa9\x6e\x67"},
    {0x9A54, "\x64\x20\x69\xc3\xa0\x6e"},
    {0x9A55, "\x6a\x20\x69\xc4\x81\x6f"},
    {0x9A56, "\x74\x20\x69\xc4\x9b"},
    {0x9A57, "\x79\x20\xc3\xa0\x6e"},
    {0x9A58, "\x6c\x20\x75\xc3\xb3"},
    {0x9A59, "\x7a\x68\x20\xc4\x81\x6e"},
    {0x9A5A, "\x6a\x20\xc4\xab\x6e\x67"},
    {0x9A5B, "\x79\x20\xc3\xac"},
    {0x9A5C, "\x79\x20\xc3\xa8"},
    {0x9A5D, "\x74\x20\x75\xc5\x8d"},
    {0x9A5E, "\x70\x20\xc4\xab\x6e"},
    {0x9A5F, "\x7a\x68\x20\xc3\xb2\x75"},
    {0x9A60, "\x79\x20\xc3\xa0\x6e"},
    {0x9A61, "\x6c\x20\xc3\xb3\x6e\x67"},
    {0x9A62, "\x6c\x20\xc7\x98"},
    {0x9A63, "\x74\x20\xc3\xa9\x6e\x67"},
    {0x9A64, "\x78\x20\x69\xc4\x81\x6e\x67"},
    {0x9A65, "\x6a\x20\xc3\xac"},
    {0x9A66, "\x73\x68\x20\x75\xc4\x81\x6e\x67"},
    {0x9A67, "\x6a\x20\xc3\xba"},
    {0x9A68, "\x78\x20\xc3\xad"},
    {0x9A69, "\x68\x20\x75\xc4\x81\x6e"},
    {0x9A6A, "\x6c\x20\xc3\xad"},
    {0x9A6B, "\x62\x20\x69\xc4\x81\x6f"},
    {0x9A6C, "\x6d\x20\xc7\x8e"},
    {0x9A6D, "\x79\x20\xc3\xb9"},
    {0x9A6E, "\x74\x20\x75\xc3\xb3"},
    {0x9A6F, "\x78\x20\xc3\xb9\x6e"},
    {0x9A70, "\x63\x68\x20\xc3\xad"},
    {0x9A71, "\x71\x20\xc5\xab"},
    {0x9A72, "\x72\x20\xc3\xac"},
    {0x9A73, "\x62\x20\xc3\xb3"},
    {0x9A74, "\x6c\x20\xc7\x98"},
    {0x9A75, "\x7a\x20\xc7\x8e\x6e\x67"},
    {0x9A76, "\x73\x68\x20\xc7\x90"},
    {0x9A77, "\x73\x20\xc3\xac"},
    {0x9A78, "\x66\x20\xc3\xb9"},
    {0x9A79, "\x6a\x20\xc5\xab"},
    {0x9A7A, "\x7a\x20\xc5\x8d\x75"},
    {0x9A7B, "\x7a\x68\x20\xc3\xb9"},
    {0x9A7C, "\x74\x20\x75\xc3\xb3"},
    {0x9A7D, "\x6e\x20\xc3\xba"},
    {0x9A7E, "\x6a\x20\x69\xc3\xa0"},
    {0x9A7F, "\x79\x20\xc3\xac"},
    {0x9A80, "\x64\x20\xc3\xa0\x69"},
    {0x9A81, "\x78\x20\x69\xc4\x81\x6f"},
    {0x9A82, "\x6d\x20\xc3\xa0"},
    {0x9A83, "\x79\x20\xc4\xab\x6e"},
    {0x9A84, "\x6a\x20\x69\xc4\x81\x6f"},
    {0x9A85, "\x68\x20\x75\xc3\xa1"},
    {0x9A86, "\x6c\x20\x75\xc3\xb2"},
    {0x9A87, "\x68\x20\xc3\xa0\x69"},
    {0x9A88, "\x70\x20\x69\xc3\xa1\x6e"},
    {0x9A89, "\x62\x20\x69\xc4\x81\x6f"},
    {0x9A8A, "\x6c\x20\xc3\xad"},
    {0x9A8B, "\x63\x68\x20\xc4\x9b\x6e\x67"},
    {0x9A8C, "\x79\x20\xc3\xa0\x6e"},
    {0x9A8D, "\x78\x20\xc4\xab\x6e\x67"},
    {0x9A8E, "\x71\x20\xc4\xab\x6e"},
    {0x9A8F, "\x6a\x20\xc3\xb9\x6e"},
    {0x9A90, "\x71\x20\xc3\xad"},
    {0x9A91, "\x71\x20\xc3\xad"},
    {0x9A92, "\x6b\x20\xc3\xa8"},
    {0x9A93, "\x7a\x68\x20\x75\xc4\xab"},
    {0x9A94, "\x7a\x20\xc5\x8d\x6e\x67"},
    {0x9A95, "\x73\x20\xc3\xb9"},
    {0x9A96, "\x63\x20\xc4\x81\x6e"},
    {0x9A97, "\x70\x20\x69\xc3\xa0\x6e"},
    {0x9A98, "\x7a\x68\x20\xc3\xac"},
    {0x9A99, "\x6b\x20\x75\xc3\xad"},
    {0x9A9A, "\x73\x20\xc4\x81\x6f"},
    {0x9A9B, "\x77\x20\xc3\xb9"},
    {0x9A9C, "\xc3\xa0\x6f"},
    {0x9A9D, "\x6c\x20\x69\xc3\xba"},
    {0x9A9E, "\x71\x20\x69\xc4\x81\x6e"},
    {0x9A9F, "\x73\x68\x20\xc3\xa0\x6e"},
    {0x9AA0, "\x62\x20\x69\xc4\x81\x6f"},
    {0x9AA1, "\x6c\x20\x75\xc3\xb3"},
    {0x9AA2, "\x63\x20\xc5\x8d\x6e\x67"},
    {0x9AA3, "\x63\x68\x20\xc7\x8e\x6e"},
    {0x9AA4, "\x7a\x68\x20\xc3\xb2\x75"},
    {0x9AA5, "\x6a\x20\xc3\xac"},
    {0x9AA6, "\x73\x68\x20\x75\xc4\x81\x6e\x67"},
    {0x9AA7, "\x78\x20\x69\xc4\x81\x6e\x67"},
    {0x9AA8, "\x67\x20\xc7\x94"},
    {0x9AA9, "\x77\x20\xc4\x9b\x69"},
    {0x9AAA, "\x77\x20\xc4\x9b\x69"},
    {0x9AAB, "\x77\x20\xc4\x9b\x69"},
    {0x9AAC, "\x79\x20\xc3\xba"},
    {0x9AAD, "\x67\x20\xc3\xa0\x6e"},
    {0x9AAE, "\x79\x20\xc3\xac"},
    {0x9AAF, "\xc4\x81\x6e\x67"},
    {0x9AB0, "\x74\x20\xc3\xb3\x75"},
    {0x9AB1, "\x6a\x20\x69\xc3\xa8"},
    {0x9AB2, "\x62\x20\xc3\xa0\x6f"},
    {0x9AB3, "\x62\x20\xc3\xa8\x69"},
    {0x9AB4, "\x63\x20\xc4\xab"},
    {0x9AB5, "\x74\x20\xc7\x90"},
    {0x9AB6, "\x64\x20\xc7\x90"},
    {0x9AB7, "\x6b\x20\xc5\xab"},
    {0x9AB8, "\x68\x20\xc3\xa1\x69"},
    {0x9AB9, "\x71\x20\x69\xc4\x81\x6f"},
    {0x9ABA, "\x68\x20\xc3\xb3\x75"},
    {0x9ABB, "\x6b\x20\x75\xc3\xa0"},
    {0x9ABC, "\x67\x20\xc3\xa9"},
    {0x9ABD, "\x74\x20\x75\xc7\x90"},
    {0x9ABE, "\x67\x20\xc4\x9b\x6e\x67"},
    {0x9ABF, "\x70\x20\x69\xc3\xa1\x6e"},
    {0x9AC0, "\x62\x20\xc3\xac"},
    {0x9AC1, "\x6b\x20\xc4\x93"},
    {0x9AC2, "\x71\x20\x69\xc3\xa0"},
    {0x9AC3, "\x79\x20\xc3\xba"},
    {0x9AC4, "\x73\x20\x75\xc7\x90"},
    {0x9AC5, "\x6c\x20\xc3\xb3\x75"},
    {0x9AC6, "\x62\x20\xc3\xb3"},
    {0x9AC7, "\x78\x20\x69\xc4\x81\x6f"},
    {0x9AC8, "\x62\x20\xc7\x8e\x6e\x67"},
    {0x9AC9, "\x62\x20\xc3\xb3"},
    {0x9ACA, "\x63\x20\xc4\xab"},
    {0x9ACB, "\x6b\x20\x75\xc4\x81\x6e"},
    {0x9ACC, "\x62\x20\xc3\xac\x6e"},
    {0x9ACD, "\x6d\x20\xc3\xb3"},
    {0x9ACE, "\x6c\x20\x69\xc3\xa1\x6f"},
    {0x9ACF, "\x6c\x20\xc3\xb3\x75"},
    {0x9AD0, "\x78\x20\x69\xc4\x81\x6f"},
    {0x9AD1, "\x64\x20\xc3\xba"},
    {0x9AD2, "\x7a\x20\xc4\x81\x6e\x67"},
    {0x9AD3, "\x73\x20\x75\xc7\x90"},
    {0x9AD4, "\x74\x20\xc7\x90"},
    {0x9AD5, "\x62\x20\xc3\xac\x6e"},
    {0x9AD6, "\x6b\x20\x75\xc4\x81\x6e"},
    {0x9AD7, "\x6c\x20\xc3\xba"},
    {0x9AD8, "\x67\x20\xc4\x81\x6f"},
    {0x9AD9, "\x67\x20\xc4\x81\x6f"},
    {0x9ADA, "\x71\x20\x69\xc3\xa0\x6f"},
    {0x9ADB, "\x6b\x20\xc4\x81\x6f"},
    {0x9ADC, "\x71\x20\x69\xc7\x8e\x6f"},
    {0x9ADD, "\x6c\x20\xc3\xa1\x6f"},
    {0x9ADE, "\x73\x20\xc3\xa0\x6f"},
    {0x9ADF, "\x62\x20\x69\xc4\x81\x6f"},
    {0x9AE0, "\x6b\x20\xc5\xab\x6e"},
    {0x9AE1, "\x6b\x20\xc5\xab\x6e"},
    {0x9AE2, "\x64\x20\xc3\xad"},
    {0x9AE3, "\x66\x20\xc7\x8e\x6e\x67"},
    {0x9AE4, "\x78\x20\x69\xc5\xab"},
    {0x9AE5, "\x72\x20\xc3\xa1\x6e"},
    {0x9AE6, "\x6d\x20\xc3\xa1\x6f"},
    {0x9AE7, "\x64\x20\xc3\xa0\x6e"},
    {0x9AE8, "\x6b\x20\xc5\xab\x6e"},
    {0x9AE9, "\x62\x20\xc3\xac\x6e"},
    {0x9AEA, "\x66\x20\xc3\xa0"},
    {0x9AEB, "\x74\x20\x69\xc3\xa1\x6f"},
    {0x9AEC, "\x70\x20\xc4\xab"},
    {0x9AED, "\x7a\x20\xc4\xab"},
    {0x9AEE, "\x66\x20\xc3\xa0"},
    {0x9AEF, "\x72\x20\xc3\xa1\x6e"},
    {0x9AF0, "\x74\x20\xc3\xac"},
    {0x9AF1, "\x62\x20\xc3\xa0\x6f"},
    {0x9AF2, "\x62\x20\xc3\xac"},
    {0x9AF3, "\x6d\x20\xc3\xa1\x6f"},
    {0x9AF4, "\x66\x20\xc3\xba"},
    {0x9AF5, "\xc3\xa9\x72"},
    {0x9AF6, "\x72\x20\xc3\xb3\x6e\x67"},
    {0x9AF7, "\x71\x20\xc5\xab"},
    {0x9AF8, "\x67\x20\xc5\x8d\x6e\x67"},
    {0x9AF9, "\x78\x20\x69\xc5\xab"},
    {0x9AFA, "\x6b\x20\x75\xc3\xb2"},
    {0x9AFB, "\x6a\x20\xc3\xac"},
    {0x9AFC, "\x70\x20\xc3\xa9\x6e\x67"},
    {0x9AFD, "\x7a\x68\x20\x75\xc4\x81"},
    {0x9AFE, "\x73\x68\x20\xc4\x81\x6f"},
    {0x9AFF, "\x73\x20\x75\xc5\x8d"},
    {0x9B00, "\x74\x20\xc3\xac"},
    {0x9B01, "\x6c\x20\xc3\xac"},
    {0x9B02, "\x62\x20\xc3\xac\x6e"},
    {0x9B03, "\x7a\x20\xc5\x8d\x6e\x67"},
    {0x9B04, "\x64\x20\xc3\xad"},
    {0x9B05, "\x70\x20\xc3\xa9\x6e\x67"},
    {0x9B06, "\x73\x20\xc5\x8d\x6e\x67"},
    {0x9B07, "\x7a\x68\x20\xc4\x93\x6e\x67"},
    {0x9B08, "\x71\x20\x75\xc3\xa1\x6e"},
    {0x9B09, "\x7a\x20\xc5\x8d\x6e\x67"},
    {0x9B0A, "\x73\x68\x20\xc3\xb9\x6e"},
    {0x9B0B, "\x6a\x20\x69\xc7\x8e\x6e"},
    {0x9B0C, "\x74\x20\x75\xc7\x92"},
    {0x9B0D, "\x68\x20\xc3\xba"},
    {0x9B0E, "\x6c\x20\xc3\xa0"},
    {0x9B0F, "\x6a\x20\x69\xc5\xab"},
    {0x9B10, "\x71\x20\xc3\xad"},
    {0x9B11, "\x6c\x20\x69\xc3\xa1\x6e"},
    {0x9B12, "\x7a\x68\x20\xc4\x9b\x6e"},
    {0x9B13, "\x62\x20\xc3\xac\x6e"},
    {0x9B14, "\x70\x20\xc3\xa9\x6e\x67"},
    {0x9B15, "\x6d\x20\xc3\xa0"},
    {0x9B16, "\x73\x20\xc4\x81\x6e"},
    {0x9B17, "\x6d\x20\xc3\xa1\x6e"},
    {0x9B18, "\x6d\x20\xc3\xa1\x6e"},
    {0x9B19, "\x73\x20\xc4\x93\x6e\x67"},
    {0x9B1A, "\x78\x20\xc5\xab"},
    {0x9B1B, "\x6c\x20\x69\xc3\xa8"},
    {0x9B1C, "\x71\x20\x69\xc4\x81\x6e"},
    {0x9B1D, "\x71\x20\x69\xc4\x81\x6e"},
    {0x9B1E, "\x6e\x20\xc3\xa1\x6e\x67"},
    {0x9B1F, "\x68\x20\x75\xc3\xa1\x6e"},
    {0x9B20, "\x6b\x20\x75\xc3\xb2"},
    {0x9B21, "\x6e\x20\xc3\xad\x6e\x67"},
    {0x9B22, "\x62\x20\xc3\xac\x6e"},
    {0x9B23, "\x6c\x20\x69\xc3\xa8"},
    {0x9B24, "\x72\x20\xc3\xa1\x6e\x67"},
    {0x9B25, "\x64\x20\xc3\xb2\x75"},
    {0x9B26, "\x64\x20\xc3\xb2\x75"},
    {0x9B27, "\x6e\x20\xc3\xa0\x6f"},
    {0x9B28, "\x68\x20\xc3\xb2\x6e\x67"},
    {0x9B29, "\x78\x20\xc3\xac"},
    {0x9B2A, "\x64\x20\xc3\xb2\x75"},
    {0x9B2B, "\x68\x20\xc7\x8e\x6e"},
    {0x9B2C, "\x64\x20\xc3\xb2\x75"},
    {0x9B2D, "\x64\x20\xc3\xb2\x75"},
    {0x9B2E, "\x6a\x20\x69\xc5\xab"},
    {0x9B2F, "\x63\x68\x20\xc3\xa0\x6e\x67"},
    {0x9B30, "\x79\x20\xc3\xb9"},
    {0x9B31, "\x79\x20\xc3\xb9"},
    {0x9B32, "\x67\x20\xc3\xa9"},
    {0x9B33, "\x79\x20\xc3\xa0\x6e"},
    {0x9B34, "\x66\x20\xc7\x94"},
    {0x9B35, "\x71\x20\xc3\xad\x6e"},
    {0x9B36, "\x67\x20\x75\xc4\xab"},
    {0x9B37, "\x7a\x20\xc5\x8d\x6e\x67"},
    {0x9B38, "\x6c\x20\x69\xc3\xb9"},
    {0x9B39, "\x67\x20\x75\xc4\xab"},
    {0x9B3A, "\x73\x68\x20\xc4\x81\x6e\x67"},
    {0x9B3B, "\x79\x20\xc3\xb9"},
    {0x9B3C, "\x67\x20\x75\xc7\x90"},
    {0x9B3D, "\x6d\x20\xc3\xa8\x69"},
    {0x9B3E, "\x6a\x20\xc3\xac"},
    {0x9B3F, "\x71\x20\xc3\xad"},
    {0x9B40, "\x67\x20\xc3\xa0"},
    {0x9B41, "\x6b\x20\x75\xc3\xad"},
    {0x9B42, "\x68\x20\xc3\xba\x6e"},
    {0x9B43, "\x62\x20\xc3\xa1"},
    {0x9B44, "\x70\x20\xc3\xb2"},
    {0x9B45, "\x6d\x20\xc3\xa8\x69"},
    {0x9B46, "\x78\x20\xc5\xab"},
    {0x9B47, "\x79\x20\xc7\x8e\x6e"},
    {0x9B48, "\x78\x20\x69\xc4\x81\x6f"},
    {0x9B49, "\x6c\x20\x69\xc7\x8e\x6e\x67"},
    {0x9B4A, "\x79\x20\xc3\xb9"},
    {0x9B4B, "\x74\x20\x75\xc3\xad"},
    {0x9B4C, "\x71\x20\xc4\xab"},
    {0x9B4D, "\x77\x20\xc7\x8e\x6e\x67"},
    {0x9B4E, "\x6c\x20\x69\xc7\x8e\x6e\x67"},
    {0x9B4F, "\x77\x20\xc3\xa8\x69"},
    {0x9B50, "\x67\x20\xc4\x81\x6e"},
    {0x9B51, "\x63\x68\x20\xc4\xab"},
    {0x9B52, "\x70\x20\x69\xc4\x81\x6f"},
    {0x9B53, "\x62\x20\xc3\xac"},
    {0x9B54, "\x6d\x20\xc3\xb3"},
    {0x9B55, "\x6a\x20\xc7\x90"},
    {0x9B56, "\x78\x20\xc5\xab"},
    {0x9B57, "\x63\x68\x20\xc7\x92\x75"},
    {0x9B58, "\x79\x20\xc7\x8e\x6e"},
    {0x9B59, "\x7a\x68\x20\xc4\x81\x6e"},
    {0x9B5A, "\x79\x20\xc3\xba"},
    {0x9B5B, "\x64\x20\xc4\x81\x6f"},
    {0x9B5C, "\x72\x20\xc3\xa9\x6e"},
    {0x9B5D, "\x6a\x20\x69\xc3\xa9"},
    {0x9B5E, "\x62\x20\xc4\x81"},
    {0x9B5F, "\x68\x20\xc3\xb3\x6e\x67"},
    {0x9B60, "\x74\x20\x75\xc5\x8d"},
    {0x9B61, "\x64\x20\x69\xc3\xa0\x6f"},
    {0x9B62, "\x6a\x20\xc7\x90"},
    {0x9B63, "\x78\x20\xc3\xb9"},
    {0x9B64, "\xc3\xa9"},
    {0x9B65, "\xc3\xa8"},
    {0x9B66, "\x73\x68\x20\xc4\x81"},
    {0x9B67, "\x68\x20\xc3\xa1\x6e\x67"},
    {0x9B68, "\x74\x20\xc3\xba\x6e"},
    {0x9B69, "\x6d\x20\xc3\xb2"},
    {0x9B6A, "\x6a\x20\x69\xc3\xa8"},
    {0x9B6B, "\x73\x68\x20\xc4\x9b\x6e"},
    {0x9B6C, "\x62\x20\xc7\x8e\x6e"},
    {0x9B6D, "\x79\x20\x75\xc3\xa1\x6e"},
    {0x9B6E, "\x70\x20\xc3\xad"},
    {0x9B6F, "\x6c\x20\xc7\x94"},
    {0x9B70, "\x77\x20\xc3\xa9\x6e"},
    {0x9B71, "\x68\x20\xc3\xba"},
    {0x9B72, "\x6c\x20\xc3\xba"},
    {0x9B73, "\x7a\x20\xc4\x81"},
    {0x9B74, "\x66\x20\xc3\xa1\x6e\x67"},
    {0x9B75, "\x66\x20\xc3\xa9\x6e"},
    {0x9B76, "\x6e\x20\xc3\xa0"},
    {0x9B77, "\x79\x20\xc3\xb3\x75"},
    {0x9B78, "\x70\x20\x69\xc3\xa0\x6e"},
    {0x9B79, "\x6d\x20\xc3\xb3"},
    {0x9B7A, "\x68\x20\xc3\xa9"},
    {0x9B7B, "\x78\x20\x69\xc3\xa1"},
    {0x9B7C, "\x71\x20\xc5\xab"},
    {0x9B7D, "\x68\x20\xc3\xa1\x6e"},
    {0x9B7E, "\x70\x20\xc4\xab"},
    {0x9B7F, "\x6c\x20\xc3\xad\x6e\x67"},
    {0x9B80, "\x74\x20\x75\xc3\xb3"},
    {0x9B81, "\x62\x20\xc5\x8d"},
    {0x9B82, "\x71\x20\x69\xc3\xba"},
    {0x9B83, "\x70\x20\xc3\xad\x6e\x67"},
    {0x9B84, "\x66\x20\xc3\xba"},
    {0x9B85, "\x62\x20\xc3\xac"},
    {0x9B86, "\x63\x20\xc7\x90"},
    {0x9B87, "\x77\x20\xc3\xa8\x69"},
    {0x9B88, "\x6a\x20\xc5\xab"},
    {0x9B89, "\x64\x20\x69\xc4\x81\x6f"},
    {0x9B8A, "\x62\x20\xc3\xa0"},
    {0x9B8B, "\x79\x20\xc3\xb3\x75"},
    {0x9B8C, "\x67\x20\xc7\x94\x6e"},
    {0x9B8D, "\x70\x20\xc4\xab"},
    {0x9B8E, "\x6e\x20\x69\xc3\xa1\x6e"},
    {0x9B8F, "\x78\x20\xc4\xab\x6e\x67"},
    {0x9B90, "\x74\x20\xc3\xa1\x69"},
    {0x9B91, "\x62\x20\xc3\xa0\x6f"},
    {0x9B92, "\x66\x20\xc3\xb9"},
    {0x9B93, "\x7a\x68\x20\xc7\x8e"},
    {0x9B94, "\x6a\x20\xc3\xb9"},
    {0x9B95, "\x67\x20\xc5\xab"},
    {0x9B96, "\x73\x68\x20\xc3\xad"},
    {0x9B97, "\x64\x20\xc5\x8d\x6e\x67"},
    {0x9B98, "\x64\x20\x61\x69"},
    {0x9B99, "\x74\x20\xc3\xa0"},
    {0x9B9A, "\x6a\x20\x69\xc3\xa9"},
    {0x9B9B, "\x73\x68\x20\xc5\xab"},
    {0x9B9C, "\x68\x20\xc3\xb2\x75"},
    {0x9B9D, "\x78\x20\x69\xc7\x8e\x6e\x67"},
    {0x9B9E, "\xc3\xa9\x72"},
    {0x9B9F, "\xc3\xa0\x6e"},
    {0x9BA0, "\x77\x20\xc3\xa9\x69"},
    {0x9BA1, "\x7a\x68\x20\xc3\xa0\x6f"},
    {0x9BA2, "\x7a\x68\x20\xc5\xab"},
    {0x9BA3, "\x79\x20\xc3\xac\x6e"},
    {0x9BA4, "\x6c\x20\x69\xc3\xa8"},
    {0x9BA5, "\x6c\x20\x75\xc3\xb2"},
    {0x9BA6, "\x74\x20\xc3\xb3\x6e\x67"},
    {0x9BA7, "\x74\x20\xc7\x90"},
    {0x9BA8, "\x79\x20\xc3\xac"},
    {0x9BA9, "\x62\x20\xc3\xac\x6e\x67"},
    {0x9BAA, "\x77\x20\xc4\x9b\x69"},
    {0x9BAB, "\x6a\x20\x69\xc4\x81\x6f"},
    {0x9BAC, "\x6b\x20\xc5\xab"},
    {0x9BAD, "\x67\x20\x75\xc4\xab"},
    {0x9BAE, "\x78\x20\x69\xc4\x81\x6e"},
    {0x9BAF, "\x67\x20\xc3\xa9"},
    {0x9BB0, "\x68\x20\x75\xc3\xad"},
    {0x9BB1, "\x6c\x20\xc7\x8e\x6f"},
    {0x9BB2, "\x66\x20\xc3\xba"},
    {0x9BB3, "\x6b\x20\xc3\xa0\x6f"},
    {0x9BB4, "\x78\x20\x69\xc5\xab"},
    {0x9BB5, "\x64\x20\x75\xc3\xb3"},
    {0x9BB6, "\x6a\x20\xc5\xab\x6e"},
    {0x9BB7, "\x74\x20\xc3\xad"},
    {0x9BB8, "\x6d\x20\x69\xc7\x8e\x6e"},
    {0x9BB9, "\x73\x68\x20\xc4\x81\x6f"},
    {0x9BBA, "\x7a\x68\x20\xc7\x8e"},
    {0x9BBB, "\x73\x20\x75\xc5\x8d"},
    {0x9BBC, "\x71\x20\xc4\xab\x6e"},
    {0x9BBD, "\x79\x20\xc3\xba"},
    {0x9BBE, "\x6e\x20\xc4\x9b\x69"},
    {0x9BBF, "\x7a\x68\x20\xc3\xa9"},
    {0x9BC0, "\x67\x20\xc7\x94\x6e"},
    {0x9BC1, "\x67\x20\xc4\x9b\x6e\x67"},
    {0x9BC2, "\x73\x20\xc5\xab"},
    {0x9BC3, "\x77\x20\xc3\xba"},
    {0x9BC4, "\x71\x20\x69\xc3\xba"},
    {0x9BC5, "\x73\x68\x20\xc4\x81\x6e"},
    {0x9BC6, "\x70\x20\xc5\xab"},
    {0x9BC7, "\x68\x20\x75\xc3\xa0\x6e"},
    {0x9BC8, "\x74\x20\x69\xc3\xa1\x6f"},
    {0x9BC9, "\x6c\x20\xc7\x90"},
    {0x9BCA, "\x73\x68\x20\xc4\x81"},
    {0x9BCB, "\x73\x68\x20\xc4\x81"},
    {0x9BCC, "\x6b\x20\xc3\xa0\x6f"},
    {0x9BCD, "\x6d\x20\xc3\xa9\x6e\x67"},
    {0x9BCE, "\x63\x68\x20\xc3\xa9\x6e\x67"},
    {0x9BCF, "\x6c\x20\xc3\xad"},
    {0x9BD0, "\x7a\x20\xc7\x92\x75"},
    {0x9BD1, "\x78\x20\xc4\xab"},
    {0x9BD2, "\x79\x20\xc7\x92\x6e\x67"},
    {0x9BD3, "\x73\x68\x20\xc4\x93\x6e"},
    {0x9BD4, "\x7a\x20\xc4\xab"},
    {0x9BD5, "\x71\x20\xc3\xad"},
    {0x9BD6, "\x7a\x68\x20\xc4\x93\x6e\x67"},
    {0x9BD7, "\x78\x20\x69\xc7\x8e\x6e\x67"},
    {0x9BD8, "\x6e\x20\xc4\x9b\x69"},
    {0x9BD9, "\x63\x68\x20\xc3\xba\x6e"},
    {0x9BDA, "\x6a\x20\xc3\xac"},
    {0x9BDB, "\x64\x20\x69\xc4\x81\x6f"},
    {0x9BDC, "\x71\x20\x69\xc3\xa8"},
    {0x9BDD, "\x67\x20\xc3\xb9"},
    {0x9BDE, "\x7a\x68\x20\xc7\x92\x75"},
    {0x9BDF, "\x64\x20\xc5\x8d\x6e\x67"},
    {0x9BE0, "\x6c\x20\xc3\xa1\x69"},
    {0x9BE1, "\x66\x20\xc3\xa8\x69"},
    {0x9BE2, "\x6e\x20\xc3\xad"},
    {0x9BE3, "\x79\x20\xc3\xac"},
    {0x9BE4, "\x6b\x20\xc5\xab\x6e"},
    {0x9BE5, "\x6c\x20\xc3\xb9"},
    {0x9BE6, "\x6a\x20\x69\xc3\xb9"},
    {0x9BE7, "\x63\x68\x20\xc4\x81\x6e\x67"},
    {0x9BE8, "\x6a\x20\xc4\xab\x6e\x67"},
    {0x9BE9, "\x6c\x20\xc3\xba\x6e"},
    {0x9BEA, "\x6c\x20\xc3\xad\x6e\x67"},
    {0x9BEB, "\x7a\x20\xc5\x8d\x75"},
    {0x9BEC, "\x6c\x20\xc3\xad"},
    {0x9BED, "\x6d\x20\xc4\x9b\x6e\x67"},
    {0x9BEE, "\x7a\x20\xc5\x8d\x6e\x67"},
    {0x9BEF, "\x7a\x68\x20\xc3\xac"},
    {0x9BF0, "\x6e\x20\x69\xc3\xa1\x6e"},
    {0x9BF1, "\x68\x20\xc7\x94"},
    {0x9BF2, "\x79\x20\xc3\xba"},
    {0x9BF3, "\x64\x20\xc7\x90"},
    {0x9BF4, "\x73\x68\x20\xc4\xab"},
    {0x9BF5, "\x73\x68\x20\xc4\x93\x6e"},
    {0x9BF6, "\x68\x20\x75\xc3\xa0\x6e"},
    {0x9BF7, "\x74\x20\xc3\xad"},
    {0x9BF8, "\x68\x20\xc3\xb3\x75"},
    {0x9BF9, "\x78\x20\xc4\xab\x6e\x67"},
    {0x9BFA, "\x7a\x68\x20\xc5\xab"},
    {0x9BFB, "\x6c\x20\xc3\xa0"},
    {0x9BFC, "\x7a\x20\xc5\x8d\x6e\x67"},
    {0x9BFD, "\x7a\x20\xc3\xa9\x69"},
    {0x9BFE, "\x62\x20\x69\xc4\x81\x6e"},
    {0x9BFF, "\x62\x20\x69\xc4\x81\x6e"},
    {0x9C00, "\x68\x20\x75\xc3\xa0\x6e"},
    {0x9C01, "\x71\x20\x75\xc3\xa1\x6e"},
    {0x9C02, "\x7a\x20\xc3\xa9\x69"},
    {0x9C03, "\x77\x20\xc4\x93\x69"},
    {0x9C04, "\x77\x20\xc4\x93\x69"},
    {0x9C05, "\x79\x20\xc3\xba"},
    {0x9C06, "\x63\x68\x20\xc5\xab\x6e"},
    {0x9C07, "\x72\x20\xc3\xb3\x75"},
    {0x9C08, "\x64\x20\x69\xc3\xa9"},
    {0x9C09, "\x68\x20\x75\xc3\xa1\x6e\x67"},
    {0x9C0A, "\x6c\x20\x69\xc3\xa0\x6e"},
    {0x9C0B, "\x79\x20\xc7\x8e\x6e"},
    {0x9C0C, "\x71\x20\x69\xc5\xab"},
    {0x9C0D, "\x71\x20\x69\xc5\xab"},
    {0x9C0E, "\x6a\x20\x69\xc7\x8e\x6e"},
    {0x9C0F, "\x62\x20\xc4\xab"},
    {0x9C10, "\xc3\xa8"},
    {0x9C11, "\x79\x20\xc3\xa1\x6e\x67"},
    {0x9C12, "\x66\x20\xc3\xb9"},
    {0x9C13, "\x73\x20\xc4\x81\x69"},
    {0x9C14, "\x67\x20\xc7\x8e\x6e"},
    {0x9C15, "\x78\x20\x69\xc4\x81"},
    {0x9C16, "\x74\x20\x75\xc7\x92"},
    {0x9C17, "\x68\x20\xc3\xba"},
    {0x9C18, "\x73\x68\x20\xc3\xac"},
    {0x9C19, "\x72\x20\x75\xc3\xb2"},
    {0x9C1A, "\x78\x20\x75\xc4\x81\x6e"},
    {0x9C1B, "\x77\x20\xc4\x93\x6e"},
    {0x9C1C, "\x71\x20\x69\xc3\xa0\x6e"},
    {0x9C1D, "\x68\x20\xc3\xa0\x6f"},
    {0x9C1E, "\x77\x20\xc5\xab"},
    {0x9C1F, "\x66\x20\xc3\xa1\x6e\x67"},
    {0x9C20, "\x73\x20\xc4\x81\x6f"},
    {0x9C21, "\x6c\x20\x69\xc3\xba"},
    {0x9C22, "\x6d\x20\xc7\x8e"},
    {0x9C23, "\x73\x68\x20\xc3\xad"},
    {0x9C24, "\x73\x68\x20\xc4\xab"},
    {0x9C25, "\x67\x20\x75\xc4\x81\x6e"},
    {0x9C26, "\x7a\x20\xc4\xab"},
    {0x9C27, "\x74\x20\xc3\xa9\x6e\x67"},
    {0x9C28, "\x74\x20\xc7\x8e"},
    {0x9C29, "\x79\x20\xc3\xa1\x6f"},
    {0x9C2A, "\xc3\xa9"},
    {0x9C2B, "\x79\x20\xc3\xb3\x6e\x67"},
    {0x9C2C, "\x71\x20\x69\xc3\xa1\x6e"},
    {0x9C2D, "\x71\x20\xc3\xad"},
    {0x9C2E, "\x77\x20\xc4\x93\x6e"},
    {0x9C2F, "\x72\x20\x75\xc3\xb2"},
    {0x9C30, "\x73\x68\x20\xc3\xa9\x6e"},
    {0x9C31, "\x6c\x20\x69\xc3\xa1\x6e"},
    {0x9C32, "\xc3\xa1\x6f"},
    {0x9C33, "\x6c\x20\xc3\xa8"},
    {0x9C34, "\x68\x20\x75\xc4\xab"},
    {0x9C35, "\x6d\x20\xc7\x90\x6e"},
    {0x9C36, "\x6a\x20\xc3\xac"},
    {0x9C37, "\x74\x20\x69\xc3\xa1\x6f"},
    {0x9C38, "\x71\x20\xc5\xab"},
    {0x9C39, "\x6a\x20\x69\xc4\x81\x6e"},
    {0x9C3A, "\x73\x68\x20\xc4\x93\x6e"},
    {0x9C3B, "\x6d\x20\xc3\xa1\x6e"},
    {0x9C3C, "\x78\x20\xc3\xad"},
    {0x9C3D, "\x71\x20\x69\xc3\xba"},
    {0x9C3E, "\x62\x20\x69\xc3\xa0\x6f"},
    {0x9C3F, "\x6a\x20\xc3\xac"},
    {0x9C40, "\x6a\x20\xc3\xac"},
    {0x9C41, "\x7a\x68\x20\xc3\xba"},
    {0x9C42, "\x6a\x20\x69\xc4\x81\x6e\x67"},
    {0x9C43, "\x78\x20\x69\xc5\xab"},
    {0x9C44, "\x7a\x68\x20\x75\xc4\x81\x6e"},
    {0x9C45, "\x79\x20\xc5\x8d\x6e\x67"},
    {0x9C46, "\x7a\x68\x20\xc4\x81\x6e\x67"},
    {0x9C47, "\x6b\x20\xc4\x81\x6e\x67"},
    {0x9C48, "\x78\x20\x75\xc4\x9b"},
    {0x9C49, "\x62\x20\x69\xc4\x93"},
    {0x9C4A, "\x79\x20\xc3\xb9"},
    {0x9C4B, "\x71\x20\xc5\xab"},
    {0x9C4C, "\x78\x20\x69\xc3\xa0\x6e\x67"},
    {0x9C4D, "\x62\x20\xc5\x8d"},
    {0x9C4E, "\x6a\x20\x69\xc7\x8e\x6f"},
    {0x9C4F, "\x78\x20\xc3\xba\x6e"},
    {0x9C50, "\x73\x20\xc3\xb9"},
    {0x9C51, "\x68\x20\x75\xc3\xa1\x6e\x67"},
    {0x9C52, "\x7a\x20\xc5\xab\x6e"},
    {0x9C53, "\x73\x68\x20\xc3\xa0\x6e"},
    {0x9C54, "\x73\x68\x20\xc3\xa0\x6e"},
    {0x9C55, "\x66\x20\xc4\x81\x6e"},
    {0x9C56, "\x67\x20\x75\xc3\xac"},
    {0x9C57, "\x6c\x20\xc3\xad\x6e"},
    {0x9C58, "\x78\x20\xc3\xba\x6e"},
    {0x9C59, "\x6d\x20\x69\xc3\xa1\x6f"},
    {0x9C5A, "\x78\x20\xc7\x90"},
    {0x9C5B, "\x7a\x20\xc4\x93\x6e\x67"},
    {0x9C5C, "\x78\x20\x69\xc4\x81\x6e\x67"},
    {0x9C5D, "\x66\x20\xc3\xa8\x6e"},
    {0x9C5E, "\x67\x20\x75\xc4\x81\x6e"},
    {0x9C5F, "\x68\x20\xc3\xb2\x75"},
    {0x9C60, "\x6b\x20\x75\xc3\xa0\x69"},
    {0x9C61, "\x7a\x20\xc3\xa9\x69"},
    {0x9C62, "\x73\x20\xc4\x81\x6f"},
    {0x9C63, "\x7a\x68\x20\xc4\x81\x6e"},
    {0x9C64, "\x67\x20\xc7\x8e\x6e"},
    {0x9C65, "\x67\x20\x75\xc3\xac"},
    {0x9C66, "\x79\x20\xc3\xac\x6e\x67"},
    {0x9C67, "\x6c\x20\xc7\x90"},
    {0x9C68, "\x63\x68\x20\xc3\xa1\x6e\x67"},
    {0x9C69, "\x6c\x20\xc3\xa9\x69"},
    {0x9C6A, "\x73\x68\x20\xc7\x94"},
    {0x9C6B, "\xc3\xa0\x69"},
    {0x9C6C, "\x72\x20\xc3\xba"},
    {0x9C6D, "\x6a\x20\xc3\xac"},
    {0x9C6E, "\x78\x20\xc3\xb9"},
    {0x9C6F, "\x68\x20\xc3\xb9"},
    {0x9C70, "\x73\x68\x20\xc7\x94"},
    {0x9C71, "\x6c\x20\xc3\xac"},
    {0x9C72, "\x6c\x20\x69\xc3\xa8"},
    {0x9C73, "\x6c\x20\xc3\xac"},
    {0x9C74, "\x6d\x20\x69\xc3\xa8"},
    {0x9C75, "\x7a\x68\x20\xc4\x93\x6e"},
    {0x9C76, "\x78\x20\x69\xc7\x8e\x6e\x67"},
    {0x9C77, "\xc3\xa8"},
    {0x9C78, "\x6c\x20\xc3\xba"},
    {0x9C79, "\x67\x20\x75\xc3\xa0\x6e"},
    {0x9C7A, "\x6c\x20\xc3\xad"},
    {0x9C7B, "\x78\x20\x69\xc4\x81\x6e"},
    {0x9C7C, "\x79\x20\xc3\xba"},
    {0x9C7D, "\x64\x20\xc4\x81\x6f"},
    {0x9C7E, "\x6a\x20\xc7\x90"},
    {0x9C7F, "\x79\x20\xc3\xb3\x75"},
    {0x9C80, "\x74\x20\xc3\xba\x6e"},
    {0x9C81, "\x6c\x20\xc7\x94"},
    {0x9C82, "\x66\x20\xc3\xa1\x6e\x67"},
    {0x9C83, "\x62\x20\xc4\x81"},
    {0x9C84, "\x68\x20\xc3\xa9"},
    {0x9C85, "\x62\x20\xc3\xa0"},
    {0x9C86, "\x70\x20\xc3\xad\x6e\x67"},
    {0x9C87, "\x6e\x20\x69\xc3\xa1\x6e"},
    {0x9C88, "\x6c\x20\xc3\xba"},
    {0x9C89, "\x79\x20\xc3\xb3\x75"},
    {0x9C8A, "\x7a\x68\x20\xc7\x8e"},
    {0x9C8B, "\x66\x20\xc3\xb9"},
    {0x9C8C, "\x62\x20\xc3\xa0"},
    {0x9C8D, "\x62\x20\xc3\xa0\x6f"},
    {0x9C8E, "\x68\x20\xc3\xb2\x75"},
    {0x9C8F, "\x70\x20\xc3\xad"},
    {0x9C90, "\x74\x20\xc3\xa1\x69"},
    {0x9C91, "\x67\x20\x75\xc4\xab"},
    {0x9C92, "\x6a\x20\x69\xc3\xa9"},
    {0x9C93, "\x6b\x20\xc3\xa0\x6f"},
    {0x9C94, "\x77\x20\xc4\x9b\x69"},
    {0x9C95, "\xc3\xa9\x72"},
    {0x9C96, "\x74\x20\xc3\xb3\x6e\x67"},
    {0x9C97, "\x7a\x20\xc3\xa9\x69"},
    {0x9C98, "\x68\x20\xc3\xb2\x75"},
    {0x9C99, "\x6b\x20\x75\xc3\xa0\x69"},
    {0x9C9A, "\x6a\x20\xc3\xac"},
    {0x9C9B, "\x6a\x20\x69\xc4\x81\x6f"},
    {0x9C9C, "\x78\x20\x69\xc4\x81\x6e"},
    {0x9C9D, "\x7a\x68\x20\xc7\x8e"},
    {0x9C9E, "\x78\x20\x69\xc7\x8e\x6e\x67"},
    {0x9C9F, "\x78\x20\xc3\xba\x6e"},
    {0x9CA0, "\x67\x20\xc4\x9b\x6e\x67"},
    {0x9CA1, "\x6c\x20\xc3\xad"},
    {0x9CA2, "\x6c\x20\x69\xc3\xa1\x6e"},
    {0x9CA3, "\x6a\x20\x69\xc4\x81\x6e"},
    {0x9CA4, "\x6c\x20\xc7\x90"},
    {0x9CA5, "\x73\x68\x20\xc3\xad"},
    {0x9CA6, "\x74\x20\x69\xc3\xa1\x6f"},
    {0x9CA7, "\x67\x20\xc7\x94\x6e"},
    {0x9CA8, "\x73\x68\x20\xc4\x81"},
    {0x9CA9, "\x68\x20\x75\xc3\xa0\x6e"},
    {0x9CAA, "\x6a\x20\xc5\xab\x6e"},
    {0x9CAB, "\x6a\x20\xc3\xac"},
    {0x9CAC, "\x79\x20\xc7\x92\x6e\x67"},
    {0x9CAD, "\x71\x20\xc4\xab\x6e\x67"},
    {0x9CAE, "\x6c\x20\xc3\xad\x6e\x67"},
    {0x9CAF, "\x71\x20\xc3\xad"},
    {0x9CB0, "\x7a\x20\xc5\x8d\x75"},
    {0x9CB1, "\x66\x20\xc4\x93\x69"},
    {0x9CB2, "\x6b\x20\xc5\xab\x6e"},
    {0x9CB3, "\x63\x68\x20\xc4\x81\x6e\x67"},
    {0x9CB4, "\x67\x20\xc3\xb9"},
    {0x9CB5, "\x6e\x20\xc3\xad"},
    {0x9CB6, "\x6e\x20\x69\xc3\xa1\x6e"},
    {0x9CB7, "\x64\x20\x69\xc4\x81\x6f"},
    {0x9CB8, "\x6a\x20\xc4\xab\x6e\x67"},
    {0x9CB9, "\x73\x68\x20\xc4\x93\x6e"},
    {0x9CBA, "\x73\x68\x20\xc4\xab"},
    {0x9CBB, "\x7a\x20\xc4\xab"},
    {0x9CBC, "\x66\x20\xc3\xa8\x6e"},
    {0x9CBD, "\x64\x20\x69\xc3\xa9"},
    {0x9CBE, "\x62\x20\xc4\xab"},
    {0x9CBF, "\x63\x68\x20\xc3\xa1\x6e\x67"},
    {0x9CC0, "\x74\x20\xc3\xad"},
    {0x9CC1, "\x77\x20\xc4\x93\x6e"},
    {0x9CC2, "\x77\x20\xc4\x93\x69"},
    {0x9CC3, "\x73\x20\xc4\x81\x69"},
    {0x9CC4, "\xc3\xa8"},
    {0x9CC5, "\x71\x20\x69\xc5\xab"},
    {0x9CC6, "\x66\x20\xc3\xb9"},
    {0x9CC7, "\x68\x20\x75\xc3\xa1\x6e\x67"},
    {0x9CC8, "\x71\x20\x75\xc3\xa1\x6e"},
    {0x9CC9, "\x6a\x20\x69\xc4\x81\x6e\x67"},
    {0x9CCA, "\x62\x20\x69\xc4\x81\x6e"},
    {0x9CCB, "\x73\x20\xc4\x81\x6f"},
    {0x9CCC, "\xc3\xa1\x6f"},
    {0x9CCD, "\x71\x20\xc3\xad"},
    {0x9CCE, "\x74\x20\xc7\x8e"},
    {0x9CCF, "\x67\x20\x75\xc4\x81\x6e"},
    {0x9CD0, "\x79\x20\xc3\xa1\x6f"},
    {0x9CD1, "\x70\x20\xc3\xa1\x6e\x67"},
    {0x9CD2, "\x6a\x20\x69\xc4\x81\x6e"},
    {0x9CD3, "\x6c\x20\xc3\xa8"},
    {0x9CD4, "\x62\x20\x69\xc3\xa0\x6f"},
    {0x9CD5, "\x78\x20\x75\xc4\x9b"},
    {0x9CD6, "\x62\x20\x69\xc4\x93"},
    {0x9CD7, "\x6d\x20\xc3\xa1\x6e"},
    {0x9CD8, "\x6d\x20\xc7\x90\x6e"},
    {0x9CD9, "\x79\x20\xc5\x8d\x6e\x67"},
    {0x9CDA, "\x77\x20\xc3\xa8\x69"},
    {0x9CDB, "\x78\x20\xc3\xad"},
    {0x9CDC, "\x67\x20\x75\xc3\xac"},
    {0x9CDD, "\x73\x68\x20\xc3\xa0\x6e"},
    {0x9CDE, "\x6c\x20\xc3\xad\x6e"},
    {0x9CDF, "\x7a\x20\xc5\xab\x6e"},
    {0x9CE0, "\x68\x20\xc3\xb9"},
    {0x9CE1, "\x67\x20\xc7\x8e\x6e"},
    {0x9CE2, "\x6c\x20\xc7\x90"},
    {0x9CE3, "\x7a\x68\x20\xc4\x81\x6e"},
    {0x9CE4, "\x67\x20\x75\xc7\x8e\x6e"},
    {0x9CE5, "\x6e\x20\x69\xc7\x8e\x6f"},
    {0x9CE6, "\x79\x20\xc7\x90"},
    {0x9CE7, "\x66\x20\xc3\xba"},
    {0x9CE8, "\x6c\x20\xc3\xac"},
    {0x9CE9, "\x6a\x20\x69\xc5\xab"},
    {0x9CEA, "\x62\x20\xc3\xba"},
    {0x9CEB, "\x79\x20\xc3\xa0\x6e"},
    {0x9CEC, "\x66\x20\xc7\x94"},
    {0x9CED, "\x64\x20\x69\xc4\x81\x6f"},
    {0x9CEE, "\x6a\x20\xc4\xab"},
    {0x9CEF, "\x66\x20\xc3\xa8\x6e\x67"},
    {0x9CF0, "\x72\x20\xc3\xb9"},
    {0x9CF1, "\x67\x20\xc4\x81\x6e"},
    {0x9CF2, "\x73\x68\x20\xc4\xab"},
    {0x9CF3, "\x66\x20\xc3\xa8\x6e\x67"},
    {0x9CF4, "\x6d\x20\xc3\xad\x6e\x67"},
    {0x9CF5, "\x62\x20\xc7\x8e\x6f"},
    {0x9CF6, "\x79\x20\x75\xc4\x81\x6e"},
    {0x9CF7, "\x7a\x68\x20\xc4\xab"},
    {0x9CF8, "\x68\x20\xc3\xb9"},
    {0x9CF9, "\x71\x20\xc3\xad\x6e"},
    {0x9CFA, "\x66\x20\xc5\xab"},
    {0x9CFB, "\x62\x20\xc4\x81\x6e"},
    {0x9CFC, "\x77\x20\xc3\xa9\x6e"},
    {0x9CFD, "\x6a\x20\x69\xc4\x81\x6e"},
    {0x9CFE, "\x73\x68\x20\xc4\xab"},
    {0x9CFF, "\x79\x20\xc3\xb9"},
    {0x9D00, "\x66\x20\xc7\x92\x75"},
    {0x9D01, "\x79\x20\xc4\x81\x6f"},
    {0x9D02, "\x6a\x20\x75\xc3\xa9"},
    {0x9D03, "\x6a\x20\x75\xc3\xa9"},
    {0x9D04, "\x70\x20\xc7\x90"},
    {0x9D05, "\x68\x20\x75\xc4\x81\x6e"},
    {0x9D06, "\x7a\x68\x20\xc3\xa8\x6e"},
    {0x9D07, "\x62\x20\xc7\x8e\x6f"},
    {0x9D08, "\x79\x20\xc3\xa0\x6e"},
    {0x9D09, "\x79\x20\xc4\x81"},
    {0x9D0A, "\x7a\x68\x20\xc3\xa8\x6e\x67"},
    {0x9D0B, "\x66\x20\xc4\x81\x6e\x67"},
    {0x9D0C, "\x66\x20\xc3\xa8\x6e\x67"},
    {0x9D0D, "\x77\x20\xc3\xa9\x6e"},
    {0x9D0E, "\xc5\x8d\x75"},
    {0x9D0F, "\x64\x20\xc3\xa0\x69"},
    {0x9D10, "\x67\x20\xc4\x93"},
    {0x9D11, "\x72\x20\xc3\xba"},
    {0x9D12, "\x6c\x20\xc3\xad\x6e\x67"},
    {0x9D13, "\x6d\x20\x69\xc3\xa8"},
    {0x9D14, "\x66\x20\xc3\xba"},
    {0x9D15, "\x74\x20\x75\xc3\xb3"},
    {0x9D16, "\x6d\x20\xc3\xad\x6e"},
    {0x9D17, "\x6c\x20\xc3\xac"},
    {0x9D18, "\x62\x20\x69\xc7\x8e\x6e"},
    {0x9D19, "\x7a\x68\x20\xc3\xac"},
    {0x9D1A, "\x67\x20\xc4\x93"},
    {0x9D1B, "\x79\x20\x75\xc4\x81\x6e"},
    {0x9D1C, "\x63\x20\xc3\xad"},
    {0x9D1D, "\x71\x20\xc3\xba"},
    {0x9D1E, "\x78\x20\x69\xc4\x81\x6f"},
    {0x9D1F, "\x63\x68\x20\xc4\xab"},
    {0x9D20, "\x64\x20\xc3\xa0\x6e"},
    {0x9D21, "\x6a\x20\xc5\xab"},
    {0x9D22, "\x79\x20\xc7\x8e\x6f"},
    {0x9D23, "\x67\x20\xc5\xab"},
    {0x9D24, "\x7a\x68\x20\xc5\x8d\x6e\x67"},
    {0x9D25, "\x79\x20\xc3\xb9"},
    {0x9D26, "\x79\x20\xc4\x81\x6e\x67"},
    {0x9D27, "\x79\x20\xc3\xb9"},
    {0x9D28, "\x79\x20\xc4\x81"},
    {0x9D29, "\x74\x20\x69\xc4\x9b"},
    {0x9D2A, "\x79\x20\xc3\xb9"},
    {0x9D2B, "\x74\x20\x69\xc3\xa1\x6e"},
    {0x9D2C, "\x79\x20\xc4\xab\x6e\x67"},
    {0x9D2D, "\x64\x20\x75\xc4\xab"},
    {0x9D2E, "\x77\x20\xc5\xab"},
    {0x9D2F, "\xc3\xa9\x72"},
    {0x9D30, "\x67\x20\x75\xc4\x81"},
    {0x9D31, "\xc3\xa0\x69"},
    {0x9D32, "\x7a\x68\x20\xc4\xab"},
    {0x9D33, "\x79\x20\xc3\xa0\x6e"},
    {0x9D34, "\x68\x20\xc3\xa9\x6e\x67"},
    {0x9D35, "\x78\x20\x69\xc4\x81\x6f"},
    {0x9D36, "\x6a\x20\x69\xc3\xa1"},
    {0x9D37, "\x6c\x20\x69\xc3\xa8"},
    {0x9D38, "\x7a\x68\x20\xc5\xab"},
    {0x9D39, "\x79\x20\xc3\xa1\x6e\x67"},
    {0x9D3A, "\x74\x20\xc3\xad"},
    {0x9D3B, "\x68\x20\xc3\xb3\x6e\x67"},
    {0x9D3C, "\x6c\x20\x75\xc3\xb2"},
    {0x9D3D, "\x72\x20\xc3\xba"},
    {0x9D3E, "\x6d\x20\xc3\xb3\x75"},
    {0x9D3F, "\x67\x20\xc4\x93"},
    {0x9D40, "\x72\x20\xc3\xa9\x6e"},
    {0x9D41, "\x6a\x20\x69\xc4\x81\x6f"},
    {0x9D42, "\x78\x20\x69\xc5\xab"},
    {0x9D43, "\x7a\x68\x20\xc5\x8d\x75"},
    {0x9D44, "\x63\x68\x20\xc4\xab"},
    {0x9D45, "\x6c\x20\x75\xc3\xb2"},
    {0x9D46, "\x68\x20\xc3\xa9\x6e\x67"},
    {0x9D47, "\x6e\x20\x69\xc3\xa1\x6e"},
    {0x9D48, "\xc4\x9b"},
    {0x9D49, "\x6c\x20\x75\xc3\xa1\x6e"},
    {0x9D4A, "\x6a\x20\x69\xc3\xa1"},
    {0x9D4B, "\x6a\x20\xc3\xac"},
    {0x9D4C, "\x74\x20\xc3\xba"},
    {0x9D4D, "\x68\x20\x75\xc4\x81\x6e"},
    {0x9D4E, "\x74\x20\x75\xc7\x92"},
    {0x9D4F, "\x62\x20\xc7\x94"},
    {0x9D50, "\x77\x20\xc3\xba"},
    {0x9D51, "\x6a\x20\x75\xc4\x81\x6e"},
    {0x9D52, "\x79\x20\xc3\xb9"},
    {0x9D53, "\x62\x20\xc3\xb3"},
    {0x9D54, "\x6a\x20\xc3\xb9\x6e"},
    {0x9D55, "\x6a\x20\xc3\xb9\x6e"},
    {0x9D56, "\x62\x20\xc4\xab"},
    {0x9D57, "\x78\x20\xc4\xab"},
    {0x9D58, "\x6a\x20\xc3\xb9\x6e"},
    {0x9D59, "\x6a\x20\xc3\xba"},
    {0x9D5A, "\x74\x20\xc5\xab"},
    {0x9D5B, "\x6a\x20\xc4\xab\x6e\x67"},
    {0x9D5C, "\x74\x20\xc3\xad"},
    {0x9D5D, "\xc3\xa9"},
    {0x9D5E, "\xc3\xa9"},
    {0x9D5F, "\x6b\x20\x75\xc3\xa1\x6e\x67"},
    {0x9D60, "\x68\x20\xc3\xba"},
    {0x9D61, "\x77\x20\xc7\x94"},
    {0x9D62, "\x73\x68\x20\xc4\x93\x6e"},
    {0x9D63, "\x6c\x20\xc3\xa0\x69"},
    {0x9D64, "\x6a\x20\x69\x61\x6f"},
    {0x9D65, "\x70\x20\xc3\xa0\x6e"},
    {0x9D66, "\x6c\x20\xc3\xb9"},
    {0x9D67, "\x70\x20\xc3\xad"},
    {0x9D68, "\x73\x68\x20\xc5\xab"},
    {0x9D69, "\x66\x20\xc3\xba"},
    {0x9D6A, "\xc4\x81\x6e"},
    {0x9D6B, "\x7a\x68\x20\x75\xc3\xb3"},
    {0x9D6C, "\x70\x20\xc3\xa9\x6e\x67"},
    {0x9D6D, "\x71\x20\xc3\xad\x6e"},
    {0x9D6E, "\x71\x20\x69\xc4\x81\x6e"},
    {0x9D6F, "\x62\x20\xc4\x93\x69"},
    {0x9D70, "\x64\x20\x69\xc4\x81\x6f"},
    {0x9D71, "\x6c\x20\xc3\xb9"},
    {0x9D72, "\x71\x20\x75\xc3\xa8"},
    {0x9D73, "\x6a\x20\x69\xc4\x81\x6e"},
    {0x9D74, "\x6a\x20\xc3\xba"},
    {0x9D75, "\x74\x20\xc3\xb9"},
    {0x9D76, "\x79\x20\xc4\x81"},
    {0x9D77, "\x79\x20\x75\xc4\x81\x6e"},
    {0x9D78, "\x71\x20\xc3\xad"},
    {0x9D79, "\x6c\x20\xc3\xad"},
    {0x9D7A, "\x79\x20\xc3\xa8"},
    {0x9D7B, "\x7a\x68\x20\x75\xc4\xab"},
    {0x9D7C, "\x6b\x20\xc5\x8d\x6e\x67"},
    {0x9D7D, "\x64\x20\x75\xc3\xb2"},
    {0x9D7E, "\x6b\x20\xc5\xab\x6e"},
    {0x9D7F, "\x73\x68\x20\xc4\x93\x6e\x67"},
    {0x9D80, "\x71\x20\xc3\xad"},
    {0x9D81, "\x6a\x20\xc4\xab\x6e\x67"},
    {0x9D82, "\x79\x20\xc3\xac"},
    {0x9D83, "\x79\x20\xc3\xac"},
    {0x9D84, "\x6a\x20\xc4\xab\x6e\x67"},
    {0x9D85, "\x7a\x20\xc4\xab"},
    {0x9D86, "\x6c\x20\xc3\xa1\x69"},
    {0x9D87, "\x64\x20\xc5\x8d\x6e\x67"},
    {0x9D88, "\x71\x20\xc4\xab"},
    {0x9D89, "\x63\x68\x20\xc3\xba\x6e"},
    {0x9D8A, "\x67\x20\xc4\x93\x6e\x67"},
    {0x9D8B, "\x6a\x20\xc5\xab"},
    {0x9D8C, "\x6a\x20\x75\xc3\xa9"},
    {0x9D8D, "\x79\x20\xc3\xac"},
    {0x9D8E, "\x7a\x20\xc5\xab\x6e"},
    {0x9D8F, "\x6a\x20\xc4\xab"},
    {0x9D90, "\x73\x68\x20\xc3\xb9"},
    {0x9D91, "\x79\x20\xc4\xab\x6e\x67"},
    {0x9D92, "\x63\x68\x20\xc3\xac"},
    {0x9D93, "\x6d\x20\x69\xc3\xa1\x6f"},
    {0x9D94, "\x72\x20\xc3\xb3\x75"},
    {0x9D95, "\xc4\x81\x6e"},
    {0x9D96, "\x71\x20\x69\xc5\xab"},
    {0x9D97, "\x74\x20\xc3\xad"},
    {0x9D98, "\x68\x20\xc3\xba"},
    {0x9D99, "\x74\x20\xc3\xad"},
    {0x9D9A, "\xc3\xa8"},
    {0x9D9B, "\x6a\x20\x69\xc4\x93"},
    {0x9D9C, "\x6d\x20\xc3\xa1\x6f"},
    {0x9D9D, "\x66\x20\xc3\xba"},
    {0x9D9E, "\x63\x68\x20\xc5\xab\x6e"},
    {0x9D9F, "\x74\x20\xc3\xba"},
    {0x9DA0, "\x79\x20\xc7\x8e\x6e"},
    {0x9DA1, "\x68\x20\xc3\xa9"},
    {0x9DA2, "\x79\x20\x75\xc3\xa1\x6e"},
    {0x9DA3, "\x70\x20\x69\xc4\x81\x6e"},
    {0x9DA4, "\x6b\x20\xc5\xab\x6e"},
    {0x9DA5, "\x6d\x20\xc3\xa9\x69"},
    {0x9DA6, "\x68\x20\xc3\xba"},
    {0x9DA7, "\x79\x20\xc4\xab\x6e\x67"},
    {0x9DA8, "\x63\x68\x20\x75\xc3\xa0\x6e"},
    {0x9DA9, "\x77\x20\xc3\xb9"},
    {0x9DAA, "\x6a\x20\xc3\xba"},
    {0x9DAB, "\x64\x20\xc5\x8d\x6e\x67"},
    {0x9DAC, "\x63\x20\xc4\x81\x6e\x67"},
    {0x9DAD, "\x66\x20\xc7\x8e\x6e\x67"},
    {0x9DAE, "\x68\x20\xc3\xa8"},
    {0x9DAF, "\x79\x20\xc4\xab\x6e\x67"},
    {0x9DB0, "\x79\x20\x75\xc3\xa1\x6e"},
    {0x9DB1, "\x78\x20\x69\xc4\x81\x6e"},
    {0x9DB2, "\x77\x20\xc4\x93\x6e\x67"},
    {0x9DB3, "\x73\x68\x20\xc4\xab"},
    {0x9DB4, "\x68\x20\xc3\xa8"},
    {0x9DB5, "\x63\x68\x20\xc3\xba"},
    {0x9DB6, "\x74\x20\xc3\xa1\x6e\x67"},
    {0x9DB7, "\x78\x20\x69\xc3\xa1"},
    {0x9DB8, "\x72\x20\x75\xc3\xb2"},
    {0x9DB9, "\x6c\x20\x69\xc3\xba"},
    {0x9DBA, "\x6a\x20\xc3\xad"},
    {0x9DBB, "\x67\x20\xc3\xba"},
    {0x9DBC, "\x6a\x20\x69\xc4\x81\x6e"},
    {0x9DBD, "\x73\x20\xc7\x94\x6e"},
    {0x9DBE, "\x68\x20\xc3\xa0\x6e"},
    {0x9DBF, "\x63\x20\xc3\xad"},
    {0x9DC0, "\x63\x20\xc3\xad"},
    {0x9DC1, "\x79\x20\xc3\xac"},
    {0x9DC2, "\x79\x20\xc3\xa0\x6f"},
    {0x9DC3, "\x79\x20\xc3\xa0\x6e"},
    {0x9DC4, "\x6a\x20\xc4\xab"},
    {0x9DC5, "\x6c\x20\xc3\xac"},
    {0x9DC6, "\x74\x20\x69\xc3\xa1\x6e"},
    {0x9DC7, "\x6b\x20\xc3\xb2\x75"},
    {0x9DC8, "\x74\x20\xc4\xab"},
    {0x9DC9, "\x74\x20\xc4\xab"},
    {0x9DCA, "\x79\x20\xc3\xac"},
    {0x9DCB, "\x74\x20\xc3\xba"},
    {0x9DCC, "\x6d\x20\xc7\x8e"},
    {0x9DCD, "\x78\x20\x69\xc4\x81\x6f"},
    {0x9DCE, "\x67\x20\xc4\x81\x6f"},
    {0x9DCF, "\x74\x20\x69\xc3\xa1\x6e"},
    {0x9DD0, "\x63\x68\x20\xc3\xa9\x6e"},
    {0x9DD1, "\x6a\x20\xc3\xad"},
    {0x9DD2, "\x74\x20\x75\xc3\xa1\x6e"},
    {0x9DD3, "\x7a\x68\x20\xc3\xa8"},
    {0x9DD4, "\xc3\xa1\x6f"},
    {0x9DD5, "\x79\x20\xc7\x8e\x6f"},
    {0x9DD6, "\x79\x20\xc4\xab"},
    {0x9DD7, "\xc5\x8d\x75"},
    {0x9DD8, "\x63\x68\x20\xc3\xac"},
    {0x9DD9, "\x7a\x68\x20\xc3\xac"},
    {0x9DDA, "\x6c\x20\x69\xc3\xb9"},
    {0x9DDB, "\x79\x20\xc5\x8d\x6e\x67"},
    {0x9DDC, "\x6c\x20\xc7\x98"},
    {0x9DDD, "\x62\x20\xc3\xac"},
    {0x9DDE, "\x73\x68\x20\x75\xc4\x81\x6e\x67"},
    {0x9DDF, "\x7a\x68\x20\x75\xc3\xb3"},
    {0x9DE0, "\x79\x20\xc3\xba"},
    {0x9DE1, "\x77\x20\xc3\xba"},
    {0x9DE2, "\x6a\x20\x75\xc3\xa9"},
    {0x9DE3, "\x79\x20\xc3\xad\x6e"},
    {0x9DE4, "\x74\x20\xc3\xad"},
    {0x9DE5, "\x73\x20\xc4\xab"},
    {0x9DE6, "\x6a\x20\x69\xc4\x81\x6f"},
    {0x9DE7, "\x79\x20\xc3\xac"},
    {0x9DE8, "\x68\x20\x75\xc3\xa1"},
    {0x9DE9, "\x62\x20\xc3\xac"},
    {0x9DEA, "\x79\x20\xc4\xab\x6e\x67"},
    {0x9DEB, "\x73\x20\xc3\xb9"},
    {0x9DEC, "\x68\x20\x75\xc3\xa1\x6e\x67"},
    {0x9DED, "\x66\x20\xc3\xa1\x6e"},
    {0x9DEE, "\x6a\x20\x69\xc4\x81\x6f"},
    {0x9DEF, "\x6c\x20\x69\xc3\xa1\x6f"},
    {0x9DF0, "\x79\x20\xc3\xa0\x6e"},
    {0x9DF1, "\x67\x20\xc4\x81\x6f"},
    {0x9DF2, "\x6a\x20\x69\xc3\xb9"},
    {0x9DF3, "\x78\x20\x69\xc3\xa1\x6e"},
    {0x9DF4, "\x78\x20\x69\xc3\xa1\x6e"},
    {0x9DF5, "\x74\x20\xc3\xba"},
    {0x9DF6, "\x6d\x20\xc7\x8e\x69"},
    {0x9DF7, "\x7a\x20\xc5\xab\x6e"},
    {0x9DF8, "\x79\x20\xc3\xb9"},
    {0x9DF9, "\x79\x20\xc4\xab\x6e\x67"},
    {0x9DFA, "\x6c\x20\xc3\xb9"},
    {0x9DFB, "\x74\x20\x75\xc3\xa1\x6e"},
    {0x9DFC, "\x78\x20\x69\xc3\xa1\x6e"},
    {0x9DFD, "\x78\x20\x75\xc3\xa9"},
    {0x9DFE, "\x79\x20\xc3\xac"},
    {0x9DFF, "\x70\x20\xc3\xac"},
    {0x9E00, "\x63\x68\x20\xc7\x94"},
    {0x9E01, "\x6c\x20\x75\xc3\xb3"},
    {0x9E02, "\x78\x20\xc4\xab"},
    {0x9E03, "\x79\x20\xc3\xad"},
    {0x9E04, "\x6a\x20\xc4\xab"},
    {0x9E05, "\x7a\x20\xc3\xa9"},
    {0x9E06, "\x79\x20\xc3\xba"},
    {0x9E07, "\x7a\x68\x20\xc4\x81\x6e"},
    {0x9E08, "\x79\x20\xc3\xa8"},
    {0x9E09, "\x79\x20\xc3\xa1\x6e\x67"},
    {0x9E0A, "\x70\x20\xc3\xac"},
    {0x9E0B, "\x6e\x20\xc3\xad\x6e\x67"},
    {0x9E0C, "\x68\x20\xc3\xb9"},
    {0x9E0D, "\x6d\x20\xc3\xad"},
    {0x9E0E, "\x79\x20\xc4\xab\x6e\x67"},
    {0x9E0F, "\x6d\x20\xc3\xa9\x6e\x67"},
    {0x9E10, "\x64\x20\xc3\xad"},
    {0x9E11, "\x79\x20\x75\xc3\xa8"},
    {0x9E12, "\x79\x20\xc3\xb9"},
    {0x9E13, "\x6c\x20\xc4\x9b\x69"},
    {0x9E14, "\x62\x20\xc7\x94"},
    {0x9E15, "\x6c\x20\xc3\xba"},
    {0x9E16, "\x68\x20\xc3\xa8"},
    {0x9E17, "\x6c\x20\xc3\xb3\x6e\x67"},
    {0x9E18, "\x73\x68\x20\x75\xc4\x81\x6e\x67"},
    {0x9E19, "\x79\x20\x75\xc3\xa8"},
    {0x9E1A, "\x79\x20\xc4\xab\x6e\x67"},
    {0x9E1B, "\x67\x20\x75\xc3\xa0\x6e"},
    {0x9E1C, "\x71\x20\xc3\xba"},
    {0x9E1D, "\x6c\x20\xc3\xad"},
    {0x9E1E, "\x6c\x20\x75\xc3\xa1\x6e"},
    {0x9E1F, "\x6e\x20\x69\xc7\x8e\x6f"},
    {0x9E20, "\x6a\x20\x69\xc5\xab"},
    {0x9E21, "\x6a\x20\xc4\xab"},
    {0x9E22, "\x79\x20\x75\xc4\x81\x6e"},
    {0x9E23, "\x6d\x20\xc3\xad\x6e\x67"},
    {0x9E24, "\x73\x68\x20\xc4\xab"},
    {0x9E25, "\xc5\x8d\x75"},
    {0x9E26, "\x79\x20\xc4\x81"},
    {0x9E27, "\x63\x20\xc4\x81\x6e\x67"},
    {0x9E28, "\x62\x20\xc7\x8e\x6f"},
    {0x9E29, "\x7a\x68\x20\xc3\xa8\x6e"},
    {0x9E2A, "\x67\x20\xc5\xab"},
    {0x9E2B, "\x64\x20\xc5\x8d\x6e\x67"},
    {0x9E2C, "\x6c\x20\xc3\xba"},
    {0x9E2D, "\x79\x20\xc4\x81"},
    {0x9E2E, "\x78\x20\x69\xc4\x81\x6f"},
    {0x9E2F, "\x79\x20\xc4\x81\x6e\x67"},
    {0x9E30, "\x6c\x20\xc3\xad\x6e\x67"},
    {0x9E31, "\x63\x68\x20\xc4\xab"},
    {0x9E32, "\x71\x20\xc3\xba"},
    {0x9E33, "\x79\x20\x75\xc4\x81\x6e"},
    {0x9E34, "\x78\x20\x75\xc3\xa9"},
    {0x9E35, "\x74\x20\x75\xc3\xb3"},
    {0x9E36, "\x73\x20\xc4\xab"},
    {0x9E37, "\x7a\x68\x20\xc3\xac"},
    {0x9E38, "\xc3\xa9\x72"},
    {0x9E39, "\x67\x20\x75\xc4\x81"},
    {0x9E3A, "\x78\x20\x69\xc5\xab"},
    {0x9E3B, "\x68\x20\xc3\xa9\x6e\x67"},
    {0x9E3C, "\x7a\x68\x20\xc5\x8d\x75"},
    {0x9E3D, "\x67\x20\xc4\x93"},
    {0x9E3E, "\x6c\x20\x75\xc3\xa1\x6e"},
    {0x9E3F, "\x68\x20\xc3\xb3\x6e\x67"},
    {0x9E40, "\x77\x20\xc3\xba"},
    {0x9E41, "\x62\x20\xc3\xb3"},
    {0x9E42, "\x6c\x20\xc3\xad"},
    {0x9E43, "\x6a\x20\x75\xc4\x81\x6e"},
    {0x9E44, "\x67\x20\xc7\x94"},
    {0x9E45, "\xc3\xa9"},
    {0x9E46, "\x79\x20\xc3\xb9"},
    {0x9E47, "\x78\x20\x69\xc3\xa1\x6e"},
    {0x9E48, "\x74\x20\xc3\xad"},
    {0x9E49, "\x77\x20\xc7\x94"},
    {0x9E4A, "\x71\x20\x75\xc3\xa8"},
    {0x9E4B, "\x6d\x20\x69\xc3\xa1\x6f"},
    {0x9E4C, "\xc4\x81\x6e"},
    {0x9E4D, "\x6b\x20\xc5\xab\x6e"},
    {0x9E4E, "\x62\x20\xc4\x93\x69"},
    {0x9E4F, "\x70\x20\xc3\xa9\x6e\x67"},
    {0x9E50, "\x71\x20\x69\xc4\x81\x6e"},
    {0x9E51, "\x63\x68\x20\xc3\xba\x6e"},
    {0x9E52, "\x67\x20\xc4\x93\x6e\x67"},
    {0x9E53, "\x79\x20\x75\xc4\x81\x6e"},
    {0x9E54, "\x73\x20\xc3\xb9"},
    {0x9E55, "\x68\x20\xc3\xba"},
    {0x9E56, "\x68\x20\xc3\xa9"},
    {0x9E57, "\xc3\xa8"},
    {0x9E58, "\x67\x20\xc7\x94"},
    {0x9E59, "\x71\x20\x69\xc5\xab"},
    {0x9E5A, "\x63\x20\xc3\xad"},
    {0x9E5B, "\x6d\x20\xc3\xa9\x69"},
    {0x9E5C, "\x77\x20\xc3\xb9"},
    {0x9E5D, "\x79\x20\xc3\xac"},
    {0x9E5E, "\x79\x20\xc3\xa0\x6f"},
    {0x9E5F, "\x77\x20\xc4\x93\x6e\x67"},
    {0x9E60, "\x6c\x20\x69\xc3\xba"},
    {0x9E61, "\x6a\x20\xc3\xad"},
    {0x9E62, "\x79\x20\xc3\xac"},
    {0x9E63, "\x6a\x20\x69\xc4\x81\x6e"},
    {0x9E64, "\x68\x20\xc3\xa8"},
    {0x9E65, "\x79\x20\xc4\xab"},
    {0x9E66, "\x79\x20\xc4\xab\x6e\x67"},
    {0x9E67, "\x7a\x68\x20\xc3\xa8"},
    {0x9E68, "\x6c\x20\x69\xc3\xb9"},
    {0x9E69, "\x6c\x20\x69\xc3\xa1\x6f"},
    {0x9E6A, "\x6a\x20\x69\xc4\x81\x6f"},
    {0x9E6B, "\x6a\x20\x69\xc3\xb9"},
    {0x9E6C, "\x79\x20\xc3\xb9"},
    {0x9E6D, "\x6c\x20\xc3\xb9"},
    {0x9E6E, "\x68\x20\x75\xc3\xa1\x6e"},
    {0x9E6F, "\x7a\x68\x20\xc4\x81\x6e"},
    {0x9E70, "\x79\x20\xc4\xab\x6e\x67"},
    {0x9E71, "\x68\x20\xc3\xb9"},
    {0x9E72, "\x6d\x20\xc3\xa9\x6e\x67"},
    {0x9E73, "\x67\x20\x75\xc3\xa0\x6e"},
    {0x9E74, "\x73\x68\x20\x75\xc4\x81\x6e\x67"},
    {0x9E75, "\x6c\x20\xc7\x94"},
    {0x9E76, "\x6a\x20\xc4\xab\x6e"},
    {0x9E77, "\x6c\x20\xc3\xad\x6e\x67"},
    {0x9E78, "\x6a\x20\x69\xc7\x8e\x6e"},
    {0x9E79, "\x78\x20\x69\xc3\xa1\x6e"},
    {0x9E7A, "\x63\x20\x75\xc3\xb3"},
    {0x9E7B, "\x6a\x20\x69\xc7\x8e\x6e"},
    {0x9E7C, "\x6a\x20\x69\xc7\x8e\x6e"},
    {0x9E7D, "\x79\x20\xc3\xa1\x6e"},
    {0x9E7E, "\x63\x20\x75\xc3\xb3"},
    {0x9E7F, "\x6c\x20\xc3\xb9"},
    {0x9E80, "\x79\x20\xc5\x8d\x75"},
    {0x9E81, "\x63\x20\xc5\xab"},
    {0x9E82, "\x6a\x20\xc7\x90"},
    {0x9E83, "\x70\x20\xc3\xa1\x6f"},
    {0x9E84, "\x63\x20\xc5\xab"},
    {0x9E85, "\x70\x20\xc3\xa1\x6f"},
    {0x9E86, "\x7a\x68\x20\xc3\xb9"},
    {0x9E87, "\x6a\x20\xc5\xab\x6e"},
    {0x9E88, "\x7a\x68\x20\xc7\x94"},
    {0x9E89, "\x6a\x20\x69\xc4\x81\x6e"},
    {0x9E8A, "\x6d\x20\xc3\xad"},
    {0x9E8B, "\x6d\x20\xc3\xad"},
    {0x9E8C, "\x79\x20\xc7\x94"},
    {0x9E8D, "\x6c\x20\x69\xc3\xba"},
    {0x9E8E, "\x63\x68\x20\xc3\xa9\x6e"},
    {0x9E8F, "\x6a\x20\xc5\xab\x6e"},
    {0x9E90, "\x6c\x20\xc3\xad\x6e"},
    {0x9E91, "\x6e\x20\xc3\xad"},
    {0x9E92, "\x71\x20\xc3\xad"},
    {0x9E93, "\x6c\x20\xc3\xb9"},
    {0x9E94, "\x6a\x20\x69\xc3\xb9"},
    {0x9E95, "\x6a\x20\xc5\xab\x6e"},
    {0x9E96, "\x6a\x20\xc4\xab\x6e\x67"},
    {0x9E97, "\x6c\x20\xc3\xac"},
    {0x9E98, "\x78\x20\x69\xc4\x81\x6e\x67"},
    {0x9E99, "\x78\x20\x69\xc3\xa1\x6e"},
    {0x9E9A, "\x6a\x20\x69\xc4\x81"},
    {0x9E9B, "\x6d\x20\xc3\xad"},
    {0x9E9C, "\x6c\x20\xc3\xac"},
    {0x9E9D, "\x73\x68\x20\xc3\xa8"},
    {0x9E9E, "\x7a\x68\x20\xc4\x81\x6e\x67"},
    {0x9E9F, "\x6c\x20\xc3\xad\x6e"},
    {0x9EA0, "\x6a\x20\xc4\xab\x6e\x67"},
    {0x9EA1, "\x71\x20\xc3\xad"},
    {0x9EA2, "\x6c\x20\xc3\xad\x6e\x67"},
    {0x9EA3, "\x79\x20\xc3\xa1\x6e"},
    {0x9EA4, "\x63\x20\xc5\xab"},
    {0x9EA5, "\x6d\x20\xc3\xa0\x69"},
    {0x9EA6, "\x6d\x20\xc3\xa0\x69"},
    {0x9EA7, "\x68\x20\xc3\xa9"},
    {0x9EA8, "\x63\x68\x20\xc7\x8e\x6f"},
    {0x9EA9, "\x66\x20\xc5\xab"},
    {0x9EAA, "\x6d\x20\x69\xc3\xa0\x6e"},
    {0x9EAB, "\x6d\x20\x69\xc3\xa0\x6e"},
    {0x9EAC, "\x66\x20\xc5\xab"},
    {0x9EAD, "\x70\x20\xc3\xa0\x6f"},
    {0x9EAE, "\x71\x20\xc3\xb9"},
    {0x9EAF, "\x71\x20\xc5\xab"},
    {0x9EB0, "\x6d\x20\xc3\xb3\x75"},
    {0x9EB1, "\x66\x20\xc5\xab"},
    {0x9EB2, "\x78\x20\x69\xc3\xa0\x6e"},
    {0x9EB3, "\x6c\x20\xc3\xa1\x69"},
    {0x9EB4, "\x71\x20\xc5\xab"},
    {0x9EB5, "\x6d\x20\x69\xc3\xa0\x6e"},
    {0x9EB6, "\x63\x68\x20\x69"},
    {0x9EB7, "\x66\x20\xc4\x93\x6e\x67"},
    {0x9EB8, "\x66\x20\xc5\xab"},
    {0x9EB9, "\x71\x20\xc5\xab"},
    {0x9EBA, "\x6d\x20\x69\xc3\xa0\x6e"},
    {0x9EBB, "\x6d\x20\xc3\xa1"},
    {0x9EBC, "\x6d\x20\x65"},
    {0x9EBD, "\x6d\x20\xc3\xb3"},
    {0x9EBE, "\x68\x20\x75\xc4\xab"},
    {0x9EBF, "\x6d\x20\xc3\xad"},
    {0x9EC0, "\x7a\x20\xc5\x8d\x75"},
    {0x9EC1, "\x6e\x20\xc3\xba\x6e"},
    {0x9EC2, "\x66\x20\xc3\xa9\x6e"},
    {0x9EC3, "\x68\x20\x75\xc3\xa1\x6e\x67"},
    {0x9EC4, "\x68\x20\x75\xc3\xa1\x6e\x67"},
    {0x9EC5, "\x6a\x20\xc4\xab\x6e"},
    {0x9EC6, "\x67\x20\x75\xc4\x81\x6e\x67"},
    {0x9EC7, "\x74\x20\x69\xc4\x81\x6e"},
    {0x9EC8, "\x74\x20\xc7\x92\x75"},
    {0x9EC9, "\x68\x20\xc3\xb3\x6e\x67"},
    {0x9ECA, "\x68\x20\x75\xc3\xa0"},
    {0x9ECB, "\x6b\x20\x75\xc3\xa0\x6e\x67"},
    {0x9ECC, "\x68\x20\xc3\xb3\x6e\x67"},
    {0x9ECD, "\x73\x68\x20\xc7\x94"},
    {0x9ECE, "\x6c\x20\xc3\xad"},
    {0x9ECF, "\x6e\x20\x69\xc3\xa1\x6e"},
    {0x9ED0, "\x63\x68\x20\xc4\xab"},
    {0x9ED1, "\x68\x20\xc4\x93\x69"},
    {0x9ED2, "\x68\x20\xc4\x93\x69"},
    {0x9ED3, "\x79\x20\xc3\xac"},
    {0x9ED4, "\x71\x20\x69\xc3\xa1\x6e"},
    {0x9ED5, "\x64\x20\xc7\x8e\x6e"},
    {0x9ED6, "\x78\x20\xc3\xac"},
    {0x9ED7, "\x74\x20\xc5\xab\x6e"},
    {0x9ED8, "\x6d\x20\xc3\xb2"},
    {0x9ED9, "\x6d\x20\xc3\xb2"},
    {0x9EDA, "\x71\x20\x69\xc3\xa1\x6e"},
    {0x9EDB, "\x64\x20\xc3\xa0\x69"},
    {0x9EDC, "\x63\x68\x20\xc3\xb9"},
    {0x9EDD, "\x79\x20\xc7\x92\x75"},
    {0x9EDE, "\x64\x20\x69\xc7\x8e\x6e"},
    {0x9EDF, "\x79\x20\xc4\xab"},
    {0x9EE0, "\x78\x20\x69\xc3\xa1"},
    {0x9EE1, "\x79\x20\xc7\x8e\x6e"},
    {0x9EE2, "\x71\x20\xc5\xab"},
    {0x9EE3, "\x6d\x20\xc4\x9b\x69"},
    {0x9EE4, "\x79\x20\xc7\x8e\x6e"},
    {0x9EE5, "\x71\x20\xc3\xad\x6e\x67"},
    {0x9EE6, "\x79\x20\x75\xc3\xa8"},
    {0x9EE7, "\x6c\x20\xc3\xad"},
    {0x9EE8, "\x64\x20\xc7\x8e\x6e\x67"},
    {0x9EE9, "\x64\x20\xc3\xba"},
    {0x9EEA, "\x63\x20\xc7\x8e\x6e"},
    {0x9EEB, "\x79\x20\xc4\x81\x6e"},
    {0x9EEC, "\x79\x20\xc3\xa1\x6e"},
    {0x9EED, "\x79\x20\xc7\x8e\x6e"},
    {0x9EEE, "\x64\x20\xc7\x8e\x6e"},
    {0x9EEF, "\xc3\xa0\x6e"},
    {0x9EF0, "\x7a\x68\x20\xc4\x9b\x6e"},
    {0x9EF1, "\x64\x20\xc3\xa0\x69"},
    {0x9EF2, "\x63\x20\xc7\x8e\x6e"},
    {0x9EF3, "\x79\x20\xc4\xab"},
    {0x9EF4, "\x6d\x20\xc3\xa9\x69"},
    {0x9EF5, "\x7a\x68\x20\xc7\x8e\x6e"},
    {0x9EF6, "\x79\x20\xc7\x8e\x6e"},
    {0x9EF7, "\x64\x20\xc3\xba"},
    {0x9EF8, "\x6c\x20\xc3\xba"},
    {0x9EF9, "\x7a\x68\x20\xc7\x90"},
    {0x9EFA, "\x66\x20\xc4\x9b\x6e"},
    {0x9EFB, "\x66\x20\xc3\xba"},
    {0x9EFC, "\x66\x20\xc7\x94"},
    {0x9EFD, "\x6d\x20\x69\xc7\x8e\x6e"},
    {0x9EFE, "\x6d\x20\xc7\x90\x6e"},
    {0x9EFF, "\x79\x20\x75\xc3\xa1\x6e"},
    {0x9F00, "\x63\x20\xc3\xb9"},
    {0x9F01, "\x71\x20\xc3\xb9"},
    {0x9F02, "\x63\x68\x20\xc3\xa1\x6f"},
    {0x9F03, "\x77\x20\xc4\x81"},
    {0x9F04, "\x7a\x68\x20\xc5\xab"},
    {0x9F05, "\x7a\x68\x20\xc4\xab"},
    {0x9F06, "\x6d\x20\xc3\xa9\x6e\x67"},
    {0x9F07, "\xc3\xa1\x6f"},
    {0x9F08, "\x62\x20\x69\xc4\x93"},
    {0x9F09, "\x74\x20\x75\xc3\xb3"},
    {0x9F0A, "\x62\x20\xc3\xac"},
    {0x9F0B, "\x79\x20\x75\xc3\xa1\x6e"},
    {0x9F0C, "\x63\x68\x20\xc3\xa1\x6f"},
    {0x9F0D, "\x74\x20\x75\xc3\xb3"},
    {0x9F0E, "\x64\x20\xc7\x90\x6e\x67"},
    {0x9F0F, "\x6d\x20\xc3\xac"},
    {0x9F10, "\x6e\x20\xc3\xa0\x69"},
    {0x9F11, "\x64\x20\xc7\x90\x6e\x67"},
    {0x9F12, "\x7a\x20\xc4\xab"},
    {0x9F13, "\x67\x20\xc7\x94"},
    {0x9F14, "\x67\x20\xc7\x94"},
    {0x9F15, "\x64\x20\xc5\x8d\x6e\x67"},
    {0x9F16, "\x66\x20\xc3\xa9\x6e"},
    {0x9F17, "\x74\x20\xc3\xa1\x6f"},
    {0x9F18, "\x79\x20\x75\xc4\x81\x6e"},
    {0x9F19, "\x70\x20\xc3\xad"},
    {0x9F1A, "\x63\x68\x20\xc4\x81\x6e\x67"},
    {0x9F1B, "\x67\x20\xc4\x81\x6f"},
    {0x9F1C, "\x71\x20\xc3\xac"},
    {0x9F1D, "\x79\x20\x75\xc4\x81\x6e"},
    {0x9F1E, "\x74\x20\xc4\x81\x6e\x67"},
    {0x9F1F, "\x74\x20\xc4\x93\x6e\x67"},
    {0x9F20, "\x73\x68\x20\xc7\x94"},
    {0x9F21, "\x73\x68\x20\xc7\x94"},
    {0x9F22, "\x66\x20\xc3\xa9\x6e"},
    {0x9F23, "\x66\x20\xc3\xa8\x69"},
    {0x9F24, "\x77\x20\xc3\xa9\x6e"},
    {0x9F25, "\x62\x20\xc3\xa1"},
    {0x9F26, "\x64\x20\x69\xc4\x81\x6f"},
    {0x9F27, "\x74\x20\x75\xc3\xb3"},
    {0x9F28, "\x7a\x68\x20\xc5\x8d\x6e\x67"},
    {0x9F29, "\x71\x20\xc3\xba"},
    {0x9F2A, "\x73\x68\x20\xc4\x93\x6e\x67"},
    {0x9F2B, "\x73\x68\x20\xc3\xad"},
    {0x9F2C, "\x79\x20\xc3\xb2\x75"},
    {0x9F2D, "\x73\x68\x20\xc3\xad"},
    {0x9F2E, "\x74\x20\xc3\xad\x6e\x67"},
    {0x9F2F, "\x77\x20\xc3\xba"},
    {0x9F30, "\x6a\x20\xc3\xba"},
    {0x9F31, "\x6a\x20\xc4\xab\x6e\x67"},
    {0x9F32, "\x68\x20\xc3\xba\x6e"},
    {0x9F33, "\x6a\x20\xc3\xba"},
    {0x9F34, "\x79\x20\xc7\x8e\x6e"},
    {0x9F35, "\x74\x20\xc5\xab"},
    {0x9F36, "\x73\x20\xc4\xab"},
    {0x9F37, "\x78\x20\xc4\xab"},
    {0x9F38, "\x78\x20\x69\xc3\xa0\x6e"},
    {0x9F39, "\x79\x20\xc7\x8e\x6e"},
    {0x9F3A, "\x6c\x20\xc3\xa9\x69"},
    {0x9F3B, "\x62\x20\xc3\xad"},
    {0x9F3C, "\x79\x20\xc3\xa0\x6f"},
    {0x9F3D, "\x71\x20\x69\xc3\xba"},
    {0x9F3E, "\x68\x20\xc4\x81\x6e"},
    {0x9F3F, "\x77\x20\xc3\xb9"},
    {0x9F40, "\x77\x20\xc3\xb9"},
    {0x9F41, "\x68\x20\xc5\x8d\x75"},
    {0x9F42, "\x78\x20\x69\xc3\xa8"},
    {0x9F43, "\xc3\xa8"},
    {0x9F44, "\x7a\x68\x20\xc4\x81"},
    {0x9F45, "\x78\x20\x69\xc3\xb9"},
    {0x9F46, "\x77\x20\xc3\xa8\x6e\x67"},
    {0x9F47, "\x7a\x68\x20\xc4\x81"},
    {0x9F48, "\x6e\x20\xc3\xb2\x6e\x67"},
    {0x9F49, "\x6e\x20\xc3\xa0\x6e\x67"},
    {0x9F4A, "\x71\x20\xc3\xad"},
    {0x9F4B, "\x7a\x68\x20\xc4\x81\x69"},
    {0x9F4C, "\x6a\x20\xc3\xac"},
    {0x9F4D, "\x7a\x20\xc4\xab"},
    {0x9F4E, "\x6a\x20\xc4\xab"},
    {0x9F4F, "\x6a\x20\xc4\xab"},
    {0x9F50, "\x71\x20\xc3\xad"},
    {0x9F51, "\x6a\x20\xc4\xab"},
    {0x9F52, "\x63\x68\x20\xc7\x90"},
    {0x9F53, "\x63\x68\x20\xc3\xa8\x6e"},
    {0x9F54, "\x63\x68\x20\xc3\xa8\x6e"},
    {0x9F55, "\x68\x20\xc3\xa9"},
    {0x9F56, "\x79\x20\xc3\xa1"},
    {0x9F57, "\x79\x20\xc3\xad\x6e"},
    {0x9F58, "\x78\x20\x69\xc3\xa8"},
    {0x9F59, "\x62\x20\xc4\x81\x6f"},
    {0x9F5A, "\x7a\x20\xc3\xa9"},
    {0x9F5B, "\x78\x20\x69\xc3\xa8"},
    {0x9F5C, "\x63\x68\x20\xc3\xa1\x69"},
    {0x9F5D, "\x63\x68\x20\xc4\xab"},
    {0x9F5E, "\x79\x20\xc7\x8e\x6e"},
    {0x9F5F, "\x6a\x20\xc7\x94"},
    {0x9F60, "\x74\x20\x69\xc3\xa1\x6f"},
    {0x9F61, "\x6c\x20\xc3\xad\x6e\x67"},
    {0x9F62, "\x6c\x20\xc3\xad\x6e\x67"},
    {0x9F63, "\x63\x68\x20\xc5\xab"},
    {0x9F64, "\x71\x20\x75\xc3\xa1\x6e"},
    {0x9F65, "\x78\x20\x69\xc3\xa8"},
    {0x9F66, "\x6b\x20\xc4\x9b\x6e"},
    {0x9F67, "\x6e\x20\x69\xc3\xa8"},
    {0x9F68, "\x6a\x20\x69\xc3\xb9"},
    {0x9F69, "\x79\x20\xc7\x8e\x6f"},
    {0x9F6A, "\x63\x68\x20\x75\xc3\xb2"},
    {0x9F6B, "\x79\x20\xc7\x94\x6e"},
    {0x9F6C, "\x79\x20\xc7\x94"},
    {0x9F6D, "\x63\x68\x20\xc7\x94"},
    {0x9F6E, "\x79\x20\xc7\x90"},
    {0x9F6F, "\x6e\x20\xc3\xad"},
    {0x9F70, "\x7a\x20\xc3\xa9"},
    {0x9F71, "\x7a\x20\xc5\x8d\x75"},
    {0x9F72, "\x71\x20\xc7\x94"},
    {0x9F73, "\x79\x20\xc7\x94\x6e"},
    {0x9F74, "\x79\x20\xc7\x8e\x6e"},
    {0x9F75, "\xc3\xb3\x75"},
    {0x9F76, "\xc3\xa8"},
    {0x9F77, "\x77\x20\xc3\xb2"},
    {0x9F78, "\x79\x20\xc3\xac"},
    {0x9F79, "\x63\x20\xc4\xab"},
    {0x9F7A, "\x7a\x20\xc5\x8d\x75"},
    {0x9F7B, "\x64\x20\x69\xc4\x81\x6e"},
    {0x9F7C, "\x63\x68\x20\xc7\x94"},
    {0x9F7D, "\x6a\x20\xc3\xac\x6e"},
    {0x9F7E, "\x79\x20\xc3\xa0"},
    {0x9F7F, "\x63\x68\x20\xc7\x90"},
    {0x9F80, "\x63\x68\x20\xc3\xa8\x6e"},
    {0x9F81, "\x68\x20\xc3\xa9"},
    {0x9F82, "\x79\x20\xc3\xad\x6e"},
    {0x9F83, "\x6a\x20\xc7\x94"},
    {0x9F84, "\x6c\x20\xc3\xad\x6e\x67"},
    {0x9F85, "\x62\x20\xc4\x81\x6f"},
    {0x9F86, "\x74\x20\x69\xc3\xa1\x6f"},
    {0x9F87, "\x7a\x20\xc4\xab"},
    {0x9F88, "\x6b\x20\xc4\x9b\x6e"},
    {0x9F89, "\x79\x20\xc7\x94"},
    {0x9F8A, "\x63\x68\x20\x75\xc3\xb2"},
    {0x9F8B, "\x71\x20\xc7\x94"},
    {0x9F8C, "\x77\x20\xc3\xb2"},
    {0x9F8D, "\x6c\x20\xc3\xb3\x6e\x67"},
    {0x9F8E, "\x70\x20\xc3\xa1\x6e\x67"},
    {0x9F8F, "\x67\x20\xc5\x8d\x6e\x67"},
    {0x9F90, "\x70\x20\xc3\xa1\x6e\x67"},
    {0x9F91, "\x79\x20\xc7\x8e\x6e"},
    {0x9F92, "\x6c\x20\xc3\xb3\x6e\x67"},
    {0x9F93, "\x6c\x20\xc7\x92\x6e\x67"},
    {0x9F94, "\x67\x20\xc5\x8d\x6e\x67"},
    {0x9F95, "\x6b\x20\xc4\x81\x6e"},
    {0x9F96, "\x64\x20\xc3\xa1"},
    {0x9F97, "\x6c\x20\xc3\xad\x6e\x67"},
    {0x9F98, "\x64\x20\xc3\xa1"},
    {0x9F99, "\x6c\x20\xc3\xb3\x6e\x67"},
    {0x9F9A, "\x67\x20\xc5\x8d\x6e\x67"},
    {0x9F9B, "\x6b\x20\xc4\x81\x6e"},
    {0x9F9C, "\x67\x20\x75\xc4\xab"},
    {0x9F9D, "\x71\x20\x69\xc5\xab"},
    {0x9F9E, "\x62\x20\x69\xc4\x93"},
    {0x9F9F, "\x67\x20\x75\xc4\xab"},
    {0x9FA0, "\x79\x20\x75\xc3\xa8"},
    {0x9FA1, "\x63\x68\x20\x75\xc4\xab"},
    {0x9FA2, "\x68\x20\xc3\xa9"},
    {0x9FA3, "\x6a\x20\x75\xc3\xa9"},
    {0x9FA4, "\x78\x20\x69\xc3\xa9"},
    {0x9FA5, "\x79\x20\xc3\xb9"},
    {0x9FAA, "\x7a\x68\x20\xc4\x81\x6e"},
    {0x9FAC, "\x77\x20\xc7\x8e\x6e\x67"},
    {0x9FB0, "\x7a\x20\xc7\x92\x75"},
    {0x9FB5, "\x73\x68\x20\xc7\x92\x75"},
    {0x9FBB, "\x6c\x20\x75\xc3\xa1\x6e"},
    {0x9FC3, "\x73\x68\x20\xc7\x8e\x6e"},
    {0x9FC4, "\x6c\x20\x69\xc3\xa1\x6e\x67"},
    {0x9FC7, "\x7a\x68\x20\xc4\x93\x6e\x67"},
    {0x9FCC, "\x6c\x20\x69\xc3\xa1\x6e\x67"},
    {0x9FCD, "\x67\x20\xc3\xa0\x6e\x67"},
    {0x9FCE, "\x74\x20\xc7\x8e"},
    {0x9FCF, "\x6d\x20\xc3\xa0\x69"},
    {0x9FD4, "\x67\x20\xc4\x93"},
    {0x9FD5, "\x64\x20\xc4\x81\x6e"},
    {0x9FEB, "\xc3\xa0\x6f"},
    {0x9FEC, "\x74\x20\x69\xc3\xa1\x6e"},
    {0x9FED, "\x6e\x20\xc7\x90"},
    {0x9FF0, "\x68\x20\xc3\xa1\x6e"},
    {0x9FF1, "\x62\x20\xc4\x81"},
    {0x9FF2, "\x6c\x20\xc3\xa1\x6f"},
    {0x9FF3, "\x74\x20\x75\xc3\xb2"},
    {0x9FF4, "\x64\x20\xc5\x8d\x6e\x67"},
    {0x9FF5, "\x7a\x68\x20\xc3\xac"},
    {0x9FF6, "\x6c\x20\xc3\xa1\x6e\x67"},
    {0x9FF7, "\xc3\xa0\x6e"},
    {0x9FF8, "\x74\x20\x75\xc3\xb2"},
    {0x9FF9, "\x6d\x20\xc3\xac"},
    {0x9FFA, "\x6d\x20\xc3\xa0\x69"},
    {0x9FFB, "\x62\x20\xc3\xb9"},
    {0x9FFC, "\x6a\x20\x69\xc4\x81"},
    {0x9FFE, "\x6c\x20\xc3\xa0\x6e\x67"},
    {0x9FFF, "\x78\x20\xc3\xac\x6e\x67"},
};
static const int kG2pCount = 20924;
// kG2pTable 与 kG2pCount 配套，见 g2p_lookup()。
